ISO-10303-21;
HEADER;
FILE_DESCRIPTION(('Open CASCADE Model'),'2;1');
FILE_NAME('Open CASCADE Shape Model','2026-10-08T06:58:26',('Author'),(
    'Open CASCADE'),'Open CASCADE STEP processor 7.8','Open CASCADE 7.8'
  ,'Unknown');
FILE_SCHEMA(('AUTOMOTIVE_DESIGN { 1 0 10303 214 1 1 1 1 }'));
ENDSEC;
DATA;
#1 = APPLICATION_PROTOCOL_DEFINITION('international standard',
  'automotive_design',2000,#2);
#2 = APPLICATION_CONTEXT(
  'core data for automotive mechanical design processes');
#3 = SHAPE_DEFINITION_REPRESENTATION(#4,#10);
#4 = PRODUCT_DEFINITION_SHAPE('','',#5);
#5 = PRODUCT_DEFINITION('design','',#6,#9);
#6 = PRODUCT_DEFINITION_FORMATION('','',#7);
#7 = PRODUCT('BASE_AND_AZIMUTH_SUBASSEMBLY',
  'BASE_AND_AZIMUTH_SUBASSEMBLY','',(#8));
#8 = PRODUCT_CONTEXT('',#2,'mechanical');
#9 = PRODUCT_DEFINITION_CONTEXT('part definition',#2,'design');
#10 = SHAPE_REPRESENTATION('',(#11,#15,#19,#23,#27,#31,#35,#39,#43,#47,
    #51,#55),#59);
#11 = AXIS2_PLACEMENT_3D('',#12,#13,#14);
#12 = CARTESIAN_POINT('',(0.,0.,0.));
#13 = DIRECTION('',(0.,0.,1.));
#14 = DIRECTION('',(1.,0.,-0.));
#15 = AXIS2_PLACEMENT_3D('',#16,#17,#18);
#16 = CARTESIAN_POINT('',(0.,0.,9.));
#17 = DIRECTION('',(0.,0.,1.));
#18 = DIRECTION('',(1.,0.,-0.));
#19 = AXIS2_PLACEMENT_3D('',#20,#21,#22);
#20 = CARTESIAN_POINT('',(0.,0.,29.));
#21 = DIRECTION('',(0.,0.,1.));
#22 = DIRECTION('',(1.,0.,-0.));
#23 = AXIS2_PLACEMENT_3D('',#24,#25,#26);
#24 = CARTESIAN_POINT('',(0.,0.,37.5));
#25 = DIRECTION('',(0.,0.,1.));
#26 = DIRECTION('',(1.,0.,-0.));
#27 = AXIS2_PLACEMENT_3D('',#28,#29,#30);
#28 = CARTESIAN_POINT('',(0.,0.,16.));
#29 = DIRECTION('',(0.,0.,1.));
#30 = DIRECTION('',(1.,0.,-0.));
#31 = AXIS2_PLACEMENT_3D('',#32,#33,#34);
#32 = CARTESIAN_POINT('',(0.,0.,47.));
#33 = DIRECTION('',(0.,0.,1.));
#34 = DIRECTION('',(1.,0.,-0.));
#35 = AXIS2_PLACEMENT_3D('',#36,#37,#38);
#36 = CARTESIAN_POINT('',(0.,0.,47.5));
#37 = DIRECTION('',(0.,0.,1.));
#38 = DIRECTION('',(1.,0.,-0.));
#39 = AXIS2_PLACEMENT_3D('',#40,#41,#42);
#40 = CARTESIAN_POINT('',(0.,0.,60.5));
#41 = DIRECTION('',(0.,0.,1.));
#42 = DIRECTION('',(1.,0.,-0.));
#43 = AXIS2_PLACEMENT_3D('',#44,#45,#46);
#44 = CARTESIAN_POINT('',(0.,0.,89.));
#45 = DIRECTION('',(0.,0.,1.));
#46 = DIRECTION('',(1.,0.,-0.));
#47 = AXIS2_PLACEMENT_3D('',#48,#49,#50);
#48 = CARTESIAN_POINT('',(120.,-165.,-6.5));
#49 = DIRECTION('',(0.,0.,1.));
#50 = DIRECTION('',(1.,0.,-0.));
#51 = AXIS2_PLACEMENT_3D('',#52,#53,#54);
#52 = CARTESIAN_POINT('',(120.,-165.,-46.));
#53 = DIRECTION('',(0.,0.,1.));
#54 = DIRECTION('',(1.,0.,-0.));
#55 = AXIS2_PLACEMENT_3D('',#56,#57,#58);
#56 = CARTESIAN_POINT('',(120.,-165.,19.));
#57 = DIRECTION('',(0.,0.,1.));
#58 = DIRECTION('',(1.,0.,-0.));
#59 = ( GEOMETRIC_REPRESENTATION_CONTEXT(3) 
GLOBAL_UNCERTAINTY_ASSIGNED_CONTEXT((#63)) GLOBAL_UNIT_ASSIGNED_CONTEXT(
(#60,#61,#62)) REPRESENTATION_CONTEXT('Context #1',
  '3D Context with UNIT and UNCERTAINTY') );
#60 = ( LENGTH_UNIT() NAMED_UNIT(*) SI_UNIT(.MILLI.,.METRE.) );
#61 = ( NAMED_UNIT(*) PLANE_ANGLE_UNIT() SI_UNIT($,.RADIAN.) );
#62 = ( NAMED_UNIT(*) SI_UNIT($,.STERADIAN.) SOLID_ANGLE_UNIT() );
#63 = UNCERTAINTY_MEASURE_WITH_UNIT(LENGTH_MEASURE(1.E-07),#60,
  'distance_accuracy_value','confusion accuracy');
#64 = PRODUCT_RELATED_PRODUCT_CATEGORY('part',$,(#7));
#65 = SHAPE_DEFINITION_REPRESENTATION(#66,#72);
#66 = PRODUCT_DEFINITION_SHAPE('','',#67);
#67 = PRODUCT_DEFINITION('design','',#68,#71);
#68 = PRODUCT_DEFINITION_FORMATION('','',#69);
#69 = PRODUCT('01_fixed_base_plate','01_fixed_base_plate','',(#70));
#70 = PRODUCT_CONTEXT('',#2,'mechanical');
#71 = PRODUCT_DEFINITION_CONTEXT('part definition',#2,'design');
#72 = ADVANCED_BREP_SHAPE_REPRESENTATION('',(#11,#73),#2563);
#73 = MANIFOLD_SOLID_BREP('',#74);
#74 = CLOSED_SHELL('',(#75,#163,#1077,#1861,#1888,#1915,#1942,#1969,
    #1996,#2023,#2050,#2077,#2104,#2131,#2158,#2185,#2212,#2239,#2266,
    #2293,#2320,#2347,#2374,#2401,#2428,#2455,#2482,#2509,#2536));
#75 = ADVANCED_FACE('',(#76),#89,.T.);
#76 = FACE_BOUND('',#77,.T.);
#77 = EDGE_LOOP('',(#78,#112,#135,#162));
#78 = ORIENTED_EDGE('',*,*,#79,.T.);
#79 = EDGE_CURVE('',#80,#80,#82,.T.);
#80 = VERTEX_POINT('',#81);
#81 = CARTESIAN_POINT('',(250.,0.,-9.));
#82 = SURFACE_CURVE('',#83,(#88,#100),.PCURVE_S1.);
#83 = CIRCLE('',#84,250.);
#84 = AXIS2_PLACEMENT_3D('',#85,#86,#87);
#85 = CARTESIAN_POINT('',(0.,0.,-9.));
#86 = DIRECTION('',(0.,0.,1.));
#87 = DIRECTION('',(1.,0.,-0.));
#88 = PCURVE('',#89,#94);
#89 = CYLINDRICAL_SURFACE('',#90,250.);
#90 = AXIS2_PLACEMENT_3D('',#91,#92,#93);
#91 = CARTESIAN_POINT('',(0.,0.,-9.));
#92 = DIRECTION('',(-0.,-0.,-1.));
#93 = DIRECTION('',(1.,0.,0.));
#94 = DEFINITIONAL_REPRESENTATION('',(#95),#99);
#95 = LINE('',#96,#97);
#96 = CARTESIAN_POINT('',(6.28318530718,0.));
#97 = VECTOR('',#98,1.);
#98 = DIRECTION('',(-1.,0.));
#99 = ( GEOMETRIC_REPRESENTATION_CONTEXT(2) 
PARAMETRIC_REPRESENTATION_CONTEXT() REPRESENTATION_CONTEXT('2D SPACE',''
  ) );
#100 = PCURVE('',#101,#106);
#101 = PLANE('',#102);
#102 = AXIS2_PLACEMENT_3D('',#103,#104,#105);
#103 = CARTESIAN_POINT('',(-1.120206956576E-14,1.219874913863E-14,-9.));
#104 = DIRECTION('',(0.,0.,1.));
#105 = DIRECTION('',(1.,0.,-0.));
#106 = DEFINITIONAL_REPRESENTATION('',(#107),#111);
#107 = CIRCLE('',#108,250.);
#108 = AXIS2_PLACEMENT_2D('',#109,#110);
#109 = CARTESIAN_POINT('',(1.120206956576E-14,-1.219874913863E-14));
#110 = DIRECTION('',(1.,0.));
#111 = ( GEOMETRIC_REPRESENTATION_CONTEXT(2) 
PARAMETRIC_REPRESENTATION_CONTEXT() REPRESENTATION_CONTEXT('2D SPACE',''
  ) );
#112 = ORIENTED_EDGE('',*,*,#113,.T.);
#113 = EDGE_CURVE('',#80,#114,#116,.T.);
#114 = VERTEX_POINT('',#115);
#115 = CARTESIAN_POINT('',(250.,0.,9.));
#116 = SEAM_CURVE('',#117,(#121,#128),.PCURVE_S1.);
#117 = LINE('',#118,#119);
#118 = CARTESIAN_POINT('',(250.,0.,-9.));
#119 = VECTOR('',#120,1.);
#120 = DIRECTION('',(0.,0.,1.));
#121 = PCURVE('',#89,#122);
#122 = DEFINITIONAL_REPRESENTATION('',(#123),#127);
#123 = LINE('',#124,#125);
#124 = CARTESIAN_POINT('',(-4.138911435803E-13,0.));
#125 = VECTOR('',#126,1.);
#126 = DIRECTION('',(-0.,-1.));
#127 = ( GEOMETRIC_REPRESENTATION_CONTEXT(2) 
PARAMETRIC_REPRESENTATION_CONTEXT() REPRESENTATION_CONTEXT('2D SPACE',''
  ) );
#128 = PCURVE('',#89,#129);
#129 = DEFINITIONAL_REPRESENTATION('',(#130),#134);
#130 = LINE('',#131,#132);
#131 = CARTESIAN_POINT('',(6.28318530718,0.));
#132 = VECTOR('',#133,1.);
#133 = DIRECTION('',(-0.,-1.));
#134 = ( GEOMETRIC_REPRESENTATION_CONTEXT(2) 
PARAMETRIC_REPRESENTATION_CONTEXT() REPRESENTATION_CONTEXT('2D SPACE',''
  ) );
#135 = ORIENTED_EDGE('',*,*,#136,.F.);
#136 = EDGE_CURVE('',#114,#114,#137,.T.);
#137 = SURFACE_CURVE('',#138,(#143,#150),.PCURVE_S1.);
#138 = CIRCLE('',#139,250.);
#139 = AXIS2_PLACEMENT_3D('',#140,#141,#142);
#140 = CARTESIAN_POINT('',(0.,0.,9.));
#141 = DIRECTION('',(0.,0.,1.));
#142 = DIRECTION('',(1.,0.,-0.));
#143 = PCURVE('',#89,#144);
#144 = DEFINITIONAL_REPRESENTATION('',(#145),#149);
#145 = LINE('',#146,#147);
#146 = CARTESIAN_POINT('',(6.28318530718,-18.));
#147 = VECTOR('',#148,1.);
#148 = DIRECTION('',(-1.,0.));
#149 = ( GEOMETRIC_REPRESENTATION_CONTEXT(2) 
PARAMETRIC_REPRESENTATION_CONTEXT() REPRESENTATION_CONTEXT('2D SPACE',''
  ) );
#150 = PCURVE('',#151,#156);
#151 = PLANE('',#152);
#152 = AXIS2_PLACEMENT_3D('',#153,#154,#155);
#153 = CARTESIAN_POINT('',(-1.120206956576E-14,1.219874913863E-14,9.));
#154 = DIRECTION('',(0.,0.,1.));
#155 = DIRECTION('',(1.,0.,-0.));
#156 = DEFINITIONAL_REPRESENTATION('',(#157),#161);
#157 = CIRCLE('',#158,250.);
#158 = AXIS2_PLACEMENT_2D('',#159,#160);
#159 = CARTESIAN_POINT('',(1.120206956576E-14,-1.219874913863E-14));
#160 = DIRECTION('',(1.,0.));
#161 = ( GEOMETRIC_REPRESENTATION_CONTEXT(2) 
PARAMETRIC_REPRESENTATION_CONTEXT() REPRESENTATION_CONTEXT('2D SPACE',''
  ) );
#162 = ORIENTED_EDGE('',*,*,#113,.F.);
#163 = ADVANCED_FACE('',(#164,#167,#202,#237,#272,#307,#342,#377,#412,
    #447,#482,#517,#552,#587,#622,#657,#692,#727,#762,#797,#832,#867,
    #902,#937,#972,#1007,#1042),#101,.F.);
#164 = FACE_BOUND('',#165,.F.);
#165 = EDGE_LOOP('',(#166));
#166 = ORIENTED_EDGE('',*,*,#79,.T.);
#167 = FACE_BOUND('',#168,.F.);
#168 = EDGE_LOOP('',(#169));
#169 = ORIENTED_EDGE('',*,*,#170,.T.);
#170 = EDGE_CURVE('',#171,#171,#173,.T.);
#171 = VERTEX_POINT('',#172);
#172 = CARTESIAN_POINT('',(-158.1345596729,-162.6345596729,-9.));
#173 = SURFACE_CURVE('',#174,(#179,#190),.PCURVE_S1.);
#174 = CIRCLE('',#175,4.5);
#175 = AXIS2_PLACEMENT_3D('',#176,#177,#178);
#176 = CARTESIAN_POINT('',(-162.6345596729,-162.6345596729,-9.));
#177 = DIRECTION('',(0.,0.,-1.));
#178 = DIRECTION('',(1.,0.,0.));
#179 = PCURVE('',#101,#180);
#180 = DEFINITIONAL_REPRESENTATION('',(#181),#189);
#181 = ( BOUNDED_CURVE() B_SPLINE_CURVE(2,(#182,#183,#184,#185,#186,#187
,#188),.UNSPECIFIED.,.T.,.F.) B_SPLINE_CURVE_WITH_KNOTS((1,2,2,2,2,1),(
    -2.094395102393,0.,2.094395102393,4.188790204786,6.28318530718,
8.377580409573),.UNSPECIFIED.) CURVE() GEOMETRIC_REPRESENTATION_ITEM() 
RATIONAL_B_SPLINE_CURVE((1.,0.5,1.,0.5,1.,0.5,1.)) REPRESENTATION_ITEM(
  '') );
#182 = CARTESIAN_POINT('',(-158.1345596729,-162.6345596729));
#183 = CARTESIAN_POINT('',(-158.1345596729,-170.4287883069));
#184 = CARTESIAN_POINT('',(-164.8845596729,-166.5316739899));
#185 = CARTESIAN_POINT('',(-171.6345596729,-162.6345596729));
#186 = CARTESIAN_POINT('',(-164.8845596729,-158.7374453558));
#187 = CARTESIAN_POINT('',(-158.1345596729,-154.8403310388));
#188 = CARTESIAN_POINT('',(-158.1345596729,-162.6345596729));
#189 = ( GEOMETRIC_REPRESENTATION_CONTEXT(2) 
PARAMETRIC_REPRESENTATION_CONTEXT() REPRESENTATION_CONTEXT('2D SPACE',''
  ) );
#190 = PCURVE('',#191,#196);
#191 = CYLINDRICAL_SURFACE('',#192,4.5);
#192 = AXIS2_PLACEMENT_3D('',#193,#194,#195);
#193 = CARTESIAN_POINT('',(-162.6345596729,-162.6345596729,-10.));
#194 = DIRECTION('',(-0.,-0.,-1.));
#195 = DIRECTION('',(1.,0.,0.));
#196 = DEFINITIONAL_REPRESENTATION('',(#197),#201);
#197 = LINE('',#198,#199);
#198 = CARTESIAN_POINT('',(-4.138911435803E-13,-1.));
#199 = VECTOR('',#200,1.);
#200 = DIRECTION('',(1.,-0.));
#201 = ( GEOMETRIC_REPRESENTATION_CONTEXT(2) 
PARAMETRIC_REPRESENTATION_CONTEXT() REPRESENTATION_CONTEXT('2D SPACE',''
  ) );
#202 = FACE_BOUND('',#203,.F.);
#203 = EDGE_LOOP('',(#204));
#204 = ORIENTED_EDGE('',*,*,#205,.T.);
#205 = EDGE_CURVE('',#206,#206,#208,.T.);
#206 = VERTEX_POINT('',#207);
#207 = CARTESIAN_POINT('',(-55.02838037358,-222.1629400464,-9.));
#208 = SURFACE_CURVE('',#209,(#214,#225),.PCURVE_S1.);
#209 = CIRCLE('',#210,4.5);
#210 = AXIS2_PLACEMENT_3D('',#211,#212,#213);
#211 = CARTESIAN_POINT('',(-59.52838037358,-222.1629400464,-9.));
#212 = DIRECTION('',(0.,0.,-1.));
#213 = DIRECTION('',(1.,0.,0.));
#214 = PCURVE('',#101,#215);
#215 = DEFINITIONAL_REPRESENTATION('',(#216),#224);
#216 = ( BOUNDED_CURVE() B_SPLINE_CURVE(2,(#217,#218,#219,#220,#221,#222
,#223),.UNSPECIFIED.,.T.,.F.) B_SPLINE_CURVE_WITH_KNOTS((1,2,2,2,2,1),(
    -2.094395102393,0.,2.094395102393,4.188790204786,6.28318530718,
8.377580409573),.UNSPECIFIED.) CURVE() GEOMETRIC_REPRESENTATION_ITEM() 
RATIONAL_B_SPLINE_CURVE((1.,0.5,1.,0.5,1.,0.5,1.)) REPRESENTATION_ITEM(
  '') );
#217 = CARTESIAN_POINT('',(-55.02838037358,-222.1629400464));
#218 = CARTESIAN_POINT('',(-55.02838037358,-229.9571686804));
#219 = CARTESIAN_POINT('',(-61.77838037358,-226.0600543634));
#220 = CARTESIAN_POINT('',(-68.52838037358,-222.1629400464));
#221 = CARTESIAN_POINT('',(-61.77838037358,-218.2658257293));
#222 = CARTESIAN_POINT('',(-55.02838037358,-214.3687114123));
#223 = CARTESIAN_POINT('',(-55.02838037358,-222.1629400464));
#224 = ( GEOMETRIC_REPRESENTATION_CONTEXT(2) 
PARAMETRIC_REPRESENTATION_CONTEXT() REPRESENTATION_CONTEXT('2D SPACE',''
  ) );
#225 = PCURVE('',#226,#231);
#226 = CYLINDRICAL_SURFACE('',#227,4.5);
#227 = AXIS2_PLACEMENT_3D('',#228,#229,#230);
#228 = CARTESIAN_POINT('',(-59.52838037358,-222.1629400464,-10.));
#229 = DIRECTION('',(-0.,-0.,-1.));
#230 = DIRECTION('',(1.,0.,0.));
#231 = DEFINITIONAL_REPRESENTATION('',(#232),#236);
#232 = LINE('',#233,#234);
#233 = CARTESIAN_POINT('',(-4.138911435803E-13,-1.));
#234 = VECTOR('',#235,1.);
#235 = DIRECTION('',(1.,-0.));
#236 = ( GEOMETRIC_REPRESENTATION_CONTEXT(2) 
PARAMETRIC_REPRESENTATION_CONTEXT() REPRESENTATION_CONTEXT('2D SPACE',''
  ) );
#237 = FACE_BOUND('',#238,.F.);
#238 = EDGE_LOOP('',(#239));
#239 = ORIENTED_EDGE('',*,*,#240,.T.);
#240 = EDGE_CURVE('',#241,#241,#243,.T.);
#241 = VERTEX_POINT('',#242);
#242 = CARTESIAN_POINT('',(-61.96960066389,-161.6789181894,-9.));
#243 = SURFACE_CURVE('',#244,(#249,#260),.PCURVE_S1.);
#244 = CIRCLE('',#245,5.);
#245 = AXIS2_PLACEMENT_3D('',#246,#247,#248);
#246 = CARTESIAN_POINT('',(-66.96960066389,-161.6789181894,-9.));
#247 = DIRECTION('',(0.,0.,-1.));
#248 = DIRECTION('',(1.,0.,0.));
#249 = PCURVE('',#101,#250);
#250 = DEFINITIONAL_REPRESENTATION('',(#251),#259);
#251 = ( BOUNDED_CURVE() B_SPLINE_CURVE(2,(#252,#253,#254,#255,#256,#257
,#258),.UNSPECIFIED.,.T.,.F.) B_SPLINE_CURVE_WITH_KNOTS((1,2,2,2,2,1),(
    -2.094395102393,0.,2.094395102393,4.188790204786,6.28318530718,
8.377580409573),.UNSPECIFIED.) CURVE() GEOMETRIC_REPRESENTATION_ITEM() 
RATIONAL_B_SPLINE_CURVE((1.,0.5,1.,0.5,1.,0.5,1.)) REPRESENTATION_ITEM(
  '') );
#252 = CARTESIAN_POINT('',(-61.96960066389,-161.6789181894));
#253 = CARTESIAN_POINT('',(-61.96960066389,-170.3391722272));
#254 = CARTESIAN_POINT('',(-69.46960066389,-166.0090452083));
#255 = CARTESIAN_POINT('',(-76.96960066389,-161.6789181894));
#256 = CARTESIAN_POINT('',(-69.46960066389,-157.3487911704));
#257 = CARTESIAN_POINT('',(-61.96960066389,-153.0186641515));
#258 = CARTESIAN_POINT('',(-61.96960066389,-161.6789181894));
#259 = ( GEOMETRIC_REPRESENTATION_CONTEXT(2) 
PARAMETRIC_REPRESENTATION_CONTEXT() REPRESENTATION_CONTEXT('2D SPACE',''
  ) );
#260 = PCURVE('',#261,#266);
#261 = CYLINDRICAL_SURFACE('',#262,5.);
#262 = AXIS2_PLACEMENT_3D('',#263,#264,#265);
#263 = CARTESIAN_POINT('',(-66.96960066389,-161.6789181894,-10.));
#264 = DIRECTION('',(-0.,-0.,-1.));
#265 = DIRECTION('',(1.,0.,0.));
#266 = DEFINITIONAL_REPRESENTATION('',(#267),#271);
#267 = LINE('',#268,#269);
#268 = CARTESIAN_POINT('',(-4.138911435803E-13,-1.));
#269 = VECTOR('',#270,1.);
#270 = DIRECTION('',(1.,-0.));
#271 = ( GEOMETRIC_REPRESENTATION_CONTEXT(2) 
PARAMETRIC_REPRESENTATION_CONTEXT() REPRESENTATION_CONTEXT('2D SPACE',''
  ) );
#272 = FACE_BOUND('',#273,.F.);
#273 = EDGE_LOOP('',(#274));
#274 = ORIENTED_EDGE('',*,*,#275,.T.);
#275 = EDGE_CURVE('',#276,#276,#278,.T.);
#276 = VERTEX_POINT('',#277);
#277 = CARTESIAN_POINT('',(-217.6629400464,-59.52838037358,-9.));
#278 = SURFACE_CURVE('',#279,(#284,#295),.PCURVE_S1.);
#279 = CIRCLE('',#280,4.5);
#280 = AXIS2_PLACEMENT_3D('',#281,#282,#283);
#281 = CARTESIAN_POINT('',(-222.1629400464,-59.52838037358,-9.));
#282 = DIRECTION('',(0.,0.,-1.));
#283 = DIRECTION('',(1.,0.,0.));
#284 = PCURVE('',#101,#285);
#285 = DEFINITIONAL_REPRESENTATION('',(#286),#294);
#286 = ( BOUNDED_CURVE() B_SPLINE_CURVE(2,(#287,#288,#289,#290,#291,#292
,#293),.UNSPECIFIED.,.T.,.F.) B_SPLINE_CURVE_WITH_KNOTS((1,2,2,2,2,1),(
    -2.094395102393,0.,2.094395102393,4.188790204786,6.28318530718,
8.377580409573),.UNSPECIFIED.) CURVE() GEOMETRIC_REPRESENTATION_ITEM() 
RATIONAL_B_SPLINE_CURVE((1.,0.5,1.,0.5,1.,0.5,1.)) REPRESENTATION_ITEM(
  '') );
#287 = CARTESIAN_POINT('',(-217.6629400464,-59.52838037358));
#288 = CARTESIAN_POINT('',(-217.6629400464,-67.32260900764));
#289 = CARTESIAN_POINT('',(-224.4129400464,-63.42549469061));
#290 = CARTESIAN_POINT('',(-231.1629400464,-59.52838037358));
#291 = CARTESIAN_POINT('',(-224.4129400464,-55.63126605655));
#292 = CARTESIAN_POINT('',(-217.6629400464,-51.73415173952));
#293 = CARTESIAN_POINT('',(-217.6629400464,-59.52838037358));
#294 = ( GEOMETRIC_REPRESENTATION_CONTEXT(2) 
PARAMETRIC_REPRESENTATION_CONTEXT() REPRESENTATION_CONTEXT('2D SPACE',''
  ) );
#295 = PCURVE('',#296,#301);
#296 = CYLINDRICAL_SURFACE('',#297,4.5);
#297 = AXIS2_PLACEMENT_3D('',#298,#299,#300);
#298 = CARTESIAN_POINT('',(-222.1629400464,-59.52838037358,-10.));
#299 = DIRECTION('',(-0.,-0.,-1.));
#300 = DIRECTION('',(1.,0.,0.));
#301 = DEFINITIONAL_REPRESENTATION('',(#302),#306);
#302 = LINE('',#303,#304);
#303 = CARTESIAN_POINT('',(-4.138911435803E-13,-1.));
#304 = VECTOR('',#305,1.);
#305 = DIRECTION('',(1.,-0.));
#306 = ( GEOMETRIC_REPRESENTATION_CONTEXT(2) 
PARAMETRIC_REPRESENTATION_CONTEXT() REPRESENTATION_CONTEXT('2D SPACE',''
  ) );
#307 = FACE_BOUND('',#308,.F.);
#308 = EDGE_LOOP('',(#309));
#309 = ORIENTED_EDGE('',*,*,#310,.T.);
#310 = EDGE_CURVE('',#311,#311,#313,.T.);
#311 = VERTEX_POINT('',#312);
#312 = CARTESIAN_POINT('',(-156.6789181894,-66.96960066389,-9.));
#313 = SURFACE_CURVE('',#314,(#319,#330),.PCURVE_S1.);
#314 = CIRCLE('',#315,5.);
#315 = AXIS2_PLACEMENT_3D('',#316,#317,#318);
#316 = CARTESIAN_POINT('',(-161.6789181894,-66.96960066389,-9.));
#317 = DIRECTION('',(0.,0.,-1.));
#318 = DIRECTION('',(1.,0.,0.));
#319 = PCURVE('',#101,#320);
#320 = DEFINITIONAL_REPRESENTATION('',(#321),#329);
#321 = ( BOUNDED_CURVE() B_SPLINE_CURVE(2,(#322,#323,#324,#325,#326,#327
,#328),.UNSPECIFIED.,.T.,.F.) B_SPLINE_CURVE_WITH_KNOTS((1,2,2,2,2,1),(
    -2.094395102393,0.,2.094395102393,4.188790204786,6.28318530718,
8.377580409573),.UNSPECIFIED.) CURVE() GEOMETRIC_REPRESENTATION_ITEM() 
RATIONAL_B_SPLINE_CURVE((1.,0.5,1.,0.5,1.,0.5,1.)) REPRESENTATION_ITEM(
  '') );
#322 = CARTESIAN_POINT('',(-156.6789181894,-66.96960066389));
#323 = CARTESIAN_POINT('',(-156.6789181894,-75.62985470173));
#324 = CARTESIAN_POINT('',(-164.1789181894,-71.29972768281));
#325 = CARTESIAN_POINT('',(-171.6789181894,-66.96960066389));
#326 = CARTESIAN_POINT('',(-164.1789181894,-62.63947364496));
#327 = CARTESIAN_POINT('',(-156.6789181894,-58.30934662604));
#328 = CARTESIAN_POINT('',(-156.6789181894,-66.96960066389));
#329 = ( GEOMETRIC_REPRESENTATION_CONTEXT(2) 
PARAMETRIC_REPRESENTATION_CONTEXT() REPRESENTATION_CONTEXT('2D SPACE',''
  ) );
#330 = PCURVE('',#331,#336);
#331 = CYLINDRICAL_SURFACE('',#332,5.);
#332 = AXIS2_PLACEMENT_3D('',#333,#334,#335);
#333 = CARTESIAN_POINT('',(-161.6789181894,-66.96960066389,-10.));
#334 = DIRECTION('',(-0.,-0.,-1.));
#335 = DIRECTION('',(1.,0.,0.));
#336 = DEFINITIONAL_REPRESENTATION('',(#337),#341);
#337 = LINE('',#338,#339);
#338 = CARTESIAN_POINT('',(-4.138911435803E-13,-1.));
#339 = VECTOR('',#340,1.);
#340 = DIRECTION('',(1.,-0.));
#341 = ( GEOMETRIC_REPRESENTATION_CONTEXT(2) 
PARAMETRIC_REPRESENTATION_CONTEXT() REPRESENTATION_CONTEXT('2D SPACE',''
  ) );
#342 = FACE_BOUND('',#343,.F.);
#343 = EDGE_LOOP('',(#344));
#344 = ORIENTED_EDGE('',*,*,#345,.T.);
#345 = EDGE_CURVE('',#346,#346,#348,.T.);
#346 = VERTEX_POINT('',#347);
#347 = CARTESIAN_POINT('',(64.02838037358,-222.1629400464,-9.));
#348 = SURFACE_CURVE('',#349,(#354,#365),.PCURVE_S1.);
#349 = CIRCLE('',#350,4.5);
#350 = AXIS2_PLACEMENT_3D('',#351,#352,#353);
#351 = CARTESIAN_POINT('',(59.52838037358,-222.1629400464,-9.));
#352 = DIRECTION('',(0.,0.,-1.));
#353 = DIRECTION('',(1.,0.,0.));
#354 = PCURVE('',#101,#355);
#355 = DEFINITIONAL_REPRESENTATION('',(#356),#364);
#356 = ( BOUNDED_CURVE() B_SPLINE_CURVE(2,(#357,#358,#359,#360,#361,#362
,#363),.UNSPECIFIED.,.T.,.F.) B_SPLINE_CURVE_WITH_KNOTS((1,2,2,2,2,1),(
    -2.094395102393,0.,2.094395102393,4.188790204786,6.28318530718,
8.377580409573),.UNSPECIFIED.) CURVE() GEOMETRIC_REPRESENTATION_ITEM() 
RATIONAL_B_SPLINE_CURVE((1.,0.5,1.,0.5,1.,0.5,1.)) REPRESENTATION_ITEM(
  '') );
#357 = CARTESIAN_POINT('',(64.02838037358,-222.1629400464));
#358 = CARTESIAN_POINT('',(64.02838037358,-229.9571686804));
#359 = CARTESIAN_POINT('',(57.27838037358,-226.0600543634));
#360 = CARTESIAN_POINT('',(50.52838037358,-222.1629400464));
#361 = CARTESIAN_POINT('',(57.27838037358,-218.2658257293));
#362 = CARTESIAN_POINT('',(64.02838037358,-214.3687114123));
#363 = CARTESIAN_POINT('',(64.02838037358,-222.1629400464));
#364 = ( GEOMETRIC_REPRESENTATION_CONTEXT(2) 
PARAMETRIC_REPRESENTATION_CONTEXT() REPRESENTATION_CONTEXT('2D SPACE',''
  ) );
#365 = PCURVE('',#366,#371);
#366 = CYLINDRICAL_SURFACE('',#367,4.5);
#367 = AXIS2_PLACEMENT_3D('',#368,#369,#370);
#368 = CARTESIAN_POINT('',(59.52838037358,-222.1629400464,-10.));
#369 = DIRECTION('',(-0.,-0.,-1.));
#370 = DIRECTION('',(1.,0.,0.));
#371 = DEFINITIONAL_REPRESENTATION('',(#372),#376);
#372 = LINE('',#373,#374);
#373 = CARTESIAN_POINT('',(-4.138911435803E-13,-1.));
#374 = VECTOR('',#375,1.);
#375 = DIRECTION('',(1.,-0.));
#376 = ( GEOMETRIC_REPRESENTATION_CONTEXT(2) 
PARAMETRIC_REPRESENTATION_CONTEXT() REPRESENTATION_CONTEXT('2D SPACE',''
  ) );
#377 = FACE_BOUND('',#378,.F.);
#378 = EDGE_LOOP('',(#379));
#379 = ORIENTED_EDGE('',*,*,#380,.T.);
#380 = EDGE_CURVE('',#381,#381,#383,.T.);
#381 = VERTEX_POINT('',#382);
#382 = CARTESIAN_POINT('',(94.5,-190.,-9.));
#383 = SURFACE_CURVE('',#384,(#389,#400),.PCURVE_S1.);
#384 = CIRCLE('',#385,4.5);
#385 = AXIS2_PLACEMENT_3D('',#386,#387,#388);
#386 = CARTESIAN_POINT('',(90.,-190.,-9.));
#387 = DIRECTION('',(0.,0.,-1.));
#388 = DIRECTION('',(1.,0.,0.));
#389 = PCURVE('',#101,#390);
#390 = DEFINITIONAL_REPRESENTATION('',(#391),#399);
#391 = ( BOUNDED_CURVE() B_SPLINE_CURVE(2,(#392,#393,#394,#395,#396,#397
,#398),.UNSPECIFIED.,.T.,.F.) B_SPLINE_CURVE_WITH_KNOTS((1,2,2,2,2,1),(
    -2.094395102393,0.,2.094395102393,4.188790204786,6.28318530718,
8.377580409573),.UNSPECIFIED.) CURVE() GEOMETRIC_REPRESENTATION_ITEM() 
RATIONAL_B_SPLINE_CURVE((1.,0.5,1.,0.5,1.,0.5,1.)) REPRESENTATION_ITEM(
  '') );
#392 = CARTESIAN_POINT('',(94.5,-190.));
#393 = CARTESIAN_POINT('',(94.5,-197.794228634));
#394 = CARTESIAN_POINT('',(87.75,-193.897114317));
#395 = CARTESIAN_POINT('',(81.,-190.));
#396 = CARTESIAN_POINT('',(87.75,-186.1028856829));
#397 = CARTESIAN_POINT('',(94.5,-182.2057713659));
#398 = CARTESIAN_POINT('',(94.5,-190.));
#399 = ( GEOMETRIC_REPRESENTATION_CONTEXT(2) 
PARAMETRIC_REPRESENTATION_CONTEXT() REPRESENTATION_CONTEXT('2D SPACE',''
  ) );
#400 = PCURVE('',#401,#406);
#401 = CYLINDRICAL_SURFACE('',#402,4.5);
#402 = AXIS2_PLACEMENT_3D('',#403,#404,#405);
#403 = CARTESIAN_POINT('',(90.,-190.,-10.));
#404 = DIRECTION('',(-0.,-0.,-1.));
#405 = DIRECTION('',(1.,0.,0.));
#406 = DEFINITIONAL_REPRESENTATION('',(#407),#411);
#407 = LINE('',#408,#409);
#408 = CARTESIAN_POINT('',(-4.138911435803E-13,-1.));
#409 = VECTOR('',#410,1.);
#410 = DIRECTION('',(1.,-0.));
#411 = ( GEOMETRIC_REPRESENTATION_CONTEXT(2) 
PARAMETRIC_REPRESENTATION_CONTEXT() REPRESENTATION_CONTEXT('2D SPACE',''
  ) );
#412 = FACE_BOUND('',#413,.F.);
#413 = EDGE_LOOP('',(#414));
#414 = ORIENTED_EDGE('',*,*,#415,.T.);
#415 = EDGE_CURVE('',#416,#416,#418,.T.);
#416 = VERTEX_POINT('',#417);
#417 = CARTESIAN_POINT('',(71.969600663891,-161.6789181894,-9.));
#418 = SURFACE_CURVE('',#419,(#424,#435),.PCURVE_S1.);
#419 = CIRCLE('',#420,5.);
#420 = AXIS2_PLACEMENT_3D('',#421,#422,#423);
#421 = CARTESIAN_POINT('',(66.969600663891,-161.6789181894,-9.));
#422 = DIRECTION('',(0.,0.,-1.));
#423 = DIRECTION('',(1.,0.,0.));
#424 = PCURVE('',#101,#425);
#425 = DEFINITIONAL_REPRESENTATION('',(#426),#434);
#426 = ( BOUNDED_CURVE() B_SPLINE_CURVE(2,(#427,#428,#429,#430,#431,#432
,#433),.UNSPECIFIED.,.T.,.F.) B_SPLINE_CURVE_WITH_KNOTS((1,2,2,2,2,1),(
    -2.094395102393,0.,2.094395102393,4.188790204786,6.28318530718,
8.377580409573),.UNSPECIFIED.) CURVE() GEOMETRIC_REPRESENTATION_ITEM() 
RATIONAL_B_SPLINE_CURVE((1.,0.5,1.,0.5,1.,0.5,1.)) REPRESENTATION_ITEM(
  '') );
#427 = CARTESIAN_POINT('',(71.969600663891,-161.6789181894));
#428 = CARTESIAN_POINT('',(71.969600663891,-170.3391722272));
#429 = CARTESIAN_POINT('',(64.469600663891,-166.0090452083));
#430 = CARTESIAN_POINT('',(56.969600663891,-161.6789181894));
#431 = CARTESIAN_POINT('',(64.469600663891,-157.3487911704));
#432 = CARTESIAN_POINT('',(71.969600663891,-153.0186641515));
#433 = CARTESIAN_POINT('',(71.969600663891,-161.6789181894));
#434 = ( GEOMETRIC_REPRESENTATION_CONTEXT(2) 
PARAMETRIC_REPRESENTATION_CONTEXT() REPRESENTATION_CONTEXT('2D SPACE',''
  ) );
#435 = PCURVE('',#436,#441);
#436 = CYLINDRICAL_SURFACE('',#437,5.);
#437 = AXIS2_PLACEMENT_3D('',#438,#439,#440);
#438 = CARTESIAN_POINT('',(66.969600663891,-161.6789181894,-10.));
#439 = DIRECTION('',(-0.,-0.,-1.));
#440 = DIRECTION('',(1.,0.,0.));
#441 = DEFINITIONAL_REPRESENTATION('',(#442),#446);
#442 = LINE('',#443,#444);
#443 = CARTESIAN_POINT('',(-4.138911435803E-13,-1.));
#444 = VECTOR('',#445,1.);
#445 = DIRECTION('',(1.,-0.));
#446 = ( GEOMETRIC_REPRESENTATION_CONTEXT(2) 
PARAMETRIC_REPRESENTATION_CONTEXT() REPRESENTATION_CONTEXT('2D SPACE',''
  ) );
#447 = FACE_BOUND('',#448,.F.);
#448 = EDGE_LOOP('',(#449));
#449 = ORIENTED_EDGE('',*,*,#450,.T.);
#450 = EDGE_CURVE('',#451,#451,#453,.T.);
#451 = VERTEX_POINT('',#452);
#452 = CARTESIAN_POINT('',(94.5,-140.,-9.));
#453 = SURFACE_CURVE('',#454,(#459,#470),.PCURVE_S1.);
#454 = CIRCLE('',#455,4.5);
#455 = AXIS2_PLACEMENT_3D('',#456,#457,#458);
#456 = CARTESIAN_POINT('',(90.,-140.,-9.));
#457 = DIRECTION('',(0.,0.,-1.));
#458 = DIRECTION('',(1.,0.,0.));
#459 = PCURVE('',#101,#460);
#460 = DEFINITIONAL_REPRESENTATION('',(#461),#469);
#461 = ( BOUNDED_CURVE() B_SPLINE_CURVE(2,(#462,#463,#464,#465,#466,#467
,#468),.UNSPECIFIED.,.T.,.F.) B_SPLINE_CURVE_WITH_KNOTS((1,2,2,2,2,1),(
    -2.094395102393,0.,2.094395102393,4.188790204786,6.28318530718,
8.377580409573),.UNSPECIFIED.) CURVE() GEOMETRIC_REPRESENTATION_ITEM() 
RATIONAL_B_SPLINE_CURVE((1.,0.5,1.,0.5,1.,0.5,1.)) REPRESENTATION_ITEM(
  '') );
#462 = CARTESIAN_POINT('',(94.5,-140.));
#463 = CARTESIAN_POINT('',(94.5,-147.794228634));
#464 = CARTESIAN_POINT('',(87.75,-143.897114317));
#465 = CARTESIAN_POINT('',(81.,-140.));
#466 = CARTESIAN_POINT('',(87.75,-136.1028856829));
#467 = CARTESIAN_POINT('',(94.5,-132.2057713659));
#468 = CARTESIAN_POINT('',(94.5,-140.));
#469 = ( GEOMETRIC_REPRESENTATION_CONTEXT(2) 
PARAMETRIC_REPRESENTATION_CONTEXT() REPRESENTATION_CONTEXT('2D SPACE',''
  ) );
#470 = PCURVE('',#471,#476);
#471 = CYLINDRICAL_SURFACE('',#472,4.5);
#472 = AXIS2_PLACEMENT_3D('',#473,#474,#475);
#473 = CARTESIAN_POINT('',(90.,-140.,-10.));
#474 = DIRECTION('',(-0.,-0.,-1.));
#475 = DIRECTION('',(1.,0.,0.));
#476 = DEFINITIONAL_REPRESENTATION('',(#477),#481);
#477 = LINE('',#478,#479);
#478 = CARTESIAN_POINT('',(-4.138911435803E-13,-1.));
#479 = VECTOR('',#480,1.);
#480 = DIRECTION('',(1.,-0.));
#481 = ( GEOMETRIC_REPRESENTATION_CONTEXT(2) 
PARAMETRIC_REPRESENTATION_CONTEXT() REPRESENTATION_CONTEXT('2D SPACE',''
  ) );
#482 = FACE_BOUND('',#483,.F.);
#483 = EDGE_LOOP('',(#484));
#484 = ORIENTED_EDGE('',*,*,#485,.T.);
#485 = EDGE_CURVE('',#486,#486,#488,.T.);
#486 = VERTEX_POINT('',#487);
#487 = CARTESIAN_POINT('',(154.5,-190.,-9.));
#488 = SURFACE_CURVE('',#489,(#494,#505),.PCURVE_S1.);
#489 = CIRCLE('',#490,4.5);
#490 = AXIS2_PLACEMENT_3D('',#491,#492,#493);
#491 = CARTESIAN_POINT('',(150.,-190.,-9.));
#492 = DIRECTION('',(0.,0.,-1.));
#493 = DIRECTION('',(1.,0.,0.));
#494 = PCURVE('',#101,#495);
#495 = DEFINITIONAL_REPRESENTATION('',(#496),#504);
#496 = ( BOUNDED_CURVE() B_SPLINE_CURVE(2,(#497,#498,#499,#500,#501,#502
,#503),.UNSPECIFIED.,.T.,.F.) B_SPLINE_CURVE_WITH_KNOTS((1,2,2,2,2,1),(
    -2.094395102393,0.,2.094395102393,4.188790204786,6.28318530718,
8.377580409573),.UNSPECIFIED.) CURVE() GEOMETRIC_REPRESENTATION_ITEM() 
RATIONAL_B_SPLINE_CURVE((1.,0.5,1.,0.5,1.,0.5,1.)) REPRESENTATION_ITEM(
  '') );
#497 = CARTESIAN_POINT('',(154.5,-190.));
#498 = CARTESIAN_POINT('',(154.5,-197.794228634));
#499 = CARTESIAN_POINT('',(147.75,-193.897114317));
#500 = CARTESIAN_POINT('',(141.,-190.));
#501 = CARTESIAN_POINT('',(147.75,-186.1028856829));
#502 = CARTESIAN_POINT('',(154.5,-182.2057713659));
#503 = CARTESIAN_POINT('',(154.5,-190.));
#504 = ( GEOMETRIC_REPRESENTATION_CONTEXT(2) 
PARAMETRIC_REPRESENTATION_CONTEXT() REPRESENTATION_CONTEXT('2D SPACE',''
  ) );
#505 = PCURVE('',#506,#511);
#506 = CYLINDRICAL_SURFACE('',#507,4.5);
#507 = AXIS2_PLACEMENT_3D('',#508,#509,#510);
#508 = CARTESIAN_POINT('',(150.,-190.,-10.));
#509 = DIRECTION('',(-0.,-0.,-1.));
#510 = DIRECTION('',(1.,0.,0.));
#511 = DEFINITIONAL_REPRESENTATION('',(#512),#516);
#512 = LINE('',#513,#514);
#513 = CARTESIAN_POINT('',(-4.138911435803E-13,-1.));
#514 = VECTOR('',#515,1.);
#515 = DIRECTION('',(1.,-0.));
#516 = ( GEOMETRIC_REPRESENTATION_CONTEXT(2) 
PARAMETRIC_REPRESENTATION_CONTEXT() REPRESENTATION_CONTEXT('2D SPACE',''
  ) );
#517 = FACE_BOUND('',#518,.F.);
#518 = EDGE_LOOP('',(#519));
#519 = ORIENTED_EDGE('',*,*,#520,.T.);
#520 = EDGE_CURVE('',#521,#521,#523,.T.);
#521 = VERTEX_POINT('',#522);
#522 = CARTESIAN_POINT('',(132.,-165.,-9.));
#523 = SURFACE_CURVE('',#524,(#529,#540),.PCURVE_S1.);
#524 = CIRCLE('',#525,12.);
#525 = AXIS2_PLACEMENT_3D('',#526,#527,#528);
#526 = CARTESIAN_POINT('',(120.,-165.,-9.));
#527 = DIRECTION('',(0.,0.,-1.));
#528 = DIRECTION('',(1.,0.,0.));
#529 = PCURVE('',#101,#530);
#530 = DEFINITIONAL_REPRESENTATION('',(#531),#539);
#531 = ( BOUNDED_CURVE() B_SPLINE_CURVE(2,(#532,#533,#534,#535,#536,#537
,#538),.UNSPECIFIED.,.T.,.F.) B_SPLINE_CURVE_WITH_KNOTS((1,2,2,2,2,1),(
    -2.094395102393,0.,2.094395102393,4.188790204786,6.28318530718,
8.377580409573),.UNSPECIFIED.) CURVE() GEOMETRIC_REPRESENTATION_ITEM() 
RATIONAL_B_SPLINE_CURVE((1.,0.5,1.,0.5,1.,0.5,1.)) REPRESENTATION_ITEM(
  '') );
#532 = CARTESIAN_POINT('',(132.,-165.));
#533 = CARTESIAN_POINT('',(132.,-185.7846096908));
#534 = CARTESIAN_POINT('',(114.,-175.3923048454));
#535 = CARTESIAN_POINT('',(96.,-165.));
#536 = CARTESIAN_POINT('',(114.,-154.6076951545));
#537 = CARTESIAN_POINT('',(132.,-144.2153903091));
#538 = CARTESIAN_POINT('',(132.,-165.));
#539 = ( GEOMETRIC_REPRESENTATION_CONTEXT(2) 
PARAMETRIC_REPRESENTATION_CONTEXT() REPRESENTATION_CONTEXT('2D SPACE',''
  ) );
#540 = PCURVE('',#541,#546);
#541 = CYLINDRICAL_SURFACE('',#542,12.);
#542 = AXIS2_PLACEMENT_3D('',#543,#544,#545);
#543 = CARTESIAN_POINT('',(120.,-165.,-10.));
#544 = DIRECTION('',(-0.,-0.,-1.));
#545 = DIRECTION('',(1.,0.,0.));
#546 = DEFINITIONAL_REPRESENTATION('',(#547),#551);
#547 = LINE('',#548,#549);
#548 = CARTESIAN_POINT('',(-4.138911435803E-13,-1.));
#549 = VECTOR('',#550,1.);
#550 = DIRECTION('',(1.,-0.));
#551 = ( GEOMETRIC_REPRESENTATION_CONTEXT(2) 
PARAMETRIC_REPRESENTATION_CONTEXT() REPRESENTATION_CONTEXT('2D SPACE',''
  ) );
#552 = FACE_BOUND('',#553,.F.);
#553 = EDGE_LOOP('',(#554));
#554 = ORIENTED_EDGE('',*,*,#555,.T.);
#555 = EDGE_CURVE('',#556,#556,#558,.T.);
#556 = VERTEX_POINT('',#557);
#557 = CARTESIAN_POINT('',(167.1345596729,-162.6345596729,-9.));
#558 = SURFACE_CURVE('',#559,(#564,#575),.PCURVE_S1.);
#559 = CIRCLE('',#560,4.5);
#560 = AXIS2_PLACEMENT_3D('',#561,#562,#563);
#561 = CARTESIAN_POINT('',(162.6345596729,-162.6345596729,-9.));
#562 = DIRECTION('',(0.,0.,-1.));
#563 = DIRECTION('',(1.,0.,0.));
#564 = PCURVE('',#101,#565);
#565 = DEFINITIONAL_REPRESENTATION('',(#566),#574);
#566 = ( BOUNDED_CURVE() B_SPLINE_CURVE(2,(#567,#568,#569,#570,#571,#572
,#573),.UNSPECIFIED.,.T.,.F.) B_SPLINE_CURVE_WITH_KNOTS((1,2,2,2,2,1),(
    -2.094395102393,0.,2.094395102393,4.188790204786,6.28318530718,
8.377580409573),.UNSPECIFIED.) CURVE() GEOMETRIC_REPRESENTATION_ITEM() 
RATIONAL_B_SPLINE_CURVE((1.,0.5,1.,0.5,1.,0.5,1.)) REPRESENTATION_ITEM(
  '') );
#567 = CARTESIAN_POINT('',(167.1345596729,-162.6345596729));
#568 = CARTESIAN_POINT('',(167.1345596729,-170.4287883069));
#569 = CARTESIAN_POINT('',(160.3845596729,-166.5316739899));
#570 = CARTESIAN_POINT('',(153.6345596729,-162.6345596729));
#571 = CARTESIAN_POINT('',(160.3845596729,-158.7374453558));
#572 = CARTESIAN_POINT('',(167.1345596729,-154.8403310388));
#573 = CARTESIAN_POINT('',(167.1345596729,-162.6345596729));
#574 = ( GEOMETRIC_REPRESENTATION_CONTEXT(2) 
PARAMETRIC_REPRESENTATION_CONTEXT() REPRESENTATION_CONTEXT('2D SPACE',''
  ) );
#575 = PCURVE('',#576,#581);
#576 = CYLINDRICAL_SURFACE('',#577,4.5);
#577 = AXIS2_PLACEMENT_3D('',#578,#579,#580);
#578 = CARTESIAN_POINT('',(162.6345596729,-162.6345596729,-10.));
#579 = DIRECTION('',(-0.,-0.,-1.));
#580 = DIRECTION('',(1.,0.,0.));
#581 = DEFINITIONAL_REPRESENTATION('',(#582),#586);
#582 = LINE('',#583,#584);
#583 = CARTESIAN_POINT('',(-4.138911435803E-13,-1.));
#584 = VECTOR('',#585,1.);
#585 = DIRECTION('',(1.,-0.));
#586 = ( GEOMETRIC_REPRESENTATION_CONTEXT(2) 
PARAMETRIC_REPRESENTATION_CONTEXT() REPRESENTATION_CONTEXT('2D SPACE',''
  ) );
#587 = FACE_BOUND('',#588,.F.);
#588 = EDGE_LOOP('',(#589));
#589 = ORIENTED_EDGE('',*,*,#590,.T.);
#590 = EDGE_CURVE('',#591,#591,#593,.T.);
#591 = VERTEX_POINT('',#592);
#592 = CARTESIAN_POINT('',(154.5,-140.,-9.));
#593 = SURFACE_CURVE('',#594,(#599,#610),.PCURVE_S1.);
#594 = CIRCLE('',#595,4.5);
#595 = AXIS2_PLACEMENT_3D('',#596,#597,#598);
#596 = CARTESIAN_POINT('',(150.,-140.,-9.));
#597 = DIRECTION('',(0.,0.,-1.));
#598 = DIRECTION('',(1.,0.,0.));
#599 = PCURVE('',#101,#600);
#600 = DEFINITIONAL_REPRESENTATION('',(#601),#609);
#601 = ( BOUNDED_CURVE() B_SPLINE_CURVE(2,(#602,#603,#604,#605,#606,#607
,#608),.UNSPECIFIED.,.T.,.F.) B_SPLINE_CURVE_WITH_KNOTS((1,2,2,2,2,1),(
    -2.094395102393,0.,2.094395102393,4.188790204786,6.28318530718,
8.377580409573),.UNSPECIFIED.) CURVE() GEOMETRIC_REPRESENTATION_ITEM() 
RATIONAL_B_SPLINE_CURVE((1.,0.5,1.,0.5,1.,0.5,1.)) REPRESENTATION_ITEM(
  '') );
#602 = CARTESIAN_POINT('',(154.5,-140.));
#603 = CARTESIAN_POINT('',(154.5,-147.794228634));
#604 = CARTESIAN_POINT('',(147.75,-143.897114317));
#605 = CARTESIAN_POINT('',(141.,-140.));
#606 = CARTESIAN_POINT('',(147.75,-136.1028856829));
#607 = CARTESIAN_POINT('',(154.5,-132.2057713659));
#608 = CARTESIAN_POINT('',(154.5,-140.));
#609 = ( GEOMETRIC_REPRESENTATION_CONTEXT(2) 
PARAMETRIC_REPRESENTATION_CONTEXT() REPRESENTATION_CONTEXT('2D SPACE',''
  ) );
#610 = PCURVE('',#611,#616);
#611 = CYLINDRICAL_SURFACE('',#612,4.5);
#612 = AXIS2_PLACEMENT_3D('',#613,#614,#615);
#613 = CARTESIAN_POINT('',(150.,-140.,-10.));
#614 = DIRECTION('',(-0.,-0.,-1.));
#615 = DIRECTION('',(1.,0.,0.));
#616 = DEFINITIONAL_REPRESENTATION('',(#617),#621);
#617 = LINE('',#618,#619);
#618 = CARTESIAN_POINT('',(-4.138911435803E-13,-1.));
#619 = VECTOR('',#620,1.);
#620 = DIRECTION('',(1.,-0.));
#621 = ( GEOMETRIC_REPRESENTATION_CONTEXT(2) 
PARAMETRIC_REPRESENTATION_CONTEXT() REPRESENTATION_CONTEXT('2D SPACE',''
  ) );
#622 = FACE_BOUND('',#623,.F.);
#623 = EDGE_LOOP('',(#624));
#624 = ORIENTED_EDGE('',*,*,#625,.T.);
#625 = EDGE_CURVE('',#626,#626,#628,.T.);
#626 = VERTEX_POINT('',#627);
#627 = CARTESIAN_POINT('',(166.67891818947,-66.96960066389,-9.));
#628 = SURFACE_CURVE('',#629,(#634,#645),.PCURVE_S1.);
#629 = CIRCLE('',#630,5.);
#630 = AXIS2_PLACEMENT_3D('',#631,#632,#633);
#631 = CARTESIAN_POINT('',(161.67891818947,-66.96960066389,-9.));
#632 = DIRECTION('',(0.,0.,-1.));
#633 = DIRECTION('',(1.,0.,0.));
#634 = PCURVE('',#101,#635);
#635 = DEFINITIONAL_REPRESENTATION('',(#636),#644);
#636 = ( BOUNDED_CURVE() B_SPLINE_CURVE(2,(#637,#638,#639,#640,#641,#642
,#643),.UNSPECIFIED.,.T.,.F.) B_SPLINE_CURVE_WITH_KNOTS((1,2,2,2,2,1),(
    -2.094395102393,0.,2.094395102393,4.188790204786,6.28318530718,
8.377580409573),.UNSPECIFIED.) CURVE() GEOMETRIC_REPRESENTATION_ITEM() 
RATIONAL_B_SPLINE_CURVE((1.,0.5,1.,0.5,1.,0.5,1.)) REPRESENTATION_ITEM(
  '') );
#637 = CARTESIAN_POINT('',(166.67891818947,-66.96960066389));
#638 = CARTESIAN_POINT('',(166.67891818947,-75.62985470173));
#639 = CARTESIAN_POINT('',(159.17891818947,-71.29972768281));
#640 = CARTESIAN_POINT('',(151.67891818947,-66.96960066389));
#641 = CARTESIAN_POINT('',(159.17891818947,-62.63947364496));
#642 = CARTESIAN_POINT('',(166.67891818947,-58.30934662604));
#643 = CARTESIAN_POINT('',(166.67891818947,-66.96960066389));
#644 = ( GEOMETRIC_REPRESENTATION_CONTEXT(2) 
PARAMETRIC_REPRESENTATION_CONTEXT() REPRESENTATION_CONTEXT('2D SPACE',''
  ) );
#645 = PCURVE('',#646,#651);
#646 = CYLINDRICAL_SURFACE('',#647,5.);
#647 = AXIS2_PLACEMENT_3D('',#648,#649,#650);
#648 = CARTESIAN_POINT('',(161.67891818947,-66.96960066389,-10.));
#649 = DIRECTION('',(-0.,-0.,-1.));
#650 = DIRECTION('',(1.,0.,0.));
#651 = DEFINITIONAL_REPRESENTATION('',(#652),#656);
#652 = LINE('',#653,#654);
#653 = CARTESIAN_POINT('',(-4.138911435803E-13,-1.));
#654 = VECTOR('',#655,1.);
#655 = DIRECTION('',(1.,-0.));
#656 = ( GEOMETRIC_REPRESENTATION_CONTEXT(2) 
PARAMETRIC_REPRESENTATION_CONTEXT() REPRESENTATION_CONTEXT('2D SPACE',''
  ) );
#657 = FACE_BOUND('',#658,.F.);
#658 = EDGE_LOOP('',(#659));
#659 = ORIENTED_EDGE('',*,*,#660,.T.);
#660 = EDGE_CURVE('',#661,#661,#663,.T.);
#661 = VERTEX_POINT('',#662);
#662 = CARTESIAN_POINT('',(226.66294004648,-59.52838037358,-9.));
#663 = SURFACE_CURVE('',#664,(#669,#680),.PCURVE_S1.);
#664 = CIRCLE('',#665,4.5);
#665 = AXIS2_PLACEMENT_3D('',#666,#667,#668);
#666 = CARTESIAN_POINT('',(222.16294004648,-59.52838037358,-9.));
#667 = DIRECTION('',(0.,0.,-1.));
#668 = DIRECTION('',(1.,0.,0.));
#669 = PCURVE('',#101,#670);
#670 = DEFINITIONAL_REPRESENTATION('',(#671),#679);
#671 = ( BOUNDED_CURVE() B_SPLINE_CURVE(2,(#672,#673,#674,#675,#676,#677
,#678),.UNSPECIFIED.,.T.,.F.) B_SPLINE_CURVE_WITH_KNOTS((1,2,2,2,2,1),(
    -2.094395102393,0.,2.094395102393,4.188790204786,6.28318530718,
8.377580409573),.UNSPECIFIED.) CURVE() GEOMETRIC_REPRESENTATION_ITEM() 
RATIONAL_B_SPLINE_CURVE((1.,0.5,1.,0.5,1.,0.5,1.)) REPRESENTATION_ITEM(
  '') );
#672 = CARTESIAN_POINT('',(226.66294004648,-59.52838037358));
#673 = CARTESIAN_POINT('',(226.66294004648,-67.32260900764));
#674 = CARTESIAN_POINT('',(219.91294004648,-63.42549469061));
#675 = CARTESIAN_POINT('',(213.16294004648,-59.52838037358));
#676 = CARTESIAN_POINT('',(219.91294004648,-55.63126605655));
#677 = CARTESIAN_POINT('',(226.66294004648,-51.73415173952));
#678 = CARTESIAN_POINT('',(226.66294004648,-59.52838037358));
#679 = ( GEOMETRIC_REPRESENTATION_CONTEXT(2) 
PARAMETRIC_REPRESENTATION_CONTEXT() REPRESENTATION_CONTEXT('2D SPACE',''
  ) );
#680 = PCURVE('',#681,#686);
#681 = CYLINDRICAL_SURFACE('',#682,4.5);
#682 = AXIS2_PLACEMENT_3D('',#683,#684,#685);
#683 = CARTESIAN_POINT('',(222.16294004648,-59.52838037358,-10.));
#684 = DIRECTION('',(-0.,-0.,-1.));
#685 = DIRECTION('',(1.,0.,0.));
#686 = DEFINITIONAL_REPRESENTATION('',(#687),#691);
#687 = LINE('',#688,#689);
#688 = CARTESIAN_POINT('',(-4.138911435803E-13,-1.));
#689 = VECTOR('',#690,1.);
#690 = DIRECTION('',(1.,-0.));
#691 = ( GEOMETRIC_REPRESENTATION_CONTEXT(2) 
PARAMETRIC_REPRESENTATION_CONTEXT() REPRESENTATION_CONTEXT('2D SPACE',''
  ) );
#692 = FACE_BOUND('',#693,.F.);
#693 = EDGE_LOOP('',(#694));
#694 = ORIENTED_EDGE('',*,*,#695,.T.);
#695 = EDGE_CURVE('',#696,#696,#698,.T.);
#696 = VERTEX_POINT('',#697);
#697 = CARTESIAN_POINT('',(-217.6629400464,59.52838037358,-9.));
#698 = SURFACE_CURVE('',#699,(#704,#715),.PCURVE_S1.);
#699 = CIRCLE('',#700,4.5);
#700 = AXIS2_PLACEMENT_3D('',#701,#702,#703);
#701 = CARTESIAN_POINT('',(-222.1629400464,59.52838037358,-9.));
#702 = DIRECTION('',(0.,0.,-1.));
#703 = DIRECTION('',(1.,0.,0.));
#704 = PCURVE('',#101,#705);
#705 = DEFINITIONAL_REPRESENTATION('',(#706),#714);
#706 = ( BOUNDED_CURVE() B_SPLINE_CURVE(2,(#707,#708,#709,#710,#711,#712
,#713),.UNSPECIFIED.,.T.,.F.) B_SPLINE_CURVE_WITH_KNOTS((1,2,2,2,2,1),(
    -2.094395102393,0.,2.094395102393,4.188790204786,6.28318530718,
8.377580409573),.UNSPECIFIED.) CURVE() GEOMETRIC_REPRESENTATION_ITEM() 
RATIONAL_B_SPLINE_CURVE((1.,0.5,1.,0.5,1.,0.5,1.)) REPRESENTATION_ITEM(
  '') );
#707 = CARTESIAN_POINT('',(-217.6629400464,59.52838037358));
#708 = CARTESIAN_POINT('',(-217.6629400464,51.73415173952));
#709 = CARTESIAN_POINT('',(-224.4129400464,55.63126605655));
#710 = CARTESIAN_POINT('',(-231.1629400464,59.52838037358));
#711 = CARTESIAN_POINT('',(-224.4129400464,63.42549469061));
#712 = CARTESIAN_POINT('',(-217.6629400464,67.32260900764));
#713 = CARTESIAN_POINT('',(-217.6629400464,59.52838037358));
#714 = ( GEOMETRIC_REPRESENTATION_CONTEXT(2) 
PARAMETRIC_REPRESENTATION_CONTEXT() REPRESENTATION_CONTEXT('2D SPACE',''
  ) );
#715 = PCURVE('',#716,#721);
#716 = CYLINDRICAL_SURFACE('',#717,4.5);
#717 = AXIS2_PLACEMENT_3D('',#718,#719,#720);
#718 = CARTESIAN_POINT('',(-222.1629400464,59.52838037358,-10.));
#719 = DIRECTION('',(-0.,-0.,-1.));
#720 = DIRECTION('',(1.,0.,0.));
#721 = DEFINITIONAL_REPRESENTATION('',(#722),#726);
#722 = LINE('',#723,#724);
#723 = CARTESIAN_POINT('',(-4.138911435803E-13,-1.));
#724 = VECTOR('',#725,1.);
#725 = DIRECTION('',(1.,-0.));
#726 = ( GEOMETRIC_REPRESENTATION_CONTEXT(2) 
PARAMETRIC_REPRESENTATION_CONTEXT() REPRESENTATION_CONTEXT('2D SPACE',''
  ) );
#727 = FACE_BOUND('',#728,.F.);
#728 = EDGE_LOOP('',(#729));
#729 = ORIENTED_EDGE('',*,*,#730,.T.);
#730 = EDGE_CURVE('',#731,#731,#733,.T.);
#731 = VERTEX_POINT('',#732);
#732 = CARTESIAN_POINT('',(-156.6789181894,66.969600663891,-9.));
#733 = SURFACE_CURVE('',#734,(#739,#750),.PCURVE_S1.);
#734 = CIRCLE('',#735,5.);
#735 = AXIS2_PLACEMENT_3D('',#736,#737,#738);
#736 = CARTESIAN_POINT('',(-161.6789181894,66.969600663891,-9.));
#737 = DIRECTION('',(0.,0.,-1.));
#738 = DIRECTION('',(1.,0.,0.));
#739 = PCURVE('',#101,#740);
#740 = DEFINITIONAL_REPRESENTATION('',(#741),#749);
#741 = ( BOUNDED_CURVE() B_SPLINE_CURVE(2,(#742,#743,#744,#745,#746,#747
,#748),.UNSPECIFIED.,.T.,.F.) B_SPLINE_CURVE_WITH_KNOTS((1,2,2,2,2,1),(
    -2.094395102393,0.,2.094395102393,4.188790204786,6.28318530718,
8.377580409573),.UNSPECIFIED.) CURVE() GEOMETRIC_REPRESENTATION_ITEM() 
RATIONAL_B_SPLINE_CURVE((1.,0.5,1.,0.5,1.,0.5,1.)) REPRESENTATION_ITEM(
  '') );
#742 = CARTESIAN_POINT('',(-156.6789181894,66.969600663891));
#743 = CARTESIAN_POINT('',(-156.6789181894,58.309346626047));
#744 = CARTESIAN_POINT('',(-164.1789181894,62.639473644969));
#745 = CARTESIAN_POINT('',(-171.6789181894,66.969600663891));
#746 = CARTESIAN_POINT('',(-164.1789181894,71.299727682813));
#747 = CARTESIAN_POINT('',(-156.6789181894,75.629854701735));
#748 = CARTESIAN_POINT('',(-156.6789181894,66.969600663891));
#749 = ( GEOMETRIC_REPRESENTATION_CONTEXT(2) 
PARAMETRIC_REPRESENTATION_CONTEXT() REPRESENTATION_CONTEXT('2D SPACE',''
  ) );
#750 = PCURVE('',#751,#756);
#751 = CYLINDRICAL_SURFACE('',#752,5.);
#752 = AXIS2_PLACEMENT_3D('',#753,#754,#755);
#753 = CARTESIAN_POINT('',(-161.6789181894,66.969600663891,-10.));
#754 = DIRECTION('',(-0.,-0.,-1.));
#755 = DIRECTION('',(1.,0.,0.));
#756 = DEFINITIONAL_REPRESENTATION('',(#757),#761);
#757 = LINE('',#758,#759);
#758 = CARTESIAN_POINT('',(-4.138911435803E-13,-1.));
#759 = VECTOR('',#760,1.);
#760 = DIRECTION('',(1.,-0.));
#761 = ( GEOMETRIC_REPRESENTATION_CONTEXT(2) 
PARAMETRIC_REPRESENTATION_CONTEXT() REPRESENTATION_CONTEXT('2D SPACE',''
  ) );
#762 = FACE_BOUND('',#763,.F.);
#763 = EDGE_LOOP('',(#764));
#764 = ORIENTED_EDGE('',*,*,#765,.T.);
#765 = EDGE_CURVE('',#766,#766,#768,.T.);
#766 = VERTEX_POINT('',#767);
#767 = CARTESIAN_POINT('',(-158.1345596729,162.6345596729,-9.));
#768 = SURFACE_CURVE('',#769,(#774,#785),.PCURVE_S1.);
#769 = CIRCLE('',#770,4.5);
#770 = AXIS2_PLACEMENT_3D('',#771,#772,#773);
#771 = CARTESIAN_POINT('',(-162.6345596729,162.6345596729,-9.));
#772 = DIRECTION('',(0.,0.,-1.));
#773 = DIRECTION('',(1.,0.,0.));
#774 = PCURVE('',#101,#775);
#775 = DEFINITIONAL_REPRESENTATION('',(#776),#784);
#776 = ( BOUNDED_CURVE() B_SPLINE_CURVE(2,(#777,#778,#779,#780,#781,#782
,#783),.UNSPECIFIED.,.T.,.F.) B_SPLINE_CURVE_WITH_KNOTS((1,2,2,2,2,1),(
    -2.094395102393,0.,2.094395102393,4.188790204786,6.28318530718,
8.377580409573),.UNSPECIFIED.) CURVE() GEOMETRIC_REPRESENTATION_ITEM() 
RATIONAL_B_SPLINE_CURVE((1.,0.5,1.,0.5,1.,0.5,1.)) REPRESENTATION_ITEM(
  '') );
#777 = CARTESIAN_POINT('',(-158.1345596729,162.6345596729));
#778 = CARTESIAN_POINT('',(-158.1345596729,154.84033103884));
#779 = CARTESIAN_POINT('',(-164.8845596729,158.73744535587));
#780 = CARTESIAN_POINT('',(-171.6345596729,162.6345596729));
#781 = CARTESIAN_POINT('',(-164.8845596729,166.53167398993));
#782 = CARTESIAN_POINT('',(-158.1345596729,170.42878830696));
#783 = CARTESIAN_POINT('',(-158.1345596729,162.6345596729));
#784 = ( GEOMETRIC_REPRESENTATION_CONTEXT(2) 
PARAMETRIC_REPRESENTATION_CONTEXT() REPRESENTATION_CONTEXT('2D SPACE',''
  ) );
#785 = PCURVE('',#786,#791);
#786 = CYLINDRICAL_SURFACE('',#787,4.5);
#787 = AXIS2_PLACEMENT_3D('',#788,#789,#790);
#788 = CARTESIAN_POINT('',(-162.6345596729,162.6345596729,-10.));
#789 = DIRECTION('',(-0.,-0.,-1.));
#790 = DIRECTION('',(1.,0.,0.));
#791 = DEFINITIONAL_REPRESENTATION('',(#792),#796);
#792 = LINE('',#793,#794);
#793 = CARTESIAN_POINT('',(-4.138911435803E-13,-1.));
#794 = VECTOR('',#795,1.);
#795 = DIRECTION('',(1.,-0.));
#796 = ( GEOMETRIC_REPRESENTATION_CONTEXT(2) 
PARAMETRIC_REPRESENTATION_CONTEXT() REPRESENTATION_CONTEXT('2D SPACE',''
  ) );
#797 = FACE_BOUND('',#798,.F.);
#798 = EDGE_LOOP('',(#799));
#799 = ORIENTED_EDGE('',*,*,#800,.T.);
#800 = EDGE_CURVE('',#801,#801,#803,.T.);
#801 = VERTEX_POINT('',#802);
#802 = CARTESIAN_POINT('',(-61.96960066389,161.67891818947,-9.));
#803 = SURFACE_CURVE('',#804,(#809,#820),.PCURVE_S1.);
#804 = CIRCLE('',#805,5.);
#805 = AXIS2_PLACEMENT_3D('',#806,#807,#808);
#806 = CARTESIAN_POINT('',(-66.96960066389,161.67891818947,-9.));
#807 = DIRECTION('',(0.,0.,-1.));
#808 = DIRECTION('',(1.,0.,0.));
#809 = PCURVE('',#101,#810);
#810 = DEFINITIONAL_REPRESENTATION('',(#811),#819);
#811 = ( BOUNDED_CURVE() B_SPLINE_CURVE(2,(#812,#813,#814,#815,#816,#817
,#818),.UNSPECIFIED.,.T.,.F.) B_SPLINE_CURVE_WITH_KNOTS((1,2,2,2,2,1),(
    -2.094395102393,0.,2.094395102393,4.188790204786,6.28318530718,
8.377580409573),.UNSPECIFIED.) CURVE() GEOMETRIC_REPRESENTATION_ITEM() 
RATIONAL_B_SPLINE_CURVE((1.,0.5,1.,0.5,1.,0.5,1.)) REPRESENTATION_ITEM(
  '') );
#812 = CARTESIAN_POINT('',(-61.96960066389,161.67891818947));
#813 = CARTESIAN_POINT('',(-61.96960066389,153.01866415162));
#814 = CARTESIAN_POINT('',(-69.46960066389,157.34879117054));
#815 = CARTESIAN_POINT('',(-76.96960066389,161.67891818947));
#816 = CARTESIAN_POINT('',(-69.46960066389,166.00904520839));
#817 = CARTESIAN_POINT('',(-61.96960066389,170.33917222731));
#818 = CARTESIAN_POINT('',(-61.96960066389,161.67891818947));
#819 = ( GEOMETRIC_REPRESENTATION_CONTEXT(2) 
PARAMETRIC_REPRESENTATION_CONTEXT() REPRESENTATION_CONTEXT('2D SPACE',''
  ) );
#820 = PCURVE('',#821,#826);
#821 = CYLINDRICAL_SURFACE('',#822,5.);
#822 = AXIS2_PLACEMENT_3D('',#823,#824,#825);
#823 = CARTESIAN_POINT('',(-66.96960066389,161.67891818947,-10.));
#824 = DIRECTION('',(-0.,-0.,-1.));
#825 = DIRECTION('',(1.,0.,0.));
#826 = DEFINITIONAL_REPRESENTATION('',(#827),#831);
#827 = LINE('',#828,#829);
#828 = CARTESIAN_POINT('',(-4.138911435803E-13,-1.));
#829 = VECTOR('',#830,1.);
#830 = DIRECTION('',(1.,-0.));
#831 = ( GEOMETRIC_REPRESENTATION_CONTEXT(2) 
PARAMETRIC_REPRESENTATION_CONTEXT() REPRESENTATION_CONTEXT('2D SPACE',''
  ) );
#832 = FACE_BOUND('',#833,.F.);
#833 = EDGE_LOOP('',(#834));
#834 = ORIENTED_EDGE('',*,*,#835,.T.);
#835 = EDGE_CURVE('',#836,#836,#838,.T.);
#836 = VERTEX_POINT('',#837);
#837 = CARTESIAN_POINT('',(-55.02838037358,222.16294004648,-9.));
#838 = SURFACE_CURVE('',#839,(#844,#855),.PCURVE_S1.);
#839 = CIRCLE('',#840,4.5);
#840 = AXIS2_PLACEMENT_3D('',#841,#842,#843);
#841 = CARTESIAN_POINT('',(-59.52838037358,222.16294004648,-9.));
#842 = DIRECTION('',(0.,0.,-1.));
#843 = DIRECTION('',(1.,0.,0.));
#844 = PCURVE('',#101,#845);
#845 = DEFINITIONAL_REPRESENTATION('',(#846),#854);
#846 = ( BOUNDED_CURVE() B_SPLINE_CURVE(2,(#847,#848,#849,#850,#851,#852
,#853),.UNSPECIFIED.,.T.,.F.) B_SPLINE_CURVE_WITH_KNOTS((1,2,2,2,2,1),(
    -2.094395102393,0.,2.094395102393,4.188790204786,6.28318530718,
8.377580409573),.UNSPECIFIED.) CURVE() GEOMETRIC_REPRESENTATION_ITEM() 
RATIONAL_B_SPLINE_CURVE((1.,0.5,1.,0.5,1.,0.5,1.)) REPRESENTATION_ITEM(
  '') );
#847 = CARTESIAN_POINT('',(-55.02838037358,222.16294004648));
#848 = CARTESIAN_POINT('',(-55.02838037358,214.36871141242));
#849 = CARTESIAN_POINT('',(-61.77838037358,218.26582572945));
#850 = CARTESIAN_POINT('',(-68.52838037358,222.16294004648));
#851 = CARTESIAN_POINT('',(-61.77838037358,226.06005436351));
#852 = CARTESIAN_POINT('',(-55.02838037358,229.95716868054));
#853 = CARTESIAN_POINT('',(-55.02838037358,222.16294004648));
#854 = ( GEOMETRIC_REPRESENTATION_CONTEXT(2) 
PARAMETRIC_REPRESENTATION_CONTEXT() REPRESENTATION_CONTEXT('2D SPACE',''
  ) );
#855 = PCURVE('',#856,#861);
#856 = CYLINDRICAL_SURFACE('',#857,4.5);
#857 = AXIS2_PLACEMENT_3D('',#858,#859,#860);
#858 = CARTESIAN_POINT('',(-59.52838037358,222.16294004648,-10.));
#859 = DIRECTION('',(-0.,-0.,-1.));
#860 = DIRECTION('',(1.,0.,0.));
#861 = DEFINITIONAL_REPRESENTATION('',(#862),#866);
#862 = LINE('',#863,#864);
#863 = CARTESIAN_POINT('',(-4.138911435803E-13,-1.));
#864 = VECTOR('',#865,1.);
#865 = DIRECTION('',(1.,-0.));
#866 = ( GEOMETRIC_REPRESENTATION_CONTEXT(2) 
PARAMETRIC_REPRESENTATION_CONTEXT() REPRESENTATION_CONTEXT('2D SPACE',''
  ) );
#867 = FACE_BOUND('',#868,.F.);
#868 = EDGE_LOOP('',(#869));
#869 = ORIENTED_EDGE('',*,*,#870,.T.);
#870 = EDGE_CURVE('',#871,#871,#873,.T.);
#871 = VERTEX_POINT('',#872);
#872 = CARTESIAN_POINT('',(38.,0.,-9.));
#873 = SURFACE_CURVE('',#874,(#879,#890),.PCURVE_S1.);
#874 = CIRCLE('',#875,38.);
#875 = AXIS2_PLACEMENT_3D('',#876,#877,#878);
#876 = CARTESIAN_POINT('',(0.,0.,-9.));
#877 = DIRECTION('',(0.,0.,-1.));
#878 = DIRECTION('',(1.,0.,0.));
#879 = PCURVE('',#101,#880);
#880 = DEFINITIONAL_REPRESENTATION('',(#881),#889);
#881 = ( BOUNDED_CURVE() B_SPLINE_CURVE(2,(#882,#883,#884,#885,#886,#887
,#888),.UNSPECIFIED.,.T.,.F.) B_SPLINE_CURVE_WITH_KNOTS((1,2,2,2,2,1),(
    -2.094395102393,0.,2.094395102393,4.188790204786,6.28318530718,
8.377580409573),.UNSPECIFIED.) CURVE() GEOMETRIC_REPRESENTATION_ITEM() 
RATIONAL_B_SPLINE_CURVE((1.,0.5,1.,0.5,1.,0.5,1.)) REPRESENTATION_ITEM(
  '') );
#882 = CARTESIAN_POINT('',(38.,-1.219874913863E-14));
#883 = CARTESIAN_POINT('',(38.,-65.81793068761));
#884 = CARTESIAN_POINT('',(-19.,-32.9089653438));
#885 = CARTESIAN_POINT('',(-76.,-2.150606481215E-14));
#886 = CARTESIAN_POINT('',(-19.,32.908965343809));
#887 = CARTESIAN_POINT('',(38.,65.817930687617));
#888 = CARTESIAN_POINT('',(38.,-1.219874913863E-14));
#889 = ( GEOMETRIC_REPRESENTATION_CONTEXT(2) 
PARAMETRIC_REPRESENTATION_CONTEXT() REPRESENTATION_CONTEXT('2D SPACE',''
  ) );
#890 = PCURVE('',#891,#896);
#891 = CYLINDRICAL_SURFACE('',#892,38.);
#892 = AXIS2_PLACEMENT_3D('',#893,#894,#895);
#893 = CARTESIAN_POINT('',(0.,0.,-10.));
#894 = DIRECTION('',(-0.,-0.,-1.));
#895 = DIRECTION('',(1.,0.,0.));
#896 = DEFINITIONAL_REPRESENTATION('',(#897),#901);
#897 = LINE('',#898,#899);
#898 = CARTESIAN_POINT('',(-4.138911435803E-13,-1.));
#899 = VECTOR('',#900,1.);
#900 = DIRECTION('',(1.,-0.));
#901 = ( GEOMETRIC_REPRESENTATION_CONTEXT(2) 
PARAMETRIC_REPRESENTATION_CONTEXT() REPRESENTATION_CONTEXT('2D SPACE',''
  ) );
#902 = FACE_BOUND('',#903,.F.);
#903 = EDGE_LOOP('',(#904));
#904 = ORIENTED_EDGE('',*,*,#905,.T.);
#905 = EDGE_CURVE('',#906,#906,#908,.T.);
#906 = VERTEX_POINT('',#907);
#907 = CARTESIAN_POINT('',(166.67891818947,66.969600663891,-9.));
#908 = SURFACE_CURVE('',#909,(#914,#925),.PCURVE_S1.);
#909 = CIRCLE('',#910,5.);
#910 = AXIS2_PLACEMENT_3D('',#911,#912,#913);
#911 = CARTESIAN_POINT('',(161.67891818947,66.969600663891,-9.));
#912 = DIRECTION('',(0.,0.,-1.));
#913 = DIRECTION('',(1.,0.,0.));
#914 = PCURVE('',#101,#915);
#915 = DEFINITIONAL_REPRESENTATION('',(#916),#924);
#916 = ( BOUNDED_CURVE() B_SPLINE_CURVE(2,(#917,#918,#919,#920,#921,#922
,#923),.UNSPECIFIED.,.T.,.F.) B_SPLINE_CURVE_WITH_KNOTS((1,2,2,2,2,1),(
    -2.094395102393,0.,2.094395102393,4.188790204786,6.28318530718,
8.377580409573),.UNSPECIFIED.) CURVE() GEOMETRIC_REPRESENTATION_ITEM() 
RATIONAL_B_SPLINE_CURVE((1.,0.5,1.,0.5,1.,0.5,1.)) REPRESENTATION_ITEM(
  '') );
#917 = CARTESIAN_POINT('',(166.67891818947,66.969600663891));
#918 = CARTESIAN_POINT('',(166.67891818947,58.309346626047));
#919 = CARTESIAN_POINT('',(159.17891818947,62.639473644969));
#920 = CARTESIAN_POINT('',(151.67891818947,66.969600663891));
#921 = CARTESIAN_POINT('',(159.17891818947,71.299727682813));
#922 = CARTESIAN_POINT('',(166.67891818947,75.629854701735));
#923 = CARTESIAN_POINT('',(166.67891818947,66.969600663891));
#924 = ( GEOMETRIC_REPRESENTATION_CONTEXT(2) 
PARAMETRIC_REPRESENTATION_CONTEXT() REPRESENTATION_CONTEXT('2D SPACE',''
  ) );
#925 = PCURVE('',#926,#931);
#926 = CYLINDRICAL_SURFACE('',#927,5.);
#927 = AXIS2_PLACEMENT_3D('',#928,#929,#930);
#928 = CARTESIAN_POINT('',(161.67891818947,66.969600663891,-10.));
#929 = DIRECTION('',(-0.,-0.,-1.));
#930 = DIRECTION('',(1.,0.,0.));
#931 = DEFINITIONAL_REPRESENTATION('',(#932),#936);
#932 = LINE('',#933,#934);
#933 = CARTESIAN_POINT('',(-4.138911435803E-13,-1.));
#934 = VECTOR('',#935,1.);
#935 = DIRECTION('',(1.,-0.));
#936 = ( GEOMETRIC_REPRESENTATION_CONTEXT(2) 
PARAMETRIC_REPRESENTATION_CONTEXT() REPRESENTATION_CONTEXT('2D SPACE',''
  ) );
#937 = FACE_BOUND('',#938,.F.);
#938 = EDGE_LOOP('',(#939));
#939 = ORIENTED_EDGE('',*,*,#940,.T.);
#940 = EDGE_CURVE('',#941,#941,#943,.T.);
#941 = VERTEX_POINT('',#942);
#942 = CARTESIAN_POINT('',(226.66294004648,59.52838037358,-9.));
#943 = SURFACE_CURVE('',#944,(#949,#960),.PCURVE_S1.);
#944 = CIRCLE('',#945,4.5);
#945 = AXIS2_PLACEMENT_3D('',#946,#947,#948);
#946 = CARTESIAN_POINT('',(222.16294004648,59.52838037358,-9.));
#947 = DIRECTION('',(0.,0.,-1.));
#948 = DIRECTION('',(1.,0.,0.));
#949 = PCURVE('',#101,#950);
#950 = DEFINITIONAL_REPRESENTATION('',(#951),#959);
#951 = ( BOUNDED_CURVE() B_SPLINE_CURVE(2,(#952,#953,#954,#955,#956,#957
,#958),.UNSPECIFIED.,.T.,.F.) B_SPLINE_CURVE_WITH_KNOTS((1,2,2,2,2,1),(
    -2.094395102393,0.,2.094395102393,4.188790204786,6.28318530718,
8.377580409573),.UNSPECIFIED.) CURVE() GEOMETRIC_REPRESENTATION_ITEM() 
RATIONAL_B_SPLINE_CURVE((1.,0.5,1.,0.5,1.,0.5,1.)) REPRESENTATION_ITEM(
  '') );
#952 = CARTESIAN_POINT('',(226.66294004648,59.52838037358));
#953 = CARTESIAN_POINT('',(226.66294004648,51.73415173952));
#954 = CARTESIAN_POINT('',(219.91294004648,55.63126605655));
#955 = CARTESIAN_POINT('',(213.16294004648,59.52838037358));
#956 = CARTESIAN_POINT('',(219.91294004648,63.42549469061));
#957 = CARTESIAN_POINT('',(226.66294004648,67.32260900764));
#958 = CARTESIAN_POINT('',(226.66294004648,59.52838037358));
#959 = ( GEOMETRIC_REPRESENTATION_CONTEXT(2) 
PARAMETRIC_REPRESENTATION_CONTEXT() REPRESENTATION_CONTEXT('2D SPACE',''
  ) );
#960 = PCURVE('',#961,#966);
#961 = CYLINDRICAL_SURFACE('',#962,4.5);
#962 = AXIS2_PLACEMENT_3D('',#963,#964,#965);
#963 = CARTESIAN_POINT('',(222.16294004648,59.52838037358,-10.));
#964 = DIRECTION('',(-0.,-0.,-1.));
#965 = DIRECTION('',(1.,0.,0.));
#966 = DEFINITIONAL_REPRESENTATION('',(#967),#971);
#967 = LINE('',#968,#969);
#968 = CARTESIAN_POINT('',(-4.138911435803E-13,-1.));
#969 = VECTOR('',#970,1.);
#970 = DIRECTION('',(1.,-0.));
#971 = ( GEOMETRIC_REPRESENTATION_CONTEXT(2) 
PARAMETRIC_REPRESENTATION_CONTEXT() REPRESENTATION_CONTEXT('2D SPACE',''
  ) );
#972 = FACE_BOUND('',#973,.F.);
#973 = EDGE_LOOP('',(#974));
#974 = ORIENTED_EDGE('',*,*,#975,.T.);
#975 = EDGE_CURVE('',#976,#976,#978,.T.);
#976 = VERTEX_POINT('',#977);
#977 = CARTESIAN_POINT('',(71.969600663891,161.67891818947,-9.));
#978 = SURFACE_CURVE('',#979,(#984,#995),.PCURVE_S1.);
#979 = CIRCLE('',#980,5.);
#980 = AXIS2_PLACEMENT_3D('',#981,#982,#983);
#981 = CARTESIAN_POINT('',(66.969600663891,161.67891818947,-9.));
#982 = DIRECTION('',(0.,0.,-1.));
#983 = DIRECTION('',(1.,0.,0.));
#984 = PCURVE('',#101,#985);
#985 = DEFINITIONAL_REPRESENTATION('',(#986),#994);
#986 = ( BOUNDED_CURVE() B_SPLINE_CURVE(2,(#987,#988,#989,#990,#991,#992
,#993),.UNSPECIFIED.,.T.,.F.) B_SPLINE_CURVE_WITH_KNOTS((1,2,2,2,2,1),(
    -2.094395102393,0.,2.094395102393,4.188790204786,6.28318530718,
8.377580409573),.UNSPECIFIED.) CURVE() GEOMETRIC_REPRESENTATION_ITEM() 
RATIONAL_B_SPLINE_CURVE((1.,0.5,1.,0.5,1.,0.5,1.)) REPRESENTATION_ITEM(
  '') );
#987 = CARTESIAN_POINT('',(71.969600663891,161.67891818947));
#988 = CARTESIAN_POINT('',(71.969600663891,153.01866415162));
#989 = CARTESIAN_POINT('',(64.469600663891,157.34879117054));
#990 = CARTESIAN_POINT('',(56.969600663891,161.67891818947));
#991 = CARTESIAN_POINT('',(64.469600663891,166.00904520839));
#992 = CARTESIAN_POINT('',(71.969600663891,170.33917222731));
#993 = CARTESIAN_POINT('',(71.969600663891,161.67891818947));
#994 = ( GEOMETRIC_REPRESENTATION_CONTEXT(2) 
PARAMETRIC_REPRESENTATION_CONTEXT() REPRESENTATION_CONTEXT('2D SPACE',''
  ) );
#995 = PCURVE('',#996,#1001);
#996 = CYLINDRICAL_SURFACE('',#997,5.);
#997 = AXIS2_PLACEMENT_3D('',#998,#999,#1000);
#998 = CARTESIAN_POINT('',(66.969600663891,161.67891818947,-10.));
#999 = DIRECTION('',(-0.,-0.,-1.));
#1000 = DIRECTION('',(1.,0.,0.));
#1001 = DEFINITIONAL_REPRESENTATION('',(#1002),#1006);
#1002 = LINE('',#1003,#1004);
#1003 = CARTESIAN_POINT('',(-4.138911435803E-13,-1.));
#1004 = VECTOR('',#1005,1.);
#1005 = DIRECTION('',(1.,-0.));
#1006 = ( GEOMETRIC_REPRESENTATION_CONTEXT(2) 
PARAMETRIC_REPRESENTATION_CONTEXT() REPRESENTATION_CONTEXT('2D SPACE',''
  ) );
#1007 = FACE_BOUND('',#1008,.F.);
#1008 = EDGE_LOOP('',(#1009));
#1009 = ORIENTED_EDGE('',*,*,#1010,.T.);
#1010 = EDGE_CURVE('',#1011,#1011,#1013,.T.);
#1011 = VERTEX_POINT('',#1012);
#1012 = CARTESIAN_POINT('',(64.02838037358,222.16294004648,-9.));
#1013 = SURFACE_CURVE('',#1014,(#1019,#1030),.PCURVE_S1.);
#1014 = CIRCLE('',#1015,4.5);
#1015 = AXIS2_PLACEMENT_3D('',#1016,#1017,#1018);
#1016 = CARTESIAN_POINT('',(59.52838037358,222.16294004648,-9.));
#1017 = DIRECTION('',(0.,0.,-1.));
#1018 = DIRECTION('',(1.,0.,0.));
#1019 = PCURVE('',#101,#1020);
#1020 = DEFINITIONAL_REPRESENTATION('',(#1021),#1029);
#1021 = ( BOUNDED_CURVE() B_SPLINE_CURVE(2,(#1022,#1023,#1024,#1025,
#1026,#1027,#1028),.UNSPECIFIED.,.T.,.F.) B_SPLINE_CURVE_WITH_KNOTS((1,2
    ,2,2,2,1),(-2.094395102393,0.,2.094395102393,4.188790204786,
6.28318530718,8.377580409573),.UNSPECIFIED.) CURVE() 
GEOMETRIC_REPRESENTATION_ITEM() RATIONAL_B_SPLINE_CURVE((1.,0.5,1.,0.5,
1.,0.5,1.)) REPRESENTATION_ITEM('') );
#1022 = CARTESIAN_POINT('',(64.02838037358,222.16294004648));
#1023 = CARTESIAN_POINT('',(64.02838037358,214.36871141242));
#1024 = CARTESIAN_POINT('',(57.27838037358,218.26582572945));
#1025 = CARTESIAN_POINT('',(50.52838037358,222.16294004648));
#1026 = CARTESIAN_POINT('',(57.27838037358,226.06005436351));
#1027 = CARTESIAN_POINT('',(64.02838037358,229.95716868054));
#1028 = CARTESIAN_POINT('',(64.02838037358,222.16294004648));
#1029 = ( GEOMETRIC_REPRESENTATION_CONTEXT(2) 
PARAMETRIC_REPRESENTATION_CONTEXT() REPRESENTATION_CONTEXT('2D SPACE',''
  ) );
#1030 = PCURVE('',#1031,#1036);
#1031 = CYLINDRICAL_SURFACE('',#1032,4.5);
#1032 = AXIS2_PLACEMENT_3D('',#1033,#1034,#1035);
#1033 = CARTESIAN_POINT('',(59.52838037358,222.16294004648,-10.));
#1034 = DIRECTION('',(-0.,-0.,-1.));
#1035 = DIRECTION('',(1.,0.,0.));
#1036 = DEFINITIONAL_REPRESENTATION('',(#1037),#1041);
#1037 = LINE('',#1038,#1039);
#1038 = CARTESIAN_POINT('',(-4.138911435803E-13,-1.));
#1039 = VECTOR('',#1040,1.);
#1040 = DIRECTION('',(1.,-0.));
#1041 = ( GEOMETRIC_REPRESENTATION_CONTEXT(2) 
PARAMETRIC_REPRESENTATION_CONTEXT() REPRESENTATION_CONTEXT('2D SPACE',''
  ) );
#1042 = FACE_BOUND('',#1043,.F.);
#1043 = EDGE_LOOP('',(#1044));
#1044 = ORIENTED_EDGE('',*,*,#1045,.T.);
#1045 = EDGE_CURVE('',#1046,#1046,#1048,.T.);
#1046 = VERTEX_POINT('',#1047);
#1047 = CARTESIAN_POINT('',(167.1345596729,162.6345596729,-9.));
#1048 = SURFACE_CURVE('',#1049,(#1054,#1065),.PCURVE_S1.);
#1049 = CIRCLE('',#1050,4.5);
#1050 = AXIS2_PLACEMENT_3D('',#1051,#1052,#1053);
#1051 = CARTESIAN_POINT('',(162.6345596729,162.6345596729,-9.));
#1052 = DIRECTION('',(0.,0.,-1.));
#1053 = DIRECTION('',(1.,0.,0.));
#1054 = PCURVE('',#101,#1055);
#1055 = DEFINITIONAL_REPRESENTATION('',(#1056),#1064);
#1056 = ( BOUNDED_CURVE() B_SPLINE_CURVE(2,(#1057,#1058,#1059,#1060,
#1061,#1062,#1063),.UNSPECIFIED.,.T.,.F.) B_SPLINE_CURVE_WITH_KNOTS((1,2
    ,2,2,2,1),(-2.094395102393,0.,2.094395102393,4.188790204786,
6.28318530718,8.377580409573),.UNSPECIFIED.) CURVE() 
GEOMETRIC_REPRESENTATION_ITEM() RATIONAL_B_SPLINE_CURVE((1.,0.5,1.,0.5,
1.,0.5,1.)) REPRESENTATION_ITEM('') );
#1057 = CARTESIAN_POINT('',(167.1345596729,162.6345596729));
#1058 = CARTESIAN_POINT('',(167.1345596729,154.84033103884));
#1059 = CARTESIAN_POINT('',(160.3845596729,158.73744535587));
#1060 = CARTESIAN_POINT('',(153.6345596729,162.6345596729));
#1061 = CARTESIAN_POINT('',(160.3845596729,166.53167398993));
#1062 = CARTESIAN_POINT('',(167.1345596729,170.42878830696));
#1063 = CARTESIAN_POINT('',(167.1345596729,162.6345596729));
#1064 = ( GEOMETRIC_REPRESENTATION_CONTEXT(2) 
PARAMETRIC_REPRESENTATION_CONTEXT() REPRESENTATION_CONTEXT('2D SPACE',''
  ) );
#1065 = PCURVE('',#1066,#1071);
#1066 = CYLINDRICAL_SURFACE('',#1067,4.5);
#1067 = AXIS2_PLACEMENT_3D('',#1068,#1069,#1070);
#1068 = CARTESIAN_POINT('',(162.6345596729,162.6345596729,-10.));
#1069 = DIRECTION('',(-0.,-0.,-1.));
#1070 = DIRECTION('',(1.,0.,0.));
#1071 = DEFINITIONAL_REPRESENTATION('',(#1072),#1076);
#1072 = LINE('',#1073,#1074);
#1073 = CARTESIAN_POINT('',(-4.138911435803E-13,-1.));
#1074 = VECTOR('',#1075,1.);
#1075 = DIRECTION('',(1.,-0.));
#1076 = ( GEOMETRIC_REPRESENTATION_CONTEXT(2) 
PARAMETRIC_REPRESENTATION_CONTEXT() REPRESENTATION_CONTEXT('2D SPACE',''
  ) );
#1077 = ADVANCED_FACE('',(#1078,#1081,#1111,#1141,#1171,#1201,#1231,
    #1261,#1291,#1321,#1351,#1381,#1411,#1441,#1471,#1501,#1531,#1561,
    #1591,#1621,#1651,#1681,#1711,#1741,#1771,#1801,#1831),#151,.T.);
#1078 = FACE_BOUND('',#1079,.T.);
#1079 = EDGE_LOOP('',(#1080));
#1080 = ORIENTED_EDGE('',*,*,#136,.T.);
#1081 = FACE_BOUND('',#1082,.T.);
#1082 = EDGE_LOOP('',(#1083));
#1083 = ORIENTED_EDGE('',*,*,#1084,.T.);
#1084 = EDGE_CURVE('',#1085,#1085,#1087,.T.);
#1085 = VERTEX_POINT('',#1086);
#1086 = CARTESIAN_POINT('',(-158.1345596729,-162.6345596729,9.));
#1087 = SURFACE_CURVE('',#1088,(#1093,#1104),.PCURVE_S1.);
#1088 = CIRCLE('',#1089,4.5);
#1089 = AXIS2_PLACEMENT_3D('',#1090,#1091,#1092);
#1090 = CARTESIAN_POINT('',(-162.6345596729,-162.6345596729,9.));
#1091 = DIRECTION('',(0.,0.,-1.));
#1092 = DIRECTION('',(1.,0.,0.));
#1093 = PCURVE('',#151,#1094);
#1094 = DEFINITIONAL_REPRESENTATION('',(#1095),#1103);
#1095 = ( BOUNDED_CURVE() B_SPLINE_CURVE(2,(#1096,#1097,#1098,#1099,
#1100,#1101,#1102),.UNSPECIFIED.,.T.,.F.) B_SPLINE_CURVE_WITH_KNOTS((1,2
    ,2,2,2,1),(-2.094395102393,0.,2.094395102393,4.188790204786,
6.28318530718,8.377580409573),.UNSPECIFIED.) CURVE() 
GEOMETRIC_REPRESENTATION_ITEM() RATIONAL_B_SPLINE_CURVE((1.,0.5,1.,0.5,
1.,0.5,1.)) REPRESENTATION_ITEM('') );
#1096 = CARTESIAN_POINT('',(-158.1345596729,-162.6345596729));
#1097 = CARTESIAN_POINT('',(-158.1345596729,-170.4287883069));
#1098 = CARTESIAN_POINT('',(-164.8845596729,-166.5316739899));
#1099 = CARTESIAN_POINT('',(-171.6345596729,-162.6345596729));
#1100 = CARTESIAN_POINT('',(-164.8845596729,-158.7374453558));
#1101 = CARTESIAN_POINT('',(-158.1345596729,-154.8403310388));
#1102 = CARTESIAN_POINT('',(-158.1345596729,-162.6345596729));
#1103 = ( GEOMETRIC_REPRESENTATION_CONTEXT(2) 
PARAMETRIC_REPRESENTATION_CONTEXT() REPRESENTATION_CONTEXT('2D SPACE',''
  ) );
#1104 = PCURVE('',#191,#1105);
#1105 = DEFINITIONAL_REPRESENTATION('',(#1106),#1110);
#1106 = LINE('',#1107,#1108);
#1107 = CARTESIAN_POINT('',(-4.138911435803E-13,-19.));
#1108 = VECTOR('',#1109,1.);
#1109 = DIRECTION('',(1.,-0.));
#1110 = ( GEOMETRIC_REPRESENTATION_CONTEXT(2) 
PARAMETRIC_REPRESENTATION_CONTEXT() REPRESENTATION_CONTEXT('2D SPACE',''
  ) );
#1111 = FACE_BOUND('',#1112,.T.);
#1112 = EDGE_LOOP('',(#1113));
#1113 = ORIENTED_EDGE('',*,*,#1114,.T.);
#1114 = EDGE_CURVE('',#1115,#1115,#1117,.T.);
#1115 = VERTEX_POINT('',#1116);
#1116 = CARTESIAN_POINT('',(-55.02838037358,-222.1629400464,9.));
#1117 = SURFACE_CURVE('',#1118,(#1123,#1134),.PCURVE_S1.);
#1118 = CIRCLE('',#1119,4.5);
#1119 = AXIS2_PLACEMENT_3D('',#1120,#1121,#1122);
#1120 = CARTESIAN_POINT('',(-59.52838037358,-222.1629400464,9.));
#1121 = DIRECTION('',(0.,0.,-1.));
#1122 = DIRECTION('',(1.,0.,0.));
#1123 = PCURVE('',#151,#1124);
#1124 = DEFINITIONAL_REPRESENTATION('',(#1125),#1133);
#1125 = ( BOUNDED_CURVE() B_SPLINE_CURVE(2,(#1126,#1127,#1128,#1129,
#1130,#1131,#1132),.UNSPECIFIED.,.T.,.F.) B_SPLINE_CURVE_WITH_KNOTS((1,2
    ,2,2,2,1),(-2.094395102393,0.,2.094395102393,4.188790204786,
6.28318530718,8.377580409573),.UNSPECIFIED.) CURVE() 
GEOMETRIC_REPRESENTATION_ITEM() RATIONAL_B_SPLINE_CURVE((1.,0.5,1.,0.5,
1.,0.5,1.)) REPRESENTATION_ITEM('') );
#1126 = CARTESIAN_POINT('',(-55.02838037358,-222.1629400464));
#1127 = CARTESIAN_POINT('',(-55.02838037358,-229.9571686804));
#1128 = CARTESIAN_POINT('',(-61.77838037358,-226.0600543634));
#1129 = CARTESIAN_POINT('',(-68.52838037358,-222.1629400464));
#1130 = CARTESIAN_POINT('',(-61.77838037358,-218.2658257293));
#1131 = CARTESIAN_POINT('',(-55.02838037358,-214.3687114123));
#1132 = CARTESIAN_POINT('',(-55.02838037358,-222.1629400464));
#1133 = ( GEOMETRIC_REPRESENTATION_CONTEXT(2) 
PARAMETRIC_REPRESENTATION_CONTEXT() REPRESENTATION_CONTEXT('2D SPACE',''
  ) );
#1134 = PCURVE('',#226,#1135);
#1135 = DEFINITIONAL_REPRESENTATION('',(#1136),#1140);
#1136 = LINE('',#1137,#1138);
#1137 = CARTESIAN_POINT('',(-4.138911435803E-13,-19.));
#1138 = VECTOR('',#1139,1.);
#1139 = DIRECTION('',(1.,-0.));
#1140 = ( GEOMETRIC_REPRESENTATION_CONTEXT(2) 
PARAMETRIC_REPRESENTATION_CONTEXT() REPRESENTATION_CONTEXT('2D SPACE',''
  ) );
#1141 = FACE_BOUND('',#1142,.T.);
#1142 = EDGE_LOOP('',(#1143));
#1143 = ORIENTED_EDGE('',*,*,#1144,.T.);
#1144 = EDGE_CURVE('',#1145,#1145,#1147,.T.);
#1145 = VERTEX_POINT('',#1146);
#1146 = CARTESIAN_POINT('',(-61.96960066389,-161.6789181894,9.));
#1147 = SURFACE_CURVE('',#1148,(#1153,#1164),.PCURVE_S1.);
#1148 = CIRCLE('',#1149,5.);
#1149 = AXIS2_PLACEMENT_3D('',#1150,#1151,#1152);
#1150 = CARTESIAN_POINT('',(-66.96960066389,-161.6789181894,9.));
#1151 = DIRECTION('',(0.,0.,-1.));
#1152 = DIRECTION('',(1.,0.,0.));
#1153 = PCURVE('',#151,#1154);
#1154 = DEFINITIONAL_REPRESENTATION('',(#1155),#1163);
#1155 = ( BOUNDED_CURVE() B_SPLINE_CURVE(2,(#1156,#1157,#1158,#1159,
#1160,#1161,#1162),.UNSPECIFIED.,.T.,.F.) B_SPLINE_CURVE_WITH_KNOTS((1,2
    ,2,2,2,1),(-2.094395102393,0.,2.094395102393,4.188790204786,
6.28318530718,8.377580409573),.UNSPECIFIED.) CURVE() 
GEOMETRIC_REPRESENTATION_ITEM() RATIONAL_B_SPLINE_CURVE((1.,0.5,1.,0.5,
1.,0.5,1.)) REPRESENTATION_ITEM('') );
#1156 = CARTESIAN_POINT('',(-61.96960066389,-161.6789181894));
#1157 = CARTESIAN_POINT('',(-61.96960066389,-170.3391722272));
#1158 = CARTESIAN_POINT('',(-69.46960066389,-166.0090452083));
#1159 = CARTESIAN_POINT('',(-76.96960066389,-161.6789181894));
#1160 = CARTESIAN_POINT('',(-69.46960066389,-157.3487911704));
#1161 = CARTESIAN_POINT('',(-61.96960066389,-153.0186641515));
#1162 = CARTESIAN_POINT('',(-61.96960066389,-161.6789181894));
#1163 = ( GEOMETRIC_REPRESENTATION_CONTEXT(2) 
PARAMETRIC_REPRESENTATION_CONTEXT() REPRESENTATION_CONTEXT('2D SPACE',''
  ) );
#1164 = PCURVE('',#261,#1165);
#1165 = DEFINITIONAL_REPRESENTATION('',(#1166),#1170);
#1166 = LINE('',#1167,#1168);
#1167 = CARTESIAN_POINT('',(-4.138911435803E-13,-19.));
#1168 = VECTOR('',#1169,1.);
#1169 = DIRECTION('',(1.,-0.));
#1170 = ( GEOMETRIC_REPRESENTATION_CONTEXT(2) 
PARAMETRIC_REPRESENTATION_CONTEXT() REPRESENTATION_CONTEXT('2D SPACE',''
  ) );
#1171 = FACE_BOUND('',#1172,.T.);
#1172 = EDGE_LOOP('',(#1173));
#1173 = ORIENTED_EDGE('',*,*,#1174,.T.);
#1174 = EDGE_CURVE('',#1175,#1175,#1177,.T.);
#1175 = VERTEX_POINT('',#1176);
#1176 = CARTESIAN_POINT('',(-217.6629400464,-59.52838037358,9.));
#1177 = SURFACE_CURVE('',#1178,(#1183,#1194),.PCURVE_S1.);
#1178 = CIRCLE('',#1179,4.5);
#1179 = AXIS2_PLACEMENT_3D('',#1180,#1181,#1182);
#1180 = CARTESIAN_POINT('',(-222.1629400464,-59.52838037358,9.));
#1181 = DIRECTION('',(0.,0.,-1.));
#1182 = DIRECTION('',(1.,0.,0.));
#1183 = PCURVE('',#151,#1184);
#1184 = DEFINITIONAL_REPRESENTATION('',(#1185),#1193);
#1185 = ( BOUNDED_CURVE() B_SPLINE_CURVE(2,(#1186,#1187,#1188,#1189,
#1190,#1191,#1192),.UNSPECIFIED.,.T.,.F.) B_SPLINE_CURVE_WITH_KNOTS((1,2
    ,2,2,2,1),(-2.094395102393,0.,2.094395102393,4.188790204786,
6.28318530718,8.377580409573),.UNSPECIFIED.) CURVE() 
GEOMETRIC_REPRESENTATION_ITEM() RATIONAL_B_SPLINE_CURVE((1.,0.5,1.,0.5,
1.,0.5,1.)) REPRESENTATION_ITEM('') );
#1186 = CARTESIAN_POINT('',(-217.6629400464,-59.52838037358));
#1187 = CARTESIAN_POINT('',(-217.6629400464,-67.32260900764));
#1188 = CARTESIAN_POINT('',(-224.4129400464,-63.42549469061));
#1189 = CARTESIAN_POINT('',(-231.1629400464,-59.52838037358));
#1190 = CARTESIAN_POINT('',(-224.4129400464,-55.63126605655));
#1191 = CARTESIAN_POINT('',(-217.6629400464,-51.73415173952));
#1192 = CARTESIAN_POINT('',(-217.6629400464,-59.52838037358));
#1193 = ( GEOMETRIC_REPRESENTATION_CONTEXT(2) 
PARAMETRIC_REPRESENTATION_CONTEXT() REPRESENTATION_CONTEXT('2D SPACE',''
  ) );
#1194 = PCURVE('',#296,#1195);
#1195 = DEFINITIONAL_REPRESENTATION('',(#1196),#1200);
#1196 = LINE('',#1197,#1198);
#1197 = CARTESIAN_POINT('',(-4.138911435803E-13,-19.));
#1198 = VECTOR('',#1199,1.);
#1199 = DIRECTION('',(1.,-0.));
#1200 = ( GEOMETRIC_REPRESENTATION_CONTEXT(2) 
PARAMETRIC_REPRESENTATION_CONTEXT() REPRESENTATION_CONTEXT('2D SPACE',''
  ) );
#1201 = FACE_BOUND('',#1202,.T.);
#1202 = EDGE_LOOP('',(#1203));
#1203 = ORIENTED_EDGE('',*,*,#1204,.T.);
#1204 = EDGE_CURVE('',#1205,#1205,#1207,.T.);
#1205 = VERTEX_POINT('',#1206);
#1206 = CARTESIAN_POINT('',(-156.6789181894,-66.96960066389,9.));
#1207 = SURFACE_CURVE('',#1208,(#1213,#1224),.PCURVE_S1.);
#1208 = CIRCLE('',#1209,5.);
#1209 = AXIS2_PLACEMENT_3D('',#1210,#1211,#1212);
#1210 = CARTESIAN_POINT('',(-161.6789181894,-66.96960066389,9.));
#1211 = DIRECTION('',(0.,0.,-1.));
#1212 = DIRECTION('',(1.,0.,0.));
#1213 = PCURVE('',#151,#1214);
#1214 = DEFINITIONAL_REPRESENTATION('',(#1215),#1223);
#1215 = ( BOUNDED_CURVE() B_SPLINE_CURVE(2,(#1216,#1217,#1218,#1219,
#1220,#1221,#1222),.UNSPECIFIED.,.T.,.F.) B_SPLINE_CURVE_WITH_KNOTS((1,2
    ,2,2,2,1),(-2.094395102393,0.,2.094395102393,4.188790204786,
6.28318530718,8.377580409573),.UNSPECIFIED.) CURVE() 
GEOMETRIC_REPRESENTATION_ITEM() RATIONAL_B_SPLINE_CURVE((1.,0.5,1.,0.5,
1.,0.5,1.)) REPRESENTATION_ITEM('') );
#1216 = CARTESIAN_POINT('',(-156.6789181894,-66.96960066389));
#1217 = CARTESIAN_POINT('',(-156.6789181894,-75.62985470173));
#1218 = CARTESIAN_POINT('',(-164.1789181894,-71.29972768281));
#1219 = CARTESIAN_POINT('',(-171.6789181894,-66.96960066389));
#1220 = CARTESIAN_POINT('',(-164.1789181894,-62.63947364496));
#1221 = CARTESIAN_POINT('',(-156.6789181894,-58.30934662604));
#1222 = CARTESIAN_POINT('',(-156.6789181894,-66.96960066389));
#1223 = ( GEOMETRIC_REPRESENTATION_CONTEXT(2) 
PARAMETRIC_REPRESENTATION_CONTEXT() REPRESENTATION_CONTEXT('2D SPACE',''
  ) );
#1224 = PCURVE('',#331,#1225);
#1225 = DEFINITIONAL_REPRESENTATION('',(#1226),#1230);
#1226 = LINE('',#1227,#1228);
#1227 = CARTESIAN_POINT('',(-4.138911435803E-13,-19.));
#1228 = VECTOR('',#1229,1.);
#1229 = DIRECTION('',(1.,-0.));
#1230 = ( GEOMETRIC_REPRESENTATION_CONTEXT(2) 
PARAMETRIC_REPRESENTATION_CONTEXT() REPRESENTATION_CONTEXT('2D SPACE',''
  ) );
#1231 = FACE_BOUND('',#1232,.T.);
#1232 = EDGE_LOOP('',(#1233));
#1233 = ORIENTED_EDGE('',*,*,#1234,.T.);
#1234 = EDGE_CURVE('',#1235,#1235,#1237,.T.);
#1235 = VERTEX_POINT('',#1236);
#1236 = CARTESIAN_POINT('',(64.02838037358,-222.1629400464,9.));
#1237 = SURFACE_CURVE('',#1238,(#1243,#1254),.PCURVE_S1.);
#1238 = CIRCLE('',#1239,4.5);
#1239 = AXIS2_PLACEMENT_3D('',#1240,#1241,#1242);
#1240 = CARTESIAN_POINT('',(59.52838037358,-222.1629400464,9.));
#1241 = DIRECTION('',(0.,0.,-1.));
#1242 = DIRECTION('',(1.,0.,0.));
#1243 = PCURVE('',#151,#1244);
#1244 = DEFINITIONAL_REPRESENTATION('',(#1245),#1253);
#1245 = ( BOUNDED_CURVE() B_SPLINE_CURVE(2,(#1246,#1247,#1248,#1249,
#1250,#1251,#1252),.UNSPECIFIED.,.T.,.F.) B_SPLINE_CURVE_WITH_KNOTS((1,2
    ,2,2,2,1),(-2.094395102393,0.,2.094395102393,4.188790204786,
6.28318530718,8.377580409573),.UNSPECIFIED.) CURVE() 
GEOMETRIC_REPRESENTATION_ITEM() RATIONAL_B_SPLINE_CURVE((1.,0.5,1.,0.5,
1.,0.5,1.)) REPRESENTATION_ITEM('') );
#1246 = CARTESIAN_POINT('',(64.02838037358,-222.1629400464));
#1247 = CARTESIAN_POINT('',(64.02838037358,-229.9571686804));
#1248 = CARTESIAN_POINT('',(57.27838037358,-226.0600543634));
#1249 = CARTESIAN_POINT('',(50.52838037358,-222.1629400464));
#1250 = CARTESIAN_POINT('',(57.27838037358,-218.2658257293));
#1251 = CARTESIAN_POINT('',(64.02838037358,-214.3687114123));
#1252 = CARTESIAN_POINT('',(64.02838037358,-222.1629400464));
#1253 = ( GEOMETRIC_REPRESENTATION_CONTEXT(2) 
PARAMETRIC_REPRESENTATION_CONTEXT() REPRESENTATION_CONTEXT('2D SPACE',''
  ) );
#1254 = PCURVE('',#366,#1255);
#1255 = DEFINITIONAL_REPRESENTATION('',(#1256),#1260);
#1256 = LINE('',#1257,#1258);
#1257 = CARTESIAN_POINT('',(-4.138911435803E-13,-19.));
#1258 = VECTOR('',#1259,1.);
#1259 = DIRECTION('',(1.,-0.));
#1260 = ( GEOMETRIC_REPRESENTATION_CONTEXT(2) 
PARAMETRIC_REPRESENTATION_CONTEXT() REPRESENTATION_CONTEXT('2D SPACE',''
  ) );
#1261 = FACE_BOUND('',#1262,.T.);
#1262 = EDGE_LOOP('',(#1263));
#1263 = ORIENTED_EDGE('',*,*,#1264,.T.);
#1264 = EDGE_CURVE('',#1265,#1265,#1267,.T.);
#1265 = VERTEX_POINT('',#1266);
#1266 = CARTESIAN_POINT('',(94.5,-190.,9.));
#1267 = SURFACE_CURVE('',#1268,(#1273,#1284),.PCURVE_S1.);
#1268 = CIRCLE('',#1269,4.5);
#1269 = AXIS2_PLACEMENT_3D('',#1270,#1271,#1272);
#1270 = CARTESIAN_POINT('',(90.,-190.,9.));
#1271 = DIRECTION('',(0.,0.,-1.));
#1272 = DIRECTION('',(1.,0.,0.));
#1273 = PCURVE('',#151,#1274);
#1274 = DEFINITIONAL_REPRESENTATION('',(#1275),#1283);
#1275 = ( BOUNDED_CURVE() B_SPLINE_CURVE(2,(#1276,#1277,#1278,#1279,
#1280,#1281,#1282),.UNSPECIFIED.,.T.,.F.) B_SPLINE_CURVE_WITH_KNOTS((1,2
    ,2,2,2,1),(-2.094395102393,0.,2.094395102393,4.188790204786,
6.28318530718,8.377580409573),.UNSPECIFIED.) CURVE() 
GEOMETRIC_REPRESENTATION_ITEM() RATIONAL_B_SPLINE_CURVE((1.,0.5,1.,0.5,
1.,0.5,1.)) REPRESENTATION_ITEM('') );
#1276 = CARTESIAN_POINT('',(94.5,-190.));
#1277 = CARTESIAN_POINT('',(94.5,-197.794228634));
#1278 = CARTESIAN_POINT('',(87.75,-193.897114317));
#1279 = CARTESIAN_POINT('',(81.,-190.));
#1280 = CARTESIAN_POINT('',(87.75,-186.1028856829));
#1281 = CARTESIAN_POINT('',(94.5,-182.2057713659));
#1282 = CARTESIAN_POINT('',(94.5,-190.));
#1283 = ( GEOMETRIC_REPRESENTATION_CONTEXT(2) 
PARAMETRIC_REPRESENTATION_CONTEXT() REPRESENTATION_CONTEXT('2D SPACE',''
  ) );
#1284 = PCURVE('',#401,#1285);
#1285 = DEFINITIONAL_REPRESENTATION('',(#1286),#1290);
#1286 = LINE('',#1287,#1288);
#1287 = CARTESIAN_POINT('',(-4.138911435803E-13,-19.));
#1288 = VECTOR('',#1289,1.);
#1289 = DIRECTION('',(1.,-0.));
#1290 = ( GEOMETRIC_REPRESENTATION_CONTEXT(2) 
PARAMETRIC_REPRESENTATION_CONTEXT() REPRESENTATION_CONTEXT('2D SPACE',''
  ) );
#1291 = FACE_BOUND('',#1292,.T.);
#1292 = EDGE_LOOP('',(#1293));
#1293 = ORIENTED_EDGE('',*,*,#1294,.T.);
#1294 = EDGE_CURVE('',#1295,#1295,#1297,.T.);
#1295 = VERTEX_POINT('',#1296);
#1296 = CARTESIAN_POINT('',(71.969600663891,-161.6789181894,9.));
#1297 = SURFACE_CURVE('',#1298,(#1303,#1314),.PCURVE_S1.);
#1298 = CIRCLE('',#1299,5.);
#1299 = AXIS2_PLACEMENT_3D('',#1300,#1301,#1302);
#1300 = CARTESIAN_POINT('',(66.969600663891,-161.6789181894,9.));
#1301 = DIRECTION('',(0.,0.,-1.));
#1302 = DIRECTION('',(1.,0.,0.));
#1303 = PCURVE('',#151,#1304);
#1304 = DEFINITIONAL_REPRESENTATION('',(#1305),#1313);
#1305 = ( BOUNDED_CURVE() B_SPLINE_CURVE(2,(#1306,#1307,#1308,#1309,
#1310,#1311,#1312),.UNSPECIFIED.,.T.,.F.) B_SPLINE_CURVE_WITH_KNOTS((1,2
    ,2,2,2,1),(-2.094395102393,0.,2.094395102393,4.188790204786,
6.28318530718,8.377580409573),.UNSPECIFIED.) CURVE() 
GEOMETRIC_REPRESENTATION_ITEM() RATIONAL_B_SPLINE_CURVE((1.,0.5,1.,0.5,
1.,0.5,1.)) REPRESENTATION_ITEM('') );
#1306 = CARTESIAN_POINT('',(71.969600663891,-161.6789181894));
#1307 = CARTESIAN_POINT('',(71.969600663891,-170.3391722272));
#1308 = CARTESIAN_POINT('',(64.469600663891,-166.0090452083));
#1309 = CARTESIAN_POINT('',(56.969600663891,-161.6789181894));
#1310 = CARTESIAN_POINT('',(64.469600663891,-157.3487911704));
#1311 = CARTESIAN_POINT('',(71.969600663891,-153.0186641515));
#1312 = CARTESIAN_POINT('',(71.969600663891,-161.6789181894));
#1313 = ( GEOMETRIC_REPRESENTATION_CONTEXT(2) 
PARAMETRIC_REPRESENTATION_CONTEXT() REPRESENTATION_CONTEXT('2D SPACE',''
  ) );
#1314 = PCURVE('',#436,#1315);
#1315 = DEFINITIONAL_REPRESENTATION('',(#1316),#1320);
#1316 = LINE('',#1317,#1318);
#1317 = CARTESIAN_POINT('',(-4.138911435803E-13,-19.));
#1318 = VECTOR('',#1319,1.);
#1319 = DIRECTION('',(1.,-0.));
#1320 = ( GEOMETRIC_REPRESENTATION_CONTEXT(2) 
PARAMETRIC_REPRESENTATION_CONTEXT() REPRESENTATION_CONTEXT('2D SPACE',''
  ) );
#1321 = FACE_BOUND('',#1322,.T.);
#1322 = EDGE_LOOP('',(#1323));
#1323 = ORIENTED_EDGE('',*,*,#1324,.T.);
#1324 = EDGE_CURVE('',#1325,#1325,#1327,.T.);
#1325 = VERTEX_POINT('',#1326);
#1326 = CARTESIAN_POINT('',(94.5,-140.,9.));
#1327 = SURFACE_CURVE('',#1328,(#1333,#1344),.PCURVE_S1.);
#1328 = CIRCLE('',#1329,4.5);
#1329 = AXIS2_PLACEMENT_3D('',#1330,#1331,#1332);
#1330 = CARTESIAN_POINT('',(90.,-140.,9.));
#1331 = DIRECTION('',(0.,0.,-1.));
#1332 = DIRECTION('',(1.,0.,0.));
#1333 = PCURVE('',#151,#1334);
#1334 = DEFINITIONAL_REPRESENTATION('',(#1335),#1343);
#1335 = ( BOUNDED_CURVE() B_SPLINE_CURVE(2,(#1336,#1337,#1338,#1339,
#1340,#1341,#1342),.UNSPECIFIED.,.T.,.F.) B_SPLINE_CURVE_WITH_KNOTS((1,2
    ,2,2,2,1),(-2.094395102393,0.,2.094395102393,4.188790204786,
6.28318530718,8.377580409573),.UNSPECIFIED.) CURVE() 
GEOMETRIC_REPRESENTATION_ITEM() RATIONAL_B_SPLINE_CURVE((1.,0.5,1.,0.5,
1.,0.5,1.)) REPRESENTATION_ITEM('') );
#1336 = CARTESIAN_POINT('',(94.5,-140.));
#1337 = CARTESIAN_POINT('',(94.5,-147.794228634));
#1338 = CARTESIAN_POINT('',(87.75,-143.897114317));
#1339 = CARTESIAN_POINT('',(81.,-140.));
#1340 = CARTESIAN_POINT('',(87.75,-136.1028856829));
#1341 = CARTESIAN_POINT('',(94.5,-132.2057713659));
#1342 = CARTESIAN_POINT('',(94.5,-140.));
#1343 = ( GEOMETRIC_REPRESENTATION_CONTEXT(2) 
PARAMETRIC_REPRESENTATION_CONTEXT() REPRESENTATION_CONTEXT('2D SPACE',''
  ) );
#1344 = PCURVE('',#471,#1345);
#1345 = DEFINITIONAL_REPRESENTATION('',(#1346),#1350);
#1346 = LINE('',#1347,#1348);
#1347 = CARTESIAN_POINT('',(-4.138911435803E-13,-19.));
#1348 = VECTOR('',#1349,1.);
#1349 = DIRECTION('',(1.,-0.));
#1350 = ( GEOMETRIC_REPRESENTATION_CONTEXT(2) 
PARAMETRIC_REPRESENTATION_CONTEXT() REPRESENTATION_CONTEXT('2D SPACE',''
  ) );
#1351 = FACE_BOUND('',#1352,.T.);
#1352 = EDGE_LOOP('',(#1353));
#1353 = ORIENTED_EDGE('',*,*,#1354,.T.);
#1354 = EDGE_CURVE('',#1355,#1355,#1357,.T.);
#1355 = VERTEX_POINT('',#1356);
#1356 = CARTESIAN_POINT('',(154.5,-190.,9.));
#1357 = SURFACE_CURVE('',#1358,(#1363,#1374),.PCURVE_S1.);
#1358 = CIRCLE('',#1359,4.5);
#1359 = AXIS2_PLACEMENT_3D('',#1360,#1361,#1362);
#1360 = CARTESIAN_POINT('',(150.,-190.,9.));
#1361 = DIRECTION('',(0.,0.,-1.));
#1362 = DIRECTION('',(1.,0.,0.));
#1363 = PCURVE('',#151,#1364);
#1364 = DEFINITIONAL_REPRESENTATION('',(#1365),#1373);
#1365 = ( BOUNDED_CURVE() B_SPLINE_CURVE(2,(#1366,#1367,#1368,#1369,
#1370,#1371,#1372),.UNSPECIFIED.,.T.,.F.) B_SPLINE_CURVE_WITH_KNOTS((1,2
    ,2,2,2,1),(-2.094395102393,0.,2.094395102393,4.188790204786,
6.28318530718,8.377580409573),.UNSPECIFIED.) CURVE() 
GEOMETRIC_REPRESENTATION_ITEM() RATIONAL_B_SPLINE_CURVE((1.,0.5,1.,0.5,
1.,0.5,1.)) REPRESENTATION_ITEM('') );
#1366 = CARTESIAN_POINT('',(154.5,-190.));
#1367 = CARTESIAN_POINT('',(154.5,-197.794228634));
#1368 = CARTESIAN_POINT('',(147.75,-193.897114317));
#1369 = CARTESIAN_POINT('',(141.,-190.));
#1370 = CARTESIAN_POINT('',(147.75,-186.1028856829));
#1371 = CARTESIAN_POINT('',(154.5,-182.2057713659));
#1372 = CARTESIAN_POINT('',(154.5,-190.));
#1373 = ( GEOMETRIC_REPRESENTATION_CONTEXT(2) 
PARAMETRIC_REPRESENTATION_CONTEXT() REPRESENTATION_CONTEXT('2D SPACE',''
  ) );
#1374 = PCURVE('',#506,#1375);
#1375 = DEFINITIONAL_REPRESENTATION('',(#1376),#1380);
#1376 = LINE('',#1377,#1378);
#1377 = CARTESIAN_POINT('',(-4.138911435803E-13,-19.));
#1378 = VECTOR('',#1379,1.);
#1379 = DIRECTION('',(1.,-0.));
#1380 = ( GEOMETRIC_REPRESENTATION_CONTEXT(2) 
PARAMETRIC_REPRESENTATION_CONTEXT() REPRESENTATION_CONTEXT('2D SPACE',''
  ) );
#1381 = FACE_BOUND('',#1382,.T.);
#1382 = EDGE_LOOP('',(#1383));
#1383 = ORIENTED_EDGE('',*,*,#1384,.T.);
#1384 = EDGE_CURVE('',#1385,#1385,#1387,.T.);
#1385 = VERTEX_POINT('',#1386);
#1386 = CARTESIAN_POINT('',(132.,-165.,9.));
#1387 = SURFACE_CURVE('',#1388,(#1393,#1404),.PCURVE_S1.);
#1388 = CIRCLE('',#1389,12.);
#1389 = AXIS2_PLACEMENT_3D('',#1390,#1391,#1392);
#1390 = CARTESIAN_POINT('',(120.,-165.,9.));
#1391 = DIRECTION('',(0.,0.,-1.));
#1392 = DIRECTION('',(1.,0.,0.));
#1393 = PCURVE('',#151,#1394);
#1394 = DEFINITIONAL_REPRESENTATION('',(#1395),#1403);
#1395 = ( BOUNDED_CURVE() B_SPLINE_CURVE(2,(#1396,#1397,#1398,#1399,
#1400,#1401,#1402),.UNSPECIFIED.,.T.,.F.) B_SPLINE_CURVE_WITH_KNOTS((1,2
    ,2,2,2,1),(-2.094395102393,0.,2.094395102393,4.188790204786,
6.28318530718,8.377580409573),.UNSPECIFIED.) CURVE() 
GEOMETRIC_REPRESENTATION_ITEM() RATIONAL_B_SPLINE_CURVE((1.,0.5,1.,0.5,
1.,0.5,1.)) REPRESENTATION_ITEM('') );
#1396 = CARTESIAN_POINT('',(132.,-165.));
#1397 = CARTESIAN_POINT('',(132.,-185.7846096908));
#1398 = CARTESIAN_POINT('',(114.,-175.3923048454));
#1399 = CARTESIAN_POINT('',(96.,-165.));
#1400 = CARTESIAN_POINT('',(114.,-154.6076951545));
#1401 = CARTESIAN_POINT('',(132.,-144.2153903091));
#1402 = CARTESIAN_POINT('',(132.,-165.));
#1403 = ( GEOMETRIC_REPRESENTATION_CONTEXT(2) 
PARAMETRIC_REPRESENTATION_CONTEXT() REPRESENTATION_CONTEXT('2D SPACE',''
  ) );
#1404 = PCURVE('',#541,#1405);
#1405 = DEFINITIONAL_REPRESENTATION('',(#1406),#1410);
#1406 = LINE('',#1407,#1408);
#1407 = CARTESIAN_POINT('',(-4.138911435803E-13,-19.));
#1408 = VECTOR('',#1409,1.);
#1409 = DIRECTION('',(1.,-0.));
#1410 = ( GEOMETRIC_REPRESENTATION_CONTEXT(2) 
PARAMETRIC_REPRESENTATION_CONTEXT() REPRESENTATION_CONTEXT('2D SPACE',''
  ) );
#1411 = FACE_BOUND('',#1412,.T.);
#1412 = EDGE_LOOP('',(#1413));
#1413 = ORIENTED_EDGE('',*,*,#1414,.T.);
#1414 = EDGE_CURVE('',#1415,#1415,#1417,.T.);
#1415 = VERTEX_POINT('',#1416);
#1416 = CARTESIAN_POINT('',(167.1345596729,-162.6345596729,9.));
#1417 = SURFACE_CURVE('',#1418,(#1423,#1434),.PCURVE_S1.);
#1418 = CIRCLE('',#1419,4.5);
#1419 = AXIS2_PLACEMENT_3D('',#1420,#1421,#1422);
#1420 = CARTESIAN_POINT('',(162.6345596729,-162.6345596729,9.));
#1421 = DIRECTION('',(0.,0.,-1.));
#1422 = DIRECTION('',(1.,0.,0.));
#1423 = PCURVE('',#151,#1424);
#1424 = DEFINITIONAL_REPRESENTATION('',(#1425),#1433);
#1425 = ( BOUNDED_CURVE() B_SPLINE_CURVE(2,(#1426,#1427,#1428,#1429,
#1430,#1431,#1432),.UNSPECIFIED.,.T.,.F.) B_SPLINE_CURVE_WITH_KNOTS((1,2
    ,2,2,2,1),(-2.094395102393,0.,2.094395102393,4.188790204786,
6.28318530718,8.377580409573),.UNSPECIFIED.) CURVE() 
GEOMETRIC_REPRESENTATION_ITEM() RATIONAL_B_SPLINE_CURVE((1.,0.5,1.,0.5,
1.,0.5,1.)) REPRESENTATION_ITEM('') );
#1426 = CARTESIAN_POINT('',(167.1345596729,-162.6345596729));
#1427 = CARTESIAN_POINT('',(167.1345596729,-170.4287883069));
#1428 = CARTESIAN_POINT('',(160.3845596729,-166.5316739899));
#1429 = CARTESIAN_POINT('',(153.6345596729,-162.6345596729));
#1430 = CARTESIAN_POINT('',(160.3845596729,-158.7374453558));
#1431 = CARTESIAN_POINT('',(167.1345596729,-154.8403310388));
#1432 = CARTESIAN_POINT('',(167.1345596729,-162.6345596729));
#1433 = ( GEOMETRIC_REPRESENTATION_CONTEXT(2) 
PARAMETRIC_REPRESENTATION_CONTEXT() REPRESENTATION_CONTEXT('2D SPACE',''
  ) );
#1434 = PCURVE('',#576,#1435);
#1435 = DEFINITIONAL_REPRESENTATION('',(#1436),#1440);
#1436 = LINE('',#1437,#1438);
#1437 = CARTESIAN_POINT('',(-4.138911435803E-13,-19.));
#1438 = VECTOR('',#1439,1.);
#1439 = DIRECTION('',(1.,-0.));
#1440 = ( GEOMETRIC_REPRESENTATION_CONTEXT(2) 
PARAMETRIC_REPRESENTATION_CONTEXT() REPRESENTATION_CONTEXT('2D SPACE',''
  ) );
#1441 = FACE_BOUND('',#1442,.T.);
#1442 = EDGE_LOOP('',(#1443));
#1443 = ORIENTED_EDGE('',*,*,#1444,.T.);
#1444 = EDGE_CURVE('',#1445,#1445,#1447,.T.);
#1445 = VERTEX_POINT('',#1446);
#1446 = CARTESIAN_POINT('',(154.5,-140.,9.));
#1447 = SURFACE_CURVE('',#1448,(#1453,#1464),.PCURVE_S1.);
#1448 = CIRCLE('',#1449,4.5);
#1449 = AXIS2_PLACEMENT_3D('',#1450,#1451,#1452);
#1450 = CARTESIAN_POINT('',(150.,-140.,9.));
#1451 = DIRECTION('',(0.,0.,-1.));
#1452 = DIRECTION('',(1.,0.,0.));
#1453 = PCURVE('',#151,#1454);
#1454 = DEFINITIONAL_REPRESENTATION('',(#1455),#1463);
#1455 = ( BOUNDED_CURVE() B_SPLINE_CURVE(2,(#1456,#1457,#1458,#1459,
#1460,#1461,#1462),.UNSPECIFIED.,.T.,.F.) B_SPLINE_CURVE_WITH_KNOTS((1,2
    ,2,2,2,1),(-2.094395102393,0.,2.094395102393,4.188790204786,
6.28318530718,8.377580409573),.UNSPECIFIED.) CURVE() 
GEOMETRIC_REPRESENTATION_ITEM() RATIONAL_B_SPLINE_CURVE((1.,0.5,1.,0.5,
1.,0.5,1.)) REPRESENTATION_ITEM('') );
#1456 = CARTESIAN_POINT('',(154.5,-140.));
#1457 = CARTESIAN_POINT('',(154.5,-147.794228634));
#1458 = CARTESIAN_POINT('',(147.75,-143.897114317));
#1459 = CARTESIAN_POINT('',(141.,-140.));
#1460 = CARTESIAN_POINT('',(147.75,-136.1028856829));
#1461 = CARTESIAN_POINT('',(154.5,-132.2057713659));
#1462 = CARTESIAN_POINT('',(154.5,-140.));
#1463 = ( GEOMETRIC_REPRESENTATION_CONTEXT(2) 
PARAMETRIC_REPRESENTATION_CONTEXT() REPRESENTATION_CONTEXT('2D SPACE',''
  ) );
#1464 = PCURVE('',#611,#1465);
#1465 = DEFINITIONAL_REPRESENTATION('',(#1466),#1470);
#1466 = LINE('',#1467,#1468);
#1467 = CARTESIAN_POINT('',(-4.138911435803E-13,-19.));
#1468 = VECTOR('',#1469,1.);
#1469 = DIRECTION('',(1.,-0.));
#1470 = ( GEOMETRIC_REPRESENTATION_CONTEXT(2) 
PARAMETRIC_REPRESENTATION_CONTEXT() REPRESENTATION_CONTEXT('2D SPACE',''
  ) );
#1471 = FACE_BOUND('',#1472,.T.);
#1472 = EDGE_LOOP('',(#1473));
#1473 = ORIENTED_EDGE('',*,*,#1474,.T.);
#1474 = EDGE_CURVE('',#1475,#1475,#1477,.T.);
#1475 = VERTEX_POINT('',#1476);
#1476 = CARTESIAN_POINT('',(166.67891818947,-66.96960066389,9.));
#1477 = SURFACE_CURVE('',#1478,(#1483,#1494),.PCURVE_S1.);
#1478 = CIRCLE('',#1479,5.);
#1479 = AXIS2_PLACEMENT_3D('',#1480,#1481,#1482);
#1480 = CARTESIAN_POINT('',(161.67891818947,-66.96960066389,9.));
#1481 = DIRECTION('',(0.,0.,-1.));
#1482 = DIRECTION('',(1.,0.,0.));
#1483 = PCURVE('',#151,#1484);
#1484 = DEFINITIONAL_REPRESENTATION('',(#1485),#1493);
#1485 = ( BOUNDED_CURVE() B_SPLINE_CURVE(2,(#1486,#1487,#1488,#1489,
#1490,#1491,#1492),.UNSPECIFIED.,.T.,.F.) B_SPLINE_CURVE_WITH_KNOTS((1,2
    ,2,2,2,1),(-2.094395102393,0.,2.094395102393,4.188790204786,
6.28318530718,8.377580409573),.UNSPECIFIED.) CURVE() 
GEOMETRIC_REPRESENTATION_ITEM() RATIONAL_B_SPLINE_CURVE((1.,0.5,1.,0.5,
1.,0.5,1.)) REPRESENTATION_ITEM('') );
#1486 = CARTESIAN_POINT('',(166.67891818947,-66.96960066389));
#1487 = CARTESIAN_POINT('',(166.67891818947,-75.62985470173));
#1488 = CARTESIAN_POINT('',(159.17891818947,-71.29972768281));
#1489 = CARTESIAN_POINT('',(151.67891818947,-66.96960066389));
#1490 = CARTESIAN_POINT('',(159.17891818947,-62.63947364496));
#1491 = CARTESIAN_POINT('',(166.67891818947,-58.30934662604));
#1492 = CARTESIAN_POINT('',(166.67891818947,-66.96960066389));
#1493 = ( GEOMETRIC_REPRESENTATION_CONTEXT(2) 
PARAMETRIC_REPRESENTATION_CONTEXT() REPRESENTATION_CONTEXT('2D SPACE',''
  ) );
#1494 = PCURVE('',#646,#1495);
#1495 = DEFINITIONAL_REPRESENTATION('',(#1496),#1500);
#1496 = LINE('',#1497,#1498);
#1497 = CARTESIAN_POINT('',(-4.138911435803E-13,-19.));
#1498 = VECTOR('',#1499,1.);
#1499 = DIRECTION('',(1.,-0.));
#1500 = ( GEOMETRIC_REPRESENTATION_CONTEXT(2) 
PARAMETRIC_REPRESENTATION_CONTEXT() REPRESENTATION_CONTEXT('2D SPACE',''
  ) );
#1501 = FACE_BOUND('',#1502,.T.);
#1502 = EDGE_LOOP('',(#1503));
#1503 = ORIENTED_EDGE('',*,*,#1504,.T.);
#1504 = EDGE_CURVE('',#1505,#1505,#1507,.T.);
#1505 = VERTEX_POINT('',#1506);
#1506 = CARTESIAN_POINT('',(226.66294004648,-59.52838037358,9.));
#1507 = SURFACE_CURVE('',#1508,(#1513,#1524),.PCURVE_S1.);
#1508 = CIRCLE('',#1509,4.5);
#1509 = AXIS2_PLACEMENT_3D('',#1510,#1511,#1512);
#1510 = CARTESIAN_POINT('',(222.16294004648,-59.52838037358,9.));
#1511 = DIRECTION('',(0.,0.,-1.));
#1512 = DIRECTION('',(1.,0.,0.));
#1513 = PCURVE('',#151,#1514);
#1514 = DEFINITIONAL_REPRESENTATION('',(#1515),#1523);
#1515 = ( BOUNDED_CURVE() B_SPLINE_CURVE(2,(#1516,#1517,#1518,#1519,
#1520,#1521,#1522),.UNSPECIFIED.,.T.,.F.) B_SPLINE_CURVE_WITH_KNOTS((1,2
    ,2,2,2,1),(-2.094395102393,0.,2.094395102393,4.188790204786,
6.28318530718,8.377580409573),.UNSPECIFIED.) CURVE() 
GEOMETRIC_REPRESENTATION_ITEM() RATIONAL_B_SPLINE_CURVE((1.,0.5,1.,0.5,
1.,0.5,1.)) REPRESENTATION_ITEM('') );
#1516 = CARTESIAN_POINT('',(226.66294004648,-59.52838037358));
#1517 = CARTESIAN_POINT('',(226.66294004648,-67.32260900764));
#1518 = CARTESIAN_POINT('',(219.91294004648,-63.42549469061));
#1519 = CARTESIAN_POINT('',(213.16294004648,-59.52838037358));
#1520 = CARTESIAN_POINT('',(219.91294004648,-55.63126605655));
#1521 = CARTESIAN_POINT('',(226.66294004648,-51.73415173952));
#1522 = CARTESIAN_POINT('',(226.66294004648,-59.52838037358));
#1523 = ( GEOMETRIC_REPRESENTATION_CONTEXT(2) 
PARAMETRIC_REPRESENTATION_CONTEXT() REPRESENTATION_CONTEXT('2D SPACE',''
  ) );
#1524 = PCURVE('',#681,#1525);
#1525 = DEFINITIONAL_REPRESENTATION('',(#1526),#1530);
#1526 = LINE('',#1527,#1528);
#1527 = CARTESIAN_POINT('',(-4.138911435803E-13,-19.));
#1528 = VECTOR('',#1529,1.);
#1529 = DIRECTION('',(1.,-0.));
#1530 = ( GEOMETRIC_REPRESENTATION_CONTEXT(2) 
PARAMETRIC_REPRESENTATION_CONTEXT() REPRESENTATION_CONTEXT('2D SPACE',''
  ) );
#1531 = FACE_BOUND('',#1532,.T.);
#1532 = EDGE_LOOP('',(#1533));
#1533 = ORIENTED_EDGE('',*,*,#1534,.T.);
#1534 = EDGE_CURVE('',#1535,#1535,#1537,.T.);
#1535 = VERTEX_POINT('',#1536);
#1536 = CARTESIAN_POINT('',(-217.6629400464,59.52838037358,9.));
#1537 = SURFACE_CURVE('',#1538,(#1543,#1554),.PCURVE_S1.);
#1538 = CIRCLE('',#1539,4.5);
#1539 = AXIS2_PLACEMENT_3D('',#1540,#1541,#1542);
#1540 = CARTESIAN_POINT('',(-222.1629400464,59.52838037358,9.));
#1541 = DIRECTION('',(0.,0.,-1.));
#1542 = DIRECTION('',(1.,0.,0.));
#1543 = PCURVE('',#151,#1544);
#1544 = DEFINITIONAL_REPRESENTATION('',(#1545),#1553);
#1545 = ( BOUNDED_CURVE() B_SPLINE_CURVE(2,(#1546,#1547,#1548,#1549,
#1550,#1551,#1552),.UNSPECIFIED.,.T.,.F.) B_SPLINE_CURVE_WITH_KNOTS((1,2
    ,2,2,2,1),(-2.094395102393,0.,2.094395102393,4.188790204786,
6.28318530718,8.377580409573),.UNSPECIFIED.) CURVE() 
GEOMETRIC_REPRESENTATION_ITEM() RATIONAL_B_SPLINE_CURVE((1.,0.5,1.,0.5,
1.,0.5,1.)) REPRESENTATION_ITEM('') );
#1546 = CARTESIAN_POINT('',(-217.6629400464,59.52838037358));
#1547 = CARTESIAN_POINT('',(-217.6629400464,51.73415173952));
#1548 = CARTESIAN_POINT('',(-224.4129400464,55.63126605655));
#1549 = CARTESIAN_POINT('',(-231.1629400464,59.52838037358));
#1550 = CARTESIAN_POINT('',(-224.4129400464,63.42549469061));
#1551 = CARTESIAN_POINT('',(-217.6629400464,67.32260900764));
#1552 = CARTESIAN_POINT('',(-217.6629400464,59.52838037358));
#1553 = ( GEOMETRIC_REPRESENTATION_CONTEXT(2) 
PARAMETRIC_REPRESENTATION_CONTEXT() REPRESENTATION_CONTEXT('2D SPACE',''
  ) );
#1554 = PCURVE('',#716,#1555);
#1555 = DEFINITIONAL_REPRESENTATION('',(#1556),#1560);
#1556 = LINE('',#1557,#1558);
#1557 = CARTESIAN_POINT('',(-4.138911435803E-13,-19.));
#1558 = VECTOR('',#1559,1.);
#1559 = DIRECTION('',(1.,-0.));
#1560 = ( GEOMETRIC_REPRESENTATION_CONTEXT(2) 
PARAMETRIC_REPRESENTATION_CONTEXT() REPRESENTATION_CONTEXT('2D SPACE',''
  ) );
#1561 = FACE_BOUND('',#1562,.T.);
#1562 = EDGE_LOOP('',(#1563));
#1563 = ORIENTED_EDGE('',*,*,#1564,.T.);
#1564 = EDGE_CURVE('',#1565,#1565,#1567,.T.);
#1565 = VERTEX_POINT('',#1566);
#1566 = CARTESIAN_POINT('',(-156.6789181894,66.969600663891,9.));
#1567 = SURFACE_CURVE('',#1568,(#1573,#1584),.PCURVE_S1.);
#1568 = CIRCLE('',#1569,5.);
#1569 = AXIS2_PLACEMENT_3D('',#1570,#1571,#1572);
#1570 = CARTESIAN_POINT('',(-161.6789181894,66.969600663891,9.));
#1571 = DIRECTION('',(0.,0.,-1.));
#1572 = DIRECTION('',(1.,0.,0.));
#1573 = PCURVE('',#151,#1574);
#1574 = DEFINITIONAL_REPRESENTATION('',(#1575),#1583);
#1575 = ( BOUNDED_CURVE() B_SPLINE_CURVE(2,(#1576,#1577,#1578,#1579,
#1580,#1581,#1582),.UNSPECIFIED.,.T.,.F.) B_SPLINE_CURVE_WITH_KNOTS((1,2
    ,2,2,2,1),(-2.094395102393,0.,2.094395102393,4.188790204786,
6.28318530718,8.377580409573),.UNSPECIFIED.) CURVE() 
GEOMETRIC_REPRESENTATION_ITEM() RATIONAL_B_SPLINE_CURVE((1.,0.5,1.,0.5,
1.,0.5,1.)) REPRESENTATION_ITEM('') );
#1576 = CARTESIAN_POINT('',(-156.6789181894,66.969600663891));
#1577 = CARTESIAN_POINT('',(-156.6789181894,58.309346626047));
#1578 = CARTESIAN_POINT('',(-164.1789181894,62.639473644969));
#1579 = CARTESIAN_POINT('',(-171.6789181894,66.969600663891));
#1580 = CARTESIAN_POINT('',(-164.1789181894,71.299727682813));
#1581 = CARTESIAN_POINT('',(-156.6789181894,75.629854701735));
#1582 = CARTESIAN_POINT('',(-156.6789181894,66.969600663891));
#1583 = ( GEOMETRIC_REPRESENTATION_CONTEXT(2) 
PARAMETRIC_REPRESENTATION_CONTEXT() REPRESENTATION_CONTEXT('2D SPACE',''
  ) );
#1584 = PCURVE('',#751,#1585);
#1585 = DEFINITIONAL_REPRESENTATION('',(#1586),#1590);
#1586 = LINE('',#1587,#1588);
#1587 = CARTESIAN_POINT('',(-4.138911435803E-13,-19.));
#1588 = VECTOR('',#1589,1.);
#1589 = DIRECTION('',(1.,-0.));
#1590 = ( GEOMETRIC_REPRESENTATION_CONTEXT(2) 
PARAMETRIC_REPRESENTATION_CONTEXT() REPRESENTATION_CONTEXT('2D SPACE',''
  ) );
#1591 = FACE_BOUND('',#1592,.T.);
#1592 = EDGE_LOOP('',(#1593));
#1593 = ORIENTED_EDGE('',*,*,#1594,.T.);
#1594 = EDGE_CURVE('',#1595,#1595,#1597,.T.);
#1595 = VERTEX_POINT('',#1596);
#1596 = CARTESIAN_POINT('',(-158.1345596729,162.6345596729,9.));
#1597 = SURFACE_CURVE('',#1598,(#1603,#1614),.PCURVE_S1.);
#1598 = CIRCLE('',#1599,4.5);
#1599 = AXIS2_PLACEMENT_3D('',#1600,#1601,#1602);
#1600 = CARTESIAN_POINT('',(-162.6345596729,162.6345596729,9.));
#1601 = DIRECTION('',(0.,0.,-1.));
#1602 = DIRECTION('',(1.,0.,0.));
#1603 = PCURVE('',#151,#1604);
#1604 = DEFINITIONAL_REPRESENTATION('',(#1605),#1613);
#1605 = ( BOUNDED_CURVE() B_SPLINE_CURVE(2,(#1606,#1607,#1608,#1609,
#1610,#1611,#1612),.UNSPECIFIED.,.T.,.F.) B_SPLINE_CURVE_WITH_KNOTS((1,2
    ,2,2,2,1),(-2.094395102393,0.,2.094395102393,4.188790204786,
6.28318530718,8.377580409573),.UNSPECIFIED.) CURVE() 
GEOMETRIC_REPRESENTATION_ITEM() RATIONAL_B_SPLINE_CURVE((1.,0.5,1.,0.5,
1.,0.5,1.)) REPRESENTATION_ITEM('') );
#1606 = CARTESIAN_POINT('',(-158.1345596729,162.6345596729));
#1607 = CARTESIAN_POINT('',(-158.1345596729,154.84033103884));
#1608 = CARTESIAN_POINT('',(-164.8845596729,158.73744535587));
#1609 = CARTESIAN_POINT('',(-171.6345596729,162.6345596729));
#1610 = CARTESIAN_POINT('',(-164.8845596729,166.53167398993));
#1611 = CARTESIAN_POINT('',(-158.1345596729,170.42878830696));
#1612 = CARTESIAN_POINT('',(-158.1345596729,162.6345596729));
#1613 = ( GEOMETRIC_REPRESENTATION_CONTEXT(2) 
PARAMETRIC_REPRESENTATION_CONTEXT() REPRESENTATION_CONTEXT('2D SPACE',''
  ) );
#1614 = PCURVE('',#786,#1615);
#1615 = DEFINITIONAL_REPRESENTATION('',(#1616),#1620);
#1616 = LINE('',#1617,#1618);
#1617 = CARTESIAN_POINT('',(-4.138911435803E-13,-19.));
#1618 = VECTOR('',#1619,1.);
#1619 = DIRECTION('',(1.,-0.));
#1620 = ( GEOMETRIC_REPRESENTATION_CONTEXT(2) 
PARAMETRIC_REPRESENTATION_CONTEXT() REPRESENTATION_CONTEXT('2D SPACE',''
  ) );
#1621 = FACE_BOUND('',#1622,.T.);
#1622 = EDGE_LOOP('',(#1623));
#1623 = ORIENTED_EDGE('',*,*,#1624,.T.);
#1624 = EDGE_CURVE('',#1625,#1625,#1627,.T.);
#1625 = VERTEX_POINT('',#1626);
#1626 = CARTESIAN_POINT('',(-61.96960066389,161.67891818947,9.));
#1627 = SURFACE_CURVE('',#1628,(#1633,#1644),.PCURVE_S1.);
#1628 = CIRCLE('',#1629,5.);
#1629 = AXIS2_PLACEMENT_3D('',#1630,#1631,#1632);
#1630 = CARTESIAN_POINT('',(-66.96960066389,161.67891818947,9.));
#1631 = DIRECTION('',(0.,0.,-1.));
#1632 = DIRECTION('',(1.,0.,0.));
#1633 = PCURVE('',#151,#1634);
#1634 = DEFINITIONAL_REPRESENTATION('',(#1635),#1643);
#1635 = ( BOUNDED_CURVE() B_SPLINE_CURVE(2,(#1636,#1637,#1638,#1639,
#1640,#1641,#1642),.UNSPECIFIED.,.T.,.F.) B_SPLINE_CURVE_WITH_KNOTS((1,2
    ,2,2,2,1),(-2.094395102393,0.,2.094395102393,4.188790204786,
6.28318530718,8.377580409573),.UNSPECIFIED.) CURVE() 
GEOMETRIC_REPRESENTATION_ITEM() RATIONAL_B_SPLINE_CURVE((1.,0.5,1.,0.5,
1.,0.5,1.)) REPRESENTATION_ITEM('') );
#1636 = CARTESIAN_POINT('',(-61.96960066389,161.67891818947));
#1637 = CARTESIAN_POINT('',(-61.96960066389,153.01866415162));
#1638 = CARTESIAN_POINT('',(-69.46960066389,157.34879117054));
#1639 = CARTESIAN_POINT('',(-76.96960066389,161.67891818947));
#1640 = CARTESIAN_POINT('',(-69.46960066389,166.00904520839));
#1641 = CARTESIAN_POINT('',(-61.96960066389,170.33917222731));
#1642 = CARTESIAN_POINT('',(-61.96960066389,161.67891818947));
#1643 = ( GEOMETRIC_REPRESENTATION_CONTEXT(2) 
PARAMETRIC_REPRESENTATION_CONTEXT() REPRESENTATION_CONTEXT('2D SPACE',''
  ) );
#1644 = PCURVE('',#821,#1645);
#1645 = DEFINITIONAL_REPRESENTATION('',(#1646),#1650);
#1646 = LINE('',#1647,#1648);
#1647 = CARTESIAN_POINT('',(-4.138911435803E-13,-19.));
#1648 = VECTOR('',#1649,1.);
#1649 = DIRECTION('',(1.,-0.));
#1650 = ( GEOMETRIC_REPRESENTATION_CONTEXT(2) 
PARAMETRIC_REPRESENTATION_CONTEXT() REPRESENTATION_CONTEXT('2D SPACE',''
  ) );
#1651 = FACE_BOUND('',#1652,.T.);
#1652 = EDGE_LOOP('',(#1653));
#1653 = ORIENTED_EDGE('',*,*,#1654,.T.);
#1654 = EDGE_CURVE('',#1655,#1655,#1657,.T.);
#1655 = VERTEX_POINT('',#1656);
#1656 = CARTESIAN_POINT('',(-55.02838037358,222.16294004648,9.));
#1657 = SURFACE_CURVE('',#1658,(#1663,#1674),.PCURVE_S1.);
#1658 = CIRCLE('',#1659,4.5);
#1659 = AXIS2_PLACEMENT_3D('',#1660,#1661,#1662);
#1660 = CARTESIAN_POINT('',(-59.52838037358,222.16294004648,9.));
#1661 = DIRECTION('',(0.,0.,-1.));
#1662 = DIRECTION('',(1.,0.,0.));
#1663 = PCURVE('',#151,#1664);
#1664 = DEFINITIONAL_REPRESENTATION('',(#1665),#1673);
#1665 = ( BOUNDED_CURVE() B_SPLINE_CURVE(2,(#1666,#1667,#1668,#1669,
#1670,#1671,#1672),.UNSPECIFIED.,.T.,.F.) B_SPLINE_CURVE_WITH_KNOTS((1,2
    ,2,2,2,1),(-2.094395102393,0.,2.094395102393,4.188790204786,
6.28318530718,8.377580409573),.UNSPECIFIED.) CURVE() 
GEOMETRIC_REPRESENTATION_ITEM() RATIONAL_B_SPLINE_CURVE((1.,0.5,1.,0.5,
1.,0.5,1.)) REPRESENTATION_ITEM('') );
#1666 = CARTESIAN_POINT('',(-55.02838037358,222.16294004648));
#1667 = CARTESIAN_POINT('',(-55.02838037358,214.36871141242));
#1668 = CARTESIAN_POINT('',(-61.77838037358,218.26582572945));
#1669 = CARTESIAN_POINT('',(-68.52838037358,222.16294004648));
#1670 = CARTESIAN_POINT('',(-61.77838037358,226.06005436351));
#1671 = CARTESIAN_POINT('',(-55.02838037358,229.95716868054));
#1672 = CARTESIAN_POINT('',(-55.02838037358,222.16294004648));
#1673 = ( GEOMETRIC_REPRESENTATION_CONTEXT(2) 
PARAMETRIC_REPRESENTATION_CONTEXT() REPRESENTATION_CONTEXT('2D SPACE',''
  ) );
#1674 = PCURVE('',#856,#1675);
#1675 = DEFINITIONAL_REPRESENTATION('',(#1676),#1680);
#1676 = LINE('',#1677,#1678);
#1677 = CARTESIAN_POINT('',(-4.138911435803E-13,-19.));
#1678 = VECTOR('',#1679,1.);
#1679 = DIRECTION('',(1.,-0.));
#1680 = ( GEOMETRIC_REPRESENTATION_CONTEXT(2) 
PARAMETRIC_REPRESENTATION_CONTEXT() REPRESENTATION_CONTEXT('2D SPACE',''
  ) );
#1681 = FACE_BOUND('',#1682,.T.);
#1682 = EDGE_LOOP('',(#1683));
#1683 = ORIENTED_EDGE('',*,*,#1684,.T.);
#1684 = EDGE_CURVE('',#1685,#1685,#1687,.T.);
#1685 = VERTEX_POINT('',#1686);
#1686 = CARTESIAN_POINT('',(38.,0.,9.));
#1687 = SURFACE_CURVE('',#1688,(#1693,#1704),.PCURVE_S1.);
#1688 = CIRCLE('',#1689,38.);
#1689 = AXIS2_PLACEMENT_3D('',#1690,#1691,#1692);
#1690 = CARTESIAN_POINT('',(0.,0.,9.));
#1691 = DIRECTION('',(0.,0.,-1.));
#1692 = DIRECTION('',(1.,0.,0.));
#1693 = PCURVE('',#151,#1694);
#1694 = DEFINITIONAL_REPRESENTATION('',(#1695),#1703);
#1695 = ( BOUNDED_CURVE() B_SPLINE_CURVE(2,(#1696,#1697,#1698,#1699,
#1700,#1701,#1702),.UNSPECIFIED.,.T.,.F.) B_SPLINE_CURVE_WITH_KNOTS((1,2
    ,2,2,2,1),(-2.094395102393,0.,2.094395102393,4.188790204786,
6.28318530718,8.377580409573),.UNSPECIFIED.) CURVE() 
GEOMETRIC_REPRESENTATION_ITEM() RATIONAL_B_SPLINE_CURVE((1.,0.5,1.,0.5,
1.,0.5,1.)) REPRESENTATION_ITEM('') );
#1696 = CARTESIAN_POINT('',(38.,-1.219874913863E-14));
#1697 = CARTESIAN_POINT('',(38.,-65.81793068761));
#1698 = CARTESIAN_POINT('',(-19.,-32.9089653438));
#1699 = CARTESIAN_POINT('',(-76.,-2.150606481215E-14));
#1700 = CARTESIAN_POINT('',(-19.,32.908965343809));
#1701 = CARTESIAN_POINT('',(38.,65.817930687617));
#1702 = CARTESIAN_POINT('',(38.,-1.219874913863E-14));
#1703 = ( GEOMETRIC_REPRESENTATION_CONTEXT(2) 
PARAMETRIC_REPRESENTATION_CONTEXT() REPRESENTATION_CONTEXT('2D SPACE',''
  ) );
#1704 = PCURVE('',#891,#1705);
#1705 = DEFINITIONAL_REPRESENTATION('',(#1706),#1710);
#1706 = LINE('',#1707,#1708);
#1707 = CARTESIAN_POINT('',(-4.138911435803E-13,-19.));
#1708 = VECTOR('',#1709,1.);
#1709 = DIRECTION('',(1.,-0.));
#1710 = ( GEOMETRIC_REPRESENTATION_CONTEXT(2) 
PARAMETRIC_REPRESENTATION_CONTEXT() REPRESENTATION_CONTEXT('2D SPACE',''
  ) );
#1711 = FACE_BOUND('',#1712,.T.);
#1712 = EDGE_LOOP('',(#1713));
#1713 = ORIENTED_EDGE('',*,*,#1714,.T.);
#1714 = EDGE_CURVE('',#1715,#1715,#1717,.T.);
#1715 = VERTEX_POINT('',#1716);
#1716 = CARTESIAN_POINT('',(166.67891818947,66.969600663891,9.));
#1717 = SURFACE_CURVE('',#1718,(#1723,#1734),.PCURVE_S1.);
#1718 = CIRCLE('',#1719,5.);
#1719 = AXIS2_PLACEMENT_3D('',#1720,#1721,#1722);
#1720 = CARTESIAN_POINT('',(161.67891818947,66.969600663891,9.));
#1721 = DIRECTION('',(0.,0.,-1.));
#1722 = DIRECTION('',(1.,0.,0.));
#1723 = PCURVE('',#151,#1724);
#1724 = DEFINITIONAL_REPRESENTATION('',(#1725),#1733);
#1725 = ( BOUNDED_CURVE() B_SPLINE_CURVE(2,(#1726,#1727,#1728,#1729,
#1730,#1731,#1732),.UNSPECIFIED.,.T.,.F.) B_SPLINE_CURVE_WITH_KNOTS((1,2
    ,2,2,2,1),(-2.094395102393,0.,2.094395102393,4.188790204786,
6.28318530718,8.377580409573),.UNSPECIFIED.) CURVE() 
GEOMETRIC_REPRESENTATION_ITEM() RATIONAL_B_SPLINE_CURVE((1.,0.5,1.,0.5,
1.,0.5,1.)) REPRESENTATION_ITEM('') );
#1726 = CARTESIAN_POINT('',(166.67891818947,66.969600663891));
#1727 = CARTESIAN_POINT('',(166.67891818947,58.309346626047));
#1728 = CARTESIAN_POINT('',(159.17891818947,62.639473644969));
#1729 = CARTESIAN_POINT('',(151.67891818947,66.969600663891));
#1730 = CARTESIAN_POINT('',(159.17891818947,71.299727682813));
#1731 = CARTESIAN_POINT('',(166.67891818947,75.629854701735));
#1732 = CARTESIAN_POINT('',(166.67891818947,66.969600663891));
#1733 = ( GEOMETRIC_REPRESENTATION_CONTEXT(2) 
PARAMETRIC_REPRESENTATION_CONTEXT() REPRESENTATION_CONTEXT('2D SPACE',''
  ) );
#1734 = PCURVE('',#926,#1735);
#1735 = DEFINITIONAL_REPRESENTATION('',(#1736),#1740);
#1736 = LINE('',#1737,#1738);
#1737 = CARTESIAN_POINT('',(-4.138911435803E-13,-19.));
#1738 = VECTOR('',#1739,1.);
#1739 = DIRECTION('',(1.,-0.));
#1740 = ( GEOMETRIC_REPRESENTATION_CONTEXT(2) 
PARAMETRIC_REPRESENTATION_CONTEXT() REPRESENTATION_CONTEXT('2D SPACE',''
  ) );
#1741 = FACE_BOUND('',#1742,.T.);
#1742 = EDGE_LOOP('',(#1743));
#1743 = ORIENTED_EDGE('',*,*,#1744,.T.);
#1744 = EDGE_CURVE('',#1745,#1745,#1747,.T.);
#1745 = VERTEX_POINT('',#1746);
#1746 = CARTESIAN_POINT('',(226.66294004648,59.52838037358,9.));
#1747 = SURFACE_CURVE('',#1748,(#1753,#1764),.PCURVE_S1.);
#1748 = CIRCLE('',#1749,4.5);
#1749 = AXIS2_PLACEMENT_3D('',#1750,#1751,#1752);
#1750 = CARTESIAN_POINT('',(222.16294004648,59.52838037358,9.));
#1751 = DIRECTION('',(0.,0.,-1.));
#1752 = DIRECTION('',(1.,0.,0.));
#1753 = PCURVE('',#151,#1754);
#1754 = DEFINITIONAL_REPRESENTATION('',(#1755),#1763);
#1755 = ( BOUNDED_CURVE() B_SPLINE_CURVE(2,(#1756,#1757,#1758,#1759,
#1760,#1761,#1762),.UNSPECIFIED.,.T.,.F.) B_SPLINE_CURVE_WITH_KNOTS((1,2
    ,2,2,2,1),(-2.094395102393,0.,2.094395102393,4.188790204786,
6.28318530718,8.377580409573),.UNSPECIFIED.) CURVE() 
GEOMETRIC_REPRESENTATION_ITEM() RATIONAL_B_SPLINE_CURVE((1.,0.5,1.,0.5,
1.,0.5,1.)) REPRESENTATION_ITEM('') );
#1756 = CARTESIAN_POINT('',(226.66294004648,59.52838037358));
#1757 = CARTESIAN_POINT('',(226.66294004648,51.73415173952));
#1758 = CARTESIAN_POINT('',(219.91294004648,55.63126605655));
#1759 = CARTESIAN_POINT('',(213.16294004648,59.52838037358));
#1760 = CARTESIAN_POINT('',(219.91294004648,63.42549469061));
#1761 = CARTESIAN_POINT('',(226.66294004648,67.32260900764));
#1762 = CARTESIAN_POINT('',(226.66294004648,59.52838037358));
#1763 = ( GEOMETRIC_REPRESENTATION_CONTEXT(2) 
PARAMETRIC_REPRESENTATION_CONTEXT() REPRESENTATION_CONTEXT('2D SPACE',''
  ) );
#1764 = PCURVE('',#961,#1765);
#1765 = DEFINITIONAL_REPRESENTATION('',(#1766),#1770);
#1766 = LINE('',#1767,#1768);
#1767 = CARTESIAN_POINT('',(-4.138911435803E-13,-19.));
#1768 = VECTOR('',#1769,1.);
#1769 = DIRECTION('',(1.,-0.));
#1770 = ( GEOMETRIC_REPRESENTATION_CONTEXT(2) 
PARAMETRIC_REPRESENTATION_CONTEXT() REPRESENTATION_CONTEXT('2D SPACE',''
  ) );
#1771 = FACE_BOUND('',#1772,.T.);
#1772 = EDGE_LOOP('',(#1773));
#1773 = ORIENTED_EDGE('',*,*,#1774,.T.);
#1774 = EDGE_CURVE('',#1775,#1775,#1777,.T.);
#1775 = VERTEX_POINT('',#1776);
#1776 = CARTESIAN_POINT('',(71.969600663891,161.67891818947,9.));
#1777 = SURFACE_CURVE('',#1778,(#1783,#1794),.PCURVE_S1.);
#1778 = CIRCLE('',#1779,5.);
#1779 = AXIS2_PLACEMENT_3D('',#1780,#1781,#1782);
#1780 = CARTESIAN_POINT('',(66.969600663891,161.67891818947,9.));
#1781 = DIRECTION('',(0.,0.,-1.));
#1782 = DIRECTION('',(1.,0.,0.));
#1783 = PCURVE('',#151,#1784);
#1784 = DEFINITIONAL_REPRESENTATION('',(#1785),#1793);
#1785 = ( BOUNDED_CURVE() B_SPLINE_CURVE(2,(#1786,#1787,#1788,#1789,
#1790,#1791,#1792),.UNSPECIFIED.,.T.,.F.) B_SPLINE_CURVE_WITH_KNOTS((1,2
    ,2,2,2,1),(-2.094395102393,0.,2.094395102393,4.188790204786,
6.28318530718,8.377580409573),.UNSPECIFIED.) CURVE() 
GEOMETRIC_REPRESENTATION_ITEM() RATIONAL_B_SPLINE_CURVE((1.,0.5,1.,0.5,
1.,0.5,1.)) REPRESENTATION_ITEM('') );
#1786 = CARTESIAN_POINT('',(71.969600663891,161.67891818947));
#1787 = CARTESIAN_POINT('',(71.969600663891,153.01866415162));
#1788 = CARTESIAN_POINT('',(64.469600663891,157.34879117054));
#1789 = CARTESIAN_POINT('',(56.969600663891,161.67891818947));
#1790 = CARTESIAN_POINT('',(64.469600663891,166.00904520839));
#1791 = CARTESIAN_POINT('',(71.969600663891,170.33917222731));
#1792 = CARTESIAN_POINT('',(71.969600663891,161.67891818947));
#1793 = ( GEOMETRIC_REPRESENTATION_CONTEXT(2) 
PARAMETRIC_REPRESENTATION_CONTEXT() REPRESENTATION_CONTEXT('2D SPACE',''
  ) );
#1794 = PCURVE('',#996,#1795);
#1795 = DEFINITIONAL_REPRESENTATION('',(#1796),#1800);
#1796 = LINE('',#1797,#1798);
#1797 = CARTESIAN_POINT('',(-4.138911435803E-13,-19.));
#1798 = VECTOR('',#1799,1.);
#1799 = DIRECTION('',(1.,-0.));
#1800 = ( GEOMETRIC_REPRESENTATION_CONTEXT(2) 
PARAMETRIC_REPRESENTATION_CONTEXT() REPRESENTATION_CONTEXT('2D SPACE',''
  ) );
#1801 = FACE_BOUND('',#1802,.T.);
#1802 = EDGE_LOOP('',(#1803));
#1803 = ORIENTED_EDGE('',*,*,#1804,.T.);
#1804 = EDGE_CURVE('',#1805,#1805,#1807,.T.);
#1805 = VERTEX_POINT('',#1806);
#1806 = CARTESIAN_POINT('',(64.02838037358,222.16294004648,9.));
#1807 = SURFACE_CURVE('',#1808,(#1813,#1824),.PCURVE_S1.);
#1808 = CIRCLE('',#1809,4.5);
#1809 = AXIS2_PLACEMENT_3D('',#1810,#1811,#1812);
#1810 = CARTESIAN_POINT('',(59.52838037358,222.16294004648,9.));
#1811 = DIRECTION('',(0.,0.,-1.));
#1812 = DIRECTION('',(1.,0.,0.));
#1813 = PCURVE('',#151,#1814);
#1814 = DEFINITIONAL_REPRESENTATION('',(#1815),#1823);
#1815 = ( BOUNDED_CURVE() B_SPLINE_CURVE(2,(#1816,#1817,#1818,#1819,
#1820,#1821,#1822),.UNSPECIFIED.,.T.,.F.) B_SPLINE_CURVE_WITH_KNOTS((1,2
    ,2,2,2,1),(-2.094395102393,0.,2.094395102393,4.188790204786,
6.28318530718,8.377580409573),.UNSPECIFIED.) CURVE() 
GEOMETRIC_REPRESENTATION_ITEM() RATIONAL_B_SPLINE_CURVE((1.,0.5,1.,0.5,
1.,0.5,1.)) REPRESENTATION_ITEM('') );
#1816 = CARTESIAN_POINT('',(64.02838037358,222.16294004648));
#1817 = CARTESIAN_POINT('',(64.02838037358,214.36871141242));
#1818 = CARTESIAN_POINT('',(57.27838037358,218.26582572945));
#1819 = CARTESIAN_POINT('',(50.52838037358,222.16294004648));
#1820 = CARTESIAN_POINT('',(57.27838037358,226.06005436351));
#1821 = CARTESIAN_POINT('',(64.02838037358,229.95716868054));
#1822 = CARTESIAN_POINT('',(64.02838037358,222.16294004648));
#1823 = ( GEOMETRIC_REPRESENTATION_CONTEXT(2) 
PARAMETRIC_REPRESENTATION_CONTEXT() REPRESENTATION_CONTEXT('2D SPACE',''
  ) );
#1824 = PCURVE('',#1031,#1825);
#1825 = DEFINITIONAL_REPRESENTATION('',(#1826),#1830);
#1826 = LINE('',#1827,#1828);
#1827 = CARTESIAN_POINT('',(-4.138911435803E-13,-19.));
#1828 = VECTOR('',#1829,1.);
#1829 = DIRECTION('',(1.,-0.));
#1830 = ( GEOMETRIC_REPRESENTATION_CONTEXT(2) 
PARAMETRIC_REPRESENTATION_CONTEXT() REPRESENTATION_CONTEXT('2D SPACE',''
  ) );
#1831 = FACE_BOUND('',#1832,.T.);
#1832 = EDGE_LOOP('',(#1833));
#1833 = ORIENTED_EDGE('',*,*,#1834,.T.);
#1834 = EDGE_CURVE('',#1835,#1835,#1837,.T.);
#1835 = VERTEX_POINT('',#1836);
#1836 = CARTESIAN_POINT('',(167.1345596729,162.6345596729,9.));
#1837 = SURFACE_CURVE('',#1838,(#1843,#1854),.PCURVE_S1.);
#1838 = CIRCLE('',#1839,4.5);
#1839 = AXIS2_PLACEMENT_3D('',#1840,#1841,#1842);
#1840 = CARTESIAN_POINT('',(162.6345596729,162.6345596729,9.));
#1841 = DIRECTION('',(0.,0.,-1.));
#1842 = DIRECTION('',(1.,0.,0.));
#1843 = PCURVE('',#151,#1844);
#1844 = DEFINITIONAL_REPRESENTATION('',(#1845),#1853);
#1845 = ( BOUNDED_CURVE() B_SPLINE_CURVE(2,(#1846,#1847,#1848,#1849,
#1850,#1851,#1852),.UNSPECIFIED.,.T.,.F.) B_SPLINE_CURVE_WITH_KNOTS((1,2
    ,2,2,2,1),(-2.094395102393,0.,2.094395102393,4.188790204786,
6.28318530718,8.377580409573),.UNSPECIFIED.) CURVE() 
GEOMETRIC_REPRESENTATION_ITEM() RATIONAL_B_SPLINE_CURVE((1.,0.5,1.,0.5,
1.,0.5,1.)) REPRESENTATION_ITEM('') );
#1846 = CARTESIAN_POINT('',(167.1345596729,162.6345596729));
#1847 = CARTESIAN_POINT('',(167.1345596729,154.84033103884));
#1848 = CARTESIAN_POINT('',(160.3845596729,158.73744535587));
#1849 = CARTESIAN_POINT('',(153.6345596729,162.6345596729));
#1850 = CARTESIAN_POINT('',(160.3845596729,166.53167398993));
#1851 = CARTESIAN_POINT('',(167.1345596729,170.42878830696));
#1852 = CARTESIAN_POINT('',(167.1345596729,162.6345596729));
#1853 = ( GEOMETRIC_REPRESENTATION_CONTEXT(2) 
PARAMETRIC_REPRESENTATION_CONTEXT() REPRESENTATION_CONTEXT('2D SPACE',''
  ) );
#1854 = PCURVE('',#1066,#1855);
#1855 = DEFINITIONAL_REPRESENTATION('',(#1856),#1860);
#1856 = LINE('',#1857,#1858);
#1857 = CARTESIAN_POINT('',(-4.138911435803E-13,-19.));
#1858 = VECTOR('',#1859,1.);
#1859 = DIRECTION('',(1.,-0.));
#1860 = ( GEOMETRIC_REPRESENTATION_CONTEXT(2) 
PARAMETRIC_REPRESENTATION_CONTEXT() REPRESENTATION_CONTEXT('2D SPACE',''
  ) );
#1861 = ADVANCED_FACE('',(#1862),#191,.F.);
#1862 = FACE_BOUND('',#1863,.F.);
#1863 = EDGE_LOOP('',(#1864,#1885,#1886,#1887));
#1864 = ORIENTED_EDGE('',*,*,#1865,.T.);
#1865 = EDGE_CURVE('',#171,#1085,#1866,.T.);
#1866 = SEAM_CURVE('',#1867,(#1871,#1878),.PCURVE_S1.);
#1867 = LINE('',#1868,#1869);
#1868 = CARTESIAN_POINT('',(-158.1345596729,-162.6345596729,-10.));
#1869 = VECTOR('',#1870,1.);
#1870 = DIRECTION('',(0.,0.,1.));
#1871 = PCURVE('',#191,#1872);
#1872 = DEFINITIONAL_REPRESENTATION('',(#1873),#1877);
#1873 = LINE('',#1874,#1875);
#1874 = CARTESIAN_POINT('',(-4.138911435803E-13,0.));
#1875 = VECTOR('',#1876,1.);
#1876 = DIRECTION('',(-0.,-1.));
#1877 = ( GEOMETRIC_REPRESENTATION_CONTEXT(2) 
PARAMETRIC_REPRESENTATION_CONTEXT() REPRESENTATION_CONTEXT('2D SPACE',''
  ) );
#1878 = PCURVE('',#191,#1879);
#1879 = DEFINITIONAL_REPRESENTATION('',(#1880),#1884);
#1880 = LINE('',#1881,#1882);
#1881 = CARTESIAN_POINT('',(6.28318530718,0.));
#1882 = VECTOR('',#1883,1.);
#1883 = DIRECTION('',(-0.,-1.));
#1884 = ( GEOMETRIC_REPRESENTATION_CONTEXT(2) 
PARAMETRIC_REPRESENTATION_CONTEXT() REPRESENTATION_CONTEXT('2D SPACE',''
  ) );
#1885 = ORIENTED_EDGE('',*,*,#1084,.T.);
#1886 = ORIENTED_EDGE('',*,*,#1865,.F.);
#1887 = ORIENTED_EDGE('',*,*,#170,.F.);
#1888 = ADVANCED_FACE('',(#1889),#226,.F.);
#1889 = FACE_BOUND('',#1890,.F.);
#1890 = EDGE_LOOP('',(#1891,#1912,#1913,#1914));
#1891 = ORIENTED_EDGE('',*,*,#1892,.T.);
#1892 = EDGE_CURVE('',#206,#1115,#1893,.T.);
#1893 = SEAM_CURVE('',#1894,(#1898,#1905),.PCURVE_S1.);
#1894 = LINE('',#1895,#1896);
#1895 = CARTESIAN_POINT('',(-55.02838037358,-222.1629400464,-10.));
#1896 = VECTOR('',#1897,1.);
#1897 = DIRECTION('',(0.,0.,1.));
#1898 = PCURVE('',#226,#1899);
#1899 = DEFINITIONAL_REPRESENTATION('',(#1900),#1904);
#1900 = LINE('',#1901,#1902);
#1901 = CARTESIAN_POINT('',(-4.138911435803E-13,0.));
#1902 = VECTOR('',#1903,1.);
#1903 = DIRECTION('',(-0.,-1.));
#1904 = ( GEOMETRIC_REPRESENTATION_CONTEXT(2) 
PARAMETRIC_REPRESENTATION_CONTEXT() REPRESENTATION_CONTEXT('2D SPACE',''
  ) );
#1905 = PCURVE('',#226,#1906);
#1906 = DEFINITIONAL_REPRESENTATION('',(#1907),#1911);
#1907 = LINE('',#1908,#1909);
#1908 = CARTESIAN_POINT('',(6.28318530718,0.));
#1909 = VECTOR('',#1910,1.);
#1910 = DIRECTION('',(-0.,-1.));
#1911 = ( GEOMETRIC_REPRESENTATION_CONTEXT(2) 
PARAMETRIC_REPRESENTATION_CONTEXT() REPRESENTATION_CONTEXT('2D SPACE',''
  ) );
#1912 = ORIENTED_EDGE('',*,*,#1114,.T.);
#1913 = ORIENTED_EDGE('',*,*,#1892,.F.);
#1914 = ORIENTED_EDGE('',*,*,#205,.F.);
#1915 = ADVANCED_FACE('',(#1916),#261,.F.);
#1916 = FACE_BOUND('',#1917,.F.);
#1917 = EDGE_LOOP('',(#1918,#1939,#1940,#1941));
#1918 = ORIENTED_EDGE('',*,*,#1919,.T.);
#1919 = EDGE_CURVE('',#241,#1145,#1920,.T.);
#1920 = SEAM_CURVE('',#1921,(#1925,#1932),.PCURVE_S1.);
#1921 = LINE('',#1922,#1923);
#1922 = CARTESIAN_POINT('',(-61.96960066389,-161.6789181894,-10.));
#1923 = VECTOR('',#1924,1.);
#1924 = DIRECTION('',(0.,0.,1.));
#1925 = PCURVE('',#261,#1926);
#1926 = DEFINITIONAL_REPRESENTATION('',(#1927),#1931);
#1927 = LINE('',#1928,#1929);
#1928 = CARTESIAN_POINT('',(-4.138911435803E-13,0.));
#1929 = VECTOR('',#1930,1.);
#1930 = DIRECTION('',(-0.,-1.));
#1931 = ( GEOMETRIC_REPRESENTATION_CONTEXT(2) 
PARAMETRIC_REPRESENTATION_CONTEXT() REPRESENTATION_CONTEXT('2D SPACE',''
  ) );
#1932 = PCURVE('',#261,#1933);
#1933 = DEFINITIONAL_REPRESENTATION('',(#1934),#1938);
#1934 = LINE('',#1935,#1936);
#1935 = CARTESIAN_POINT('',(6.28318530718,0.));
#1936 = VECTOR('',#1937,1.);
#1937 = DIRECTION('',(-0.,-1.));
#1938 = ( GEOMETRIC_REPRESENTATION_CONTEXT(2) 
PARAMETRIC_REPRESENTATION_CONTEXT() REPRESENTATION_CONTEXT('2D SPACE',''
  ) );
#1939 = ORIENTED_EDGE('',*,*,#1144,.T.);
#1940 = ORIENTED_EDGE('',*,*,#1919,.F.);
#1941 = ORIENTED_EDGE('',*,*,#240,.F.);
#1942 = ADVANCED_FACE('',(#1943),#296,.F.);
#1943 = FACE_BOUND('',#1944,.F.);
#1944 = EDGE_LOOP('',(#1945,#1966,#1967,#1968));
#1945 = ORIENTED_EDGE('',*,*,#1946,.T.);
#1946 = EDGE_CURVE('',#276,#1175,#1947,.T.);
#1947 = SEAM_CURVE('',#1948,(#1952,#1959),.PCURVE_S1.);
#1948 = LINE('',#1949,#1950);
#1949 = CARTESIAN_POINT('',(-217.6629400464,-59.52838037358,-10.));
#1950 = VECTOR('',#1951,1.);
#1951 = DIRECTION('',(0.,0.,1.));
#1952 = PCURVE('',#296,#1953);
#1953 = DEFINITIONAL_REPRESENTATION('',(#1954),#1958);
#1954 = LINE('',#1955,#1956);
#1955 = CARTESIAN_POINT('',(-4.138911435803E-13,0.));
#1956 = VECTOR('',#1957,1.);
#1957 = DIRECTION('',(-0.,-1.));
#1958 = ( GEOMETRIC_REPRESENTATION_CONTEXT(2) 
PARAMETRIC_REPRESENTATION_CONTEXT() REPRESENTATION_CONTEXT('2D SPACE',''
  ) );
#1959 = PCURVE('',#296,#1960);
#1960 = DEFINITIONAL_REPRESENTATION('',(#1961),#1965);
#1961 = LINE('',#1962,#1963);
#1962 = CARTESIAN_POINT('',(6.28318530718,0.));
#1963 = VECTOR('',#1964,1.);
#1964 = DIRECTION('',(-0.,-1.));
#1965 = ( GEOMETRIC_REPRESENTATION_CONTEXT(2) 
PARAMETRIC_REPRESENTATION_CONTEXT() REPRESENTATION_CONTEXT('2D SPACE',''
  ) );
#1966 = ORIENTED_EDGE('',*,*,#1174,.T.);
#1967 = ORIENTED_EDGE('',*,*,#1946,.F.);
#1968 = ORIENTED_EDGE('',*,*,#275,.F.);
#1969 = ADVANCED_FACE('',(#1970),#331,.F.);
#1970 = FACE_BOUND('',#1971,.F.);
#1971 = EDGE_LOOP('',(#1972,#1993,#1994,#1995));
#1972 = ORIENTED_EDGE('',*,*,#1973,.T.);
#1973 = EDGE_CURVE('',#311,#1205,#1974,.T.);
#1974 = SEAM_CURVE('',#1975,(#1979,#1986),.PCURVE_S1.);
#1975 = LINE('',#1976,#1977);
#1976 = CARTESIAN_POINT('',(-156.6789181894,-66.96960066389,-10.));
#1977 = VECTOR('',#1978,1.);
#1978 = DIRECTION('',(0.,0.,1.));
#1979 = PCURVE('',#331,#1980);
#1980 = DEFINITIONAL_REPRESENTATION('',(#1981),#1985);
#1981 = LINE('',#1982,#1983);
#1982 = CARTESIAN_POINT('',(-4.138911435803E-13,0.));
#1983 = VECTOR('',#1984,1.);
#1984 = DIRECTION('',(-0.,-1.));
#1985 = ( GEOMETRIC_REPRESENTATION_CONTEXT(2) 
PARAMETRIC_REPRESENTATION_CONTEXT() REPRESENTATION_CONTEXT('2D SPACE',''
  ) );
#1986 = PCURVE('',#331,#1987);
#1987 = DEFINITIONAL_REPRESENTATION('',(#1988),#1992);
#1988 = LINE('',#1989,#1990);
#1989 = CARTESIAN_POINT('',(6.28318530718,0.));
#1990 = VECTOR('',#1991,1.);
#1991 = DIRECTION('',(-0.,-1.));
#1992 = ( GEOMETRIC_REPRESENTATION_CONTEXT(2) 
PARAMETRIC_REPRESENTATION_CONTEXT() REPRESENTATION_CONTEXT('2D SPACE',''
  ) );
#1993 = ORIENTED_EDGE('',*,*,#1204,.T.);
#1994 = ORIENTED_EDGE('',*,*,#1973,.F.);
#1995 = ORIENTED_EDGE('',*,*,#310,.F.);
#1996 = ADVANCED_FACE('',(#1997),#366,.F.);
#1997 = FACE_BOUND('',#1998,.F.);
#1998 = EDGE_LOOP('',(#1999,#2020,#2021,#2022));
#1999 = ORIENTED_EDGE('',*,*,#2000,.T.);
#2000 = EDGE_CURVE('',#346,#1235,#2001,.T.);
#2001 = SEAM_CURVE('',#2002,(#2006,#2013),.PCURVE_S1.);
#2002 = LINE('',#2003,#2004);
#2003 = CARTESIAN_POINT('',(64.02838037358,-222.1629400464,-10.));
#2004 = VECTOR('',#2005,1.);
#2005 = DIRECTION('',(0.,0.,1.));
#2006 = PCURVE('',#366,#2007);
#2007 = DEFINITIONAL_REPRESENTATION('',(#2008),#2012);
#2008 = LINE('',#2009,#2010);
#2009 = CARTESIAN_POINT('',(-4.138911435803E-13,0.));
#2010 = VECTOR('',#2011,1.);
#2011 = DIRECTION('',(-0.,-1.));
#2012 = ( GEOMETRIC_REPRESENTATION_CONTEXT(2) 
PARAMETRIC_REPRESENTATION_CONTEXT() REPRESENTATION_CONTEXT('2D SPACE',''
  ) );
#2013 = PCURVE('',#366,#2014);
#2014 = DEFINITIONAL_REPRESENTATION('',(#2015),#2019);
#2015 = LINE('',#2016,#2017);
#2016 = CARTESIAN_POINT('',(6.28318530718,0.));
#2017 = VECTOR('',#2018,1.);
#2018 = DIRECTION('',(-0.,-1.));
#2019 = ( GEOMETRIC_REPRESENTATION_CONTEXT(2) 
PARAMETRIC_REPRESENTATION_CONTEXT() REPRESENTATION_CONTEXT('2D SPACE',''
  ) );
#2020 = ORIENTED_EDGE('',*,*,#1234,.T.);
#2021 = ORIENTED_EDGE('',*,*,#2000,.F.);
#2022 = ORIENTED_EDGE('',*,*,#345,.F.);
#2023 = ADVANCED_FACE('',(#2024),#401,.F.);
#2024 = FACE_BOUND('',#2025,.F.);
#2025 = EDGE_LOOP('',(#2026,#2047,#2048,#2049));
#2026 = ORIENTED_EDGE('',*,*,#2027,.T.);
#2027 = EDGE_CURVE('',#381,#1265,#2028,.T.);
#2028 = SEAM_CURVE('',#2029,(#2033,#2040),.PCURVE_S1.);
#2029 = LINE('',#2030,#2031);
#2030 = CARTESIAN_POINT('',(94.5,-190.,-10.));
#2031 = VECTOR('',#2032,1.);
#2032 = DIRECTION('',(0.,0.,1.));
#2033 = PCURVE('',#401,#2034);
#2034 = DEFINITIONAL_REPRESENTATION('',(#2035),#2039);
#2035 = LINE('',#2036,#2037);
#2036 = CARTESIAN_POINT('',(-4.138911435803E-13,0.));
#2037 = VECTOR('',#2038,1.);
#2038 = DIRECTION('',(-0.,-1.));
#2039 = ( GEOMETRIC_REPRESENTATION_CONTEXT(2) 
PARAMETRIC_REPRESENTATION_CONTEXT() REPRESENTATION_CONTEXT('2D SPACE',''
  ) );
#2040 = PCURVE('',#401,#2041);
#2041 = DEFINITIONAL_REPRESENTATION('',(#2042),#2046);
#2042 = LINE('',#2043,#2044);
#2043 = CARTESIAN_POINT('',(6.28318530718,0.));
#2044 = VECTOR('',#2045,1.);
#2045 = DIRECTION('',(-0.,-1.));
#2046 = ( GEOMETRIC_REPRESENTATION_CONTEXT(2) 
PARAMETRIC_REPRESENTATION_CONTEXT() REPRESENTATION_CONTEXT('2D SPACE',''
  ) );
#2047 = ORIENTED_EDGE('',*,*,#1264,.T.);
#2048 = ORIENTED_EDGE('',*,*,#2027,.F.);
#2049 = ORIENTED_EDGE('',*,*,#380,.F.);
#2050 = ADVANCED_FACE('',(#2051),#436,.F.);
#2051 = FACE_BOUND('',#2052,.F.);
#2052 = EDGE_LOOP('',(#2053,#2074,#2075,#2076));
#2053 = ORIENTED_EDGE('',*,*,#2054,.T.);
#2054 = EDGE_CURVE('',#416,#1295,#2055,.T.);
#2055 = SEAM_CURVE('',#2056,(#2060,#2067),.PCURVE_S1.);
#2056 = LINE('',#2057,#2058);
#2057 = CARTESIAN_POINT('',(71.969600663891,-161.6789181894,-10.));
#2058 = VECTOR('',#2059,1.);
#2059 = DIRECTION('',(0.,0.,1.));
#2060 = PCURVE('',#436,#2061);
#2061 = DEFINITIONAL_REPRESENTATION('',(#2062),#2066);
#2062 = LINE('',#2063,#2064);
#2063 = CARTESIAN_POINT('',(-4.138911435803E-13,0.));
#2064 = VECTOR('',#2065,1.);
#2065 = DIRECTION('',(-0.,-1.));
#2066 = ( GEOMETRIC_REPRESENTATION_CONTEXT(2) 
PARAMETRIC_REPRESENTATION_CONTEXT() REPRESENTATION_CONTEXT('2D SPACE',''
  ) );
#2067 = PCURVE('',#436,#2068);
#2068 = DEFINITIONAL_REPRESENTATION('',(#2069),#2073);
#2069 = LINE('',#2070,#2071);
#2070 = CARTESIAN_POINT('',(6.28318530718,0.));
#2071 = VECTOR('',#2072,1.);
#2072 = DIRECTION('',(-0.,-1.));
#2073 = ( GEOMETRIC_REPRESENTATION_CONTEXT(2) 
PARAMETRIC_REPRESENTATION_CONTEXT() REPRESENTATION_CONTEXT('2D SPACE',''
  ) );
#2074 = ORIENTED_EDGE('',*,*,#1294,.T.);
#2075 = ORIENTED_EDGE('',*,*,#2054,.F.);
#2076 = ORIENTED_EDGE('',*,*,#415,.F.);
#2077 = ADVANCED_FACE('',(#2078),#471,.F.);
#2078 = FACE_BOUND('',#2079,.F.);
#2079 = EDGE_LOOP('',(#2080,#2101,#2102,#2103));
#2080 = ORIENTED_EDGE('',*,*,#2081,.T.);
#2081 = EDGE_CURVE('',#451,#1325,#2082,.T.);
#2082 = SEAM_CURVE('',#2083,(#2087,#2094),.PCURVE_S1.);
#2083 = LINE('',#2084,#2085);
#2084 = CARTESIAN_POINT('',(94.5,-140.,-10.));
#2085 = VECTOR('',#2086,1.);
#2086 = DIRECTION('',(0.,0.,1.));
#2087 = PCURVE('',#471,#2088);
#2088 = DEFINITIONAL_REPRESENTATION('',(#2089),#2093);
#2089 = LINE('',#2090,#2091);
#2090 = CARTESIAN_POINT('',(-4.138911435803E-13,0.));
#2091 = VECTOR('',#2092,1.);
#2092 = DIRECTION('',(-0.,-1.));
#2093 = ( GEOMETRIC_REPRESENTATION_CONTEXT(2) 
PARAMETRIC_REPRESENTATION_CONTEXT() REPRESENTATION_CONTEXT('2D SPACE',''
  ) );
#2094 = PCURVE('',#471,#2095);
#2095 = DEFINITIONAL_REPRESENTATION('',(#2096),#2100);
#2096 = LINE('',#2097,#2098);
#2097 = CARTESIAN_POINT('',(6.28318530718,0.));
#2098 = VECTOR('',#2099,1.);
#2099 = DIRECTION('',(-0.,-1.));
#2100 = ( GEOMETRIC_REPRESENTATION_CONTEXT(2) 
PARAMETRIC_REPRESENTATION_CONTEXT() REPRESENTATION_CONTEXT('2D SPACE',''
  ) );
#2101 = ORIENTED_EDGE('',*,*,#1324,.T.);
#2102 = ORIENTED_EDGE('',*,*,#2081,.F.);
#2103 = ORIENTED_EDGE('',*,*,#450,.F.);
#2104 = ADVANCED_FACE('',(#2105),#506,.F.);
#2105 = FACE_BOUND('',#2106,.F.);
#2106 = EDGE_LOOP('',(#2107,#2128,#2129,#2130));
#2107 = ORIENTED_EDGE('',*,*,#2108,.T.);
#2108 = EDGE_CURVE('',#486,#1355,#2109,.T.);
#2109 = SEAM_CURVE('',#2110,(#2114,#2121),.PCURVE_S1.);
#2110 = LINE('',#2111,#2112);
#2111 = CARTESIAN_POINT('',(154.5,-190.,-10.));
#2112 = VECTOR('',#2113,1.);
#2113 = DIRECTION('',(0.,0.,1.));
#2114 = PCURVE('',#506,#2115);
#2115 = DEFINITIONAL_REPRESENTATION('',(#2116),#2120);
#2116 = LINE('',#2117,#2118);
#2117 = CARTESIAN_POINT('',(-4.138911435803E-13,0.));
#2118 = VECTOR('',#2119,1.);
#2119 = DIRECTION('',(-0.,-1.));
#2120 = ( GEOMETRIC_REPRESENTATION_CONTEXT(2) 
PARAMETRIC_REPRESENTATION_CONTEXT() REPRESENTATION_CONTEXT('2D SPACE',''
  ) );
#2121 = PCURVE('',#506,#2122);
#2122 = DEFINITIONAL_REPRESENTATION('',(#2123),#2127);
#2123 = LINE('',#2124,#2125);
#2124 = CARTESIAN_POINT('',(6.28318530718,0.));
#2125 = VECTOR('',#2126,1.);
#2126 = DIRECTION('',(-0.,-1.));
#2127 = ( GEOMETRIC_REPRESENTATION_CONTEXT(2) 
PARAMETRIC_REPRESENTATION_CONTEXT() REPRESENTATION_CONTEXT('2D SPACE',''
  ) );
#2128 = ORIENTED_EDGE('',*,*,#1354,.T.);
#2129 = ORIENTED_EDGE('',*,*,#2108,.F.);
#2130 = ORIENTED_EDGE('',*,*,#485,.F.);
#2131 = ADVANCED_FACE('',(#2132),#541,.F.);
#2132 = FACE_BOUND('',#2133,.F.);
#2133 = EDGE_LOOP('',(#2134,#2155,#2156,#2157));
#2134 = ORIENTED_EDGE('',*,*,#2135,.T.);
#2135 = EDGE_CURVE('',#521,#1385,#2136,.T.);
#2136 = SEAM_CURVE('',#2137,(#2141,#2148),.PCURVE_S1.);
#2137 = LINE('',#2138,#2139);
#2138 = CARTESIAN_POINT('',(132.,-165.,-10.));
#2139 = VECTOR('',#2140,1.);
#2140 = DIRECTION('',(0.,0.,1.));
#2141 = PCURVE('',#541,#2142);
#2142 = DEFINITIONAL_REPRESENTATION('',(#2143),#2147);
#2143 = LINE('',#2144,#2145);
#2144 = CARTESIAN_POINT('',(-4.138911435803E-13,0.));
#2145 = VECTOR('',#2146,1.);
#2146 = DIRECTION('',(-0.,-1.));
#2147 = ( GEOMETRIC_REPRESENTATION_CONTEXT(2) 
PARAMETRIC_REPRESENTATION_CONTEXT() REPRESENTATION_CONTEXT('2D SPACE',''
  ) );
#2148 = PCURVE('',#541,#2149);
#2149 = DEFINITIONAL_REPRESENTATION('',(#2150),#2154);
#2150 = LINE('',#2151,#2152);
#2151 = CARTESIAN_POINT('',(6.28318530718,0.));
#2152 = VECTOR('',#2153,1.);
#2153 = DIRECTION('',(-0.,-1.));
#2154 = ( GEOMETRIC_REPRESENTATION_CONTEXT(2) 
PARAMETRIC_REPRESENTATION_CONTEXT() REPRESENTATION_CONTEXT('2D SPACE',''
  ) );
#2155 = ORIENTED_EDGE('',*,*,#1384,.T.);
#2156 = ORIENTED_EDGE('',*,*,#2135,.F.);
#2157 = ORIENTED_EDGE('',*,*,#520,.F.);
#2158 = ADVANCED_FACE('',(#2159),#576,.F.);
#2159 = FACE_BOUND('',#2160,.F.);
#2160 = EDGE_LOOP('',(#2161,#2182,#2183,#2184));
#2161 = ORIENTED_EDGE('',*,*,#2162,.T.);
#2162 = EDGE_CURVE('',#556,#1415,#2163,.T.);
#2163 = SEAM_CURVE('',#2164,(#2168,#2175),.PCURVE_S1.);
#2164 = LINE('',#2165,#2166);
#2165 = CARTESIAN_POINT('',(167.1345596729,-162.6345596729,-10.));
#2166 = VECTOR('',#2167,1.);
#2167 = DIRECTION('',(0.,0.,1.));
#2168 = PCURVE('',#576,#2169);
#2169 = DEFINITIONAL_REPRESENTATION('',(#2170),#2174);
#2170 = LINE('',#2171,#2172);
#2171 = CARTESIAN_POINT('',(-4.138911435803E-13,0.));
#2172 = VECTOR('',#2173,1.);
#2173 = DIRECTION('',(-0.,-1.));
#2174 = ( GEOMETRIC_REPRESENTATION_CONTEXT(2) 
PARAMETRIC_REPRESENTATION_CONTEXT() REPRESENTATION_CONTEXT('2D SPACE',''
  ) );
#2175 = PCURVE('',#576,#2176);
#2176 = DEFINITIONAL_REPRESENTATION('',(#2177),#2181);
#2177 = LINE('',#2178,#2179);
#2178 = CARTESIAN_POINT('',(6.28318530718,0.));
#2179 = VECTOR('',#2180,1.);
#2180 = DIRECTION('',(-0.,-1.));
#2181 = ( GEOMETRIC_REPRESENTATION_CONTEXT(2) 
PARAMETRIC_REPRESENTATION_CONTEXT() REPRESENTATION_CONTEXT('2D SPACE',''
  ) );
#2182 = ORIENTED_EDGE('',*,*,#1414,.T.);
#2183 = ORIENTED_EDGE('',*,*,#2162,.F.);
#2184 = ORIENTED_EDGE('',*,*,#555,.F.);
#2185 = ADVANCED_FACE('',(#2186),#611,.F.);
#2186 = FACE_BOUND('',#2187,.F.);
#2187 = EDGE_LOOP('',(#2188,#2209,#2210,#2211));
#2188 = ORIENTED_EDGE('',*,*,#2189,.T.);
#2189 = EDGE_CURVE('',#591,#1445,#2190,.T.);
#2190 = SEAM_CURVE('',#2191,(#2195,#2202),.PCURVE_S1.);
#2191 = LINE('',#2192,#2193);
#2192 = CARTESIAN_POINT('',(154.5,-140.,-10.));
#2193 = VECTOR('',#2194,1.);
#2194 = DIRECTION('',(0.,0.,1.));
#2195 = PCURVE('',#611,#2196);
#2196 = DEFINITIONAL_REPRESENTATION('',(#2197),#2201);
#2197 = LINE('',#2198,#2199);
#2198 = CARTESIAN_POINT('',(-4.138911435803E-13,0.));
#2199 = VECTOR('',#2200,1.);
#2200 = DIRECTION('',(-0.,-1.));
#2201 = ( GEOMETRIC_REPRESENTATION_CONTEXT(2) 
PARAMETRIC_REPRESENTATION_CONTEXT() REPRESENTATION_CONTEXT('2D SPACE',''
  ) );
#2202 = PCURVE('',#611,#2203);
#2203 = DEFINITIONAL_REPRESENTATION('',(#2204),#2208);
#2204 = LINE('',#2205,#2206);
#2205 = CARTESIAN_POINT('',(6.28318530718,0.));
#2206 = VECTOR('',#2207,1.);
#2207 = DIRECTION('',(-0.,-1.));
#2208 = ( GEOMETRIC_REPRESENTATION_CONTEXT(2) 
PARAMETRIC_REPRESENTATION_CONTEXT() REPRESENTATION_CONTEXT('2D SPACE',''
  ) );
#2209 = ORIENTED_EDGE('',*,*,#1444,.T.);
#2210 = ORIENTED_EDGE('',*,*,#2189,.F.);
#2211 = ORIENTED_EDGE('',*,*,#590,.F.);
#2212 = ADVANCED_FACE('',(#2213),#646,.F.);
#2213 = FACE_BOUND('',#2214,.F.);
#2214 = EDGE_LOOP('',(#2215,#2236,#2237,#2238));
#2215 = ORIENTED_EDGE('',*,*,#2216,.T.);
#2216 = EDGE_CURVE('',#626,#1475,#2217,.T.);
#2217 = SEAM_CURVE('',#2218,(#2222,#2229),.PCURVE_S1.);
#2218 = LINE('',#2219,#2220);
#2219 = CARTESIAN_POINT('',(166.67891818947,-66.96960066389,-10.));
#2220 = VECTOR('',#2221,1.);
#2221 = DIRECTION('',(0.,0.,1.));
#2222 = PCURVE('',#646,#2223);
#2223 = DEFINITIONAL_REPRESENTATION('',(#2224),#2228);
#2224 = LINE('',#2225,#2226);
#2225 = CARTESIAN_POINT('',(-4.138911435803E-13,0.));
#2226 = VECTOR('',#2227,1.);
#2227 = DIRECTION('',(-0.,-1.));
#2228 = ( GEOMETRIC_REPRESENTATION_CONTEXT(2) 
PARAMETRIC_REPRESENTATION_CONTEXT() REPRESENTATION_CONTEXT('2D SPACE',''
  ) );
#2229 = PCURVE('',#646,#2230);
#2230 = DEFINITIONAL_REPRESENTATION('',(#2231),#2235);
#2231 = LINE('',#2232,#2233);
#2232 = CARTESIAN_POINT('',(6.28318530718,0.));
#2233 = VECTOR('',#2234,1.);
#2234 = DIRECTION('',(-0.,-1.));
#2235 = ( GEOMETRIC_REPRESENTATION_CONTEXT(2) 
PARAMETRIC_REPRESENTATION_CONTEXT() REPRESENTATION_CONTEXT('2D SPACE',''
  ) );
#2236 = ORIENTED_EDGE('',*,*,#1474,.T.);
#2237 = ORIENTED_EDGE('',*,*,#2216,.F.);
#2238 = ORIENTED_EDGE('',*,*,#625,.F.);
#2239 = ADVANCED_FACE('',(#2240),#681,.F.);
#2240 = FACE_BOUND('',#2241,.F.);
#2241 = EDGE_LOOP('',(#2242,#2263,#2264,#2265));
#2242 = ORIENTED_EDGE('',*,*,#2243,.T.);
#2243 = EDGE_CURVE('',#661,#1505,#2244,.T.);
#2244 = SEAM_CURVE('',#2245,(#2249,#2256),.PCURVE_S1.);
#2245 = LINE('',#2246,#2247);
#2246 = CARTESIAN_POINT('',(226.66294004648,-59.52838037358,-10.));
#2247 = VECTOR('',#2248,1.);
#2248 = DIRECTION('',(0.,0.,1.));
#2249 = PCURVE('',#681,#2250);
#2250 = DEFINITIONAL_REPRESENTATION('',(#2251),#2255);
#2251 = LINE('',#2252,#2253);
#2252 = CARTESIAN_POINT('',(-4.138911435803E-13,0.));
#2253 = VECTOR('',#2254,1.);
#2254 = DIRECTION('',(-0.,-1.));
#2255 = ( GEOMETRIC_REPRESENTATION_CONTEXT(2) 
PARAMETRIC_REPRESENTATION_CONTEXT() REPRESENTATION_CONTEXT('2D SPACE',''
  ) );
#2256 = PCURVE('',#681,#2257);
#2257 = DEFINITIONAL_REPRESENTATION('',(#2258),#2262);
#2258 = LINE('',#2259,#2260);
#2259 = CARTESIAN_POINT('',(6.28318530718,0.));
#2260 = VECTOR('',#2261,1.);
#2261 = DIRECTION('',(-0.,-1.));
#2262 = ( GEOMETRIC_REPRESENTATION_CONTEXT(2) 
PARAMETRIC_REPRESENTATION_CONTEXT() REPRESENTATION_CONTEXT('2D SPACE',''
  ) );
#2263 = ORIENTED_EDGE('',*,*,#1504,.T.);
#2264 = ORIENTED_EDGE('',*,*,#2243,.F.);
#2265 = ORIENTED_EDGE('',*,*,#660,.F.);
#2266 = ADVANCED_FACE('',(#2267),#716,.F.);
#2267 = FACE_BOUND('',#2268,.F.);
#2268 = EDGE_LOOP('',(#2269,#2290,#2291,#2292));
#2269 = ORIENTED_EDGE('',*,*,#2270,.T.);
#2270 = EDGE_CURVE('',#696,#1535,#2271,.T.);
#2271 = SEAM_CURVE('',#2272,(#2276,#2283),.PCURVE_S1.);
#2272 = LINE('',#2273,#2274);
#2273 = CARTESIAN_POINT('',(-217.6629400464,59.52838037358,-10.));
#2274 = VECTOR('',#2275,1.);
#2275 = DIRECTION('',(0.,0.,1.));
#2276 = PCURVE('',#716,#2277);
#2277 = DEFINITIONAL_REPRESENTATION('',(#2278),#2282);
#2278 = LINE('',#2279,#2280);
#2279 = CARTESIAN_POINT('',(-4.138911435803E-13,0.));
#2280 = VECTOR('',#2281,1.);
#2281 = DIRECTION('',(-0.,-1.));
#2282 = ( GEOMETRIC_REPRESENTATION_CONTEXT(2) 
PARAMETRIC_REPRESENTATION_CONTEXT() REPRESENTATION_CONTEXT('2D SPACE',''
  ) );
#2283 = PCURVE('',#716,#2284);
#2284 = DEFINITIONAL_REPRESENTATION('',(#2285),#2289);
#2285 = LINE('',#2286,#2287);
#2286 = CARTESIAN_POINT('',(6.28318530718,0.));
#2287 = VECTOR('',#2288,1.);
#2288 = DIRECTION('',(-0.,-1.));
#2289 = ( GEOMETRIC_REPRESENTATION_CONTEXT(2) 
PARAMETRIC_REPRESENTATION_CONTEXT() REPRESENTATION_CONTEXT('2D SPACE',''
  ) );
#2290 = ORIENTED_EDGE('',*,*,#1534,.T.);
#2291 = ORIENTED_EDGE('',*,*,#2270,.F.);
#2292 = ORIENTED_EDGE('',*,*,#695,.F.);
#2293 = ADVANCED_FACE('',(#2294),#751,.F.);
#2294 = FACE_BOUND('',#2295,.F.);
#2295 = EDGE_LOOP('',(#2296,#2317,#2318,#2319));
#2296 = ORIENTED_EDGE('',*,*,#2297,.T.);
#2297 = EDGE_CURVE('',#731,#1565,#2298,.T.);
#2298 = SEAM_CURVE('',#2299,(#2303,#2310),.PCURVE_S1.);
#2299 = LINE('',#2300,#2301);
#2300 = CARTESIAN_POINT('',(-156.6789181894,66.969600663891,-10.));
#2301 = VECTOR('',#2302,1.);
#2302 = DIRECTION('',(0.,0.,1.));
#2303 = PCURVE('',#751,#2304);
#2304 = DEFINITIONAL_REPRESENTATION('',(#2305),#2309);
#2305 = LINE('',#2306,#2307);
#2306 = CARTESIAN_POINT('',(-4.138911435803E-13,0.));
#2307 = VECTOR('',#2308,1.);
#2308 = DIRECTION('',(-0.,-1.));
#2309 = ( GEOMETRIC_REPRESENTATION_CONTEXT(2) 
PARAMETRIC_REPRESENTATION_CONTEXT() REPRESENTATION_CONTEXT('2D SPACE',''
  ) );
#2310 = PCURVE('',#751,#2311);
#2311 = DEFINITIONAL_REPRESENTATION('',(#2312),#2316);
#2312 = LINE('',#2313,#2314);
#2313 = CARTESIAN_POINT('',(6.28318530718,0.));
#2314 = VECTOR('',#2315,1.);
#2315 = DIRECTION('',(-0.,-1.));
#2316 = ( GEOMETRIC_REPRESENTATION_CONTEXT(2) 
PARAMETRIC_REPRESENTATION_CONTEXT() REPRESENTATION_CONTEXT('2D SPACE',''
  ) );
#2317 = ORIENTED_EDGE('',*,*,#1564,.T.);
#2318 = ORIENTED_EDGE('',*,*,#2297,.F.);
#2319 = ORIENTED_EDGE('',*,*,#730,.F.);
#2320 = ADVANCED_FACE('',(#2321),#786,.F.);
#2321 = FACE_BOUND('',#2322,.F.);
#2322 = EDGE_LOOP('',(#2323,#2344,#2345,#2346));
#2323 = ORIENTED_EDGE('',*,*,#2324,.T.);
#2324 = EDGE_CURVE('',#766,#1595,#2325,.T.);
#2325 = SEAM_CURVE('',#2326,(#2330,#2337),.PCURVE_S1.);
#2326 = LINE('',#2327,#2328);
#2327 = CARTESIAN_POINT('',(-158.1345596729,162.6345596729,-10.));
#2328 = VECTOR('',#2329,1.);
#2329 = DIRECTION('',(0.,0.,1.));
#2330 = PCURVE('',#786,#2331);
#2331 = DEFINITIONAL_REPRESENTATION('',(#2332),#2336);
#2332 = LINE('',#2333,#2334);
#2333 = CARTESIAN_POINT('',(-4.138911435803E-13,0.));
#2334 = VECTOR('',#2335,1.);
#2335 = DIRECTION('',(-0.,-1.));
#2336 = ( GEOMETRIC_REPRESENTATION_CONTEXT(2) 
PARAMETRIC_REPRESENTATION_CONTEXT() REPRESENTATION_CONTEXT('2D SPACE',''
  ) );
#2337 = PCURVE('',#786,#2338);
#2338 = DEFINITIONAL_REPRESENTATION('',(#2339),#2343);
#2339 = LINE('',#2340,#2341);
#2340 = CARTESIAN_POINT('',(6.28318530718,0.));
#2341 = VECTOR('',#2342,1.);
#2342 = DIRECTION('',(-0.,-1.));
#2343 = ( GEOMETRIC_REPRESENTATION_CONTEXT(2) 
PARAMETRIC_REPRESENTATION_CONTEXT() REPRESENTATION_CONTEXT('2D SPACE',''
  ) );
#2344 = ORIENTED_EDGE('',*,*,#1594,.T.);
#2345 = ORIENTED_EDGE('',*,*,#2324,.F.);
#2346 = ORIENTED_EDGE('',*,*,#765,.F.);
#2347 = ADVANCED_FACE('',(#2348),#821,.F.);
#2348 = FACE_BOUND('',#2349,.F.);
#2349 = EDGE_LOOP('',(#2350,#2371,#2372,#2373));
#2350 = ORIENTED_EDGE('',*,*,#2351,.T.);
#2351 = EDGE_CURVE('',#801,#1625,#2352,.T.);
#2352 = SEAM_CURVE('',#2353,(#2357,#2364),.PCURVE_S1.);
#2353 = LINE('',#2354,#2355);
#2354 = CARTESIAN_POINT('',(-61.96960066389,161.67891818947,-10.));
#2355 = VECTOR('',#2356,1.);
#2356 = DIRECTION('',(0.,0.,1.));
#2357 = PCURVE('',#821,#2358);
#2358 = DEFINITIONAL_REPRESENTATION('',(#2359),#2363);
#2359 = LINE('',#2360,#2361);
#2360 = CARTESIAN_POINT('',(-4.138911435803E-13,0.));
#2361 = VECTOR('',#2362,1.);
#2362 = DIRECTION('',(-0.,-1.));
#2363 = ( GEOMETRIC_REPRESENTATION_CONTEXT(2) 
PARAMETRIC_REPRESENTATION_CONTEXT() REPRESENTATION_CONTEXT('2D SPACE',''
  ) );
#2364 = PCURVE('',#821,#2365);
#2365 = DEFINITIONAL_REPRESENTATION('',(#2366),#2370);
#2366 = LINE('',#2367,#2368);
#2367 = CARTESIAN_POINT('',(6.28318530718,0.));
#2368 = VECTOR('',#2369,1.);
#2369 = DIRECTION('',(-0.,-1.));
#2370 = ( GEOMETRIC_REPRESENTATION_CONTEXT(2) 
PARAMETRIC_REPRESENTATION_CONTEXT() REPRESENTATION_CONTEXT('2D SPACE',''
  ) );
#2371 = ORIENTED_EDGE('',*,*,#1624,.T.);
#2372 = ORIENTED_EDGE('',*,*,#2351,.F.);
#2373 = ORIENTED_EDGE('',*,*,#800,.F.);
#2374 = ADVANCED_FACE('',(#2375),#856,.F.);
#2375 = FACE_BOUND('',#2376,.F.);
#2376 = EDGE_LOOP('',(#2377,#2398,#2399,#2400));
#2377 = ORIENTED_EDGE('',*,*,#2378,.T.);
#2378 = EDGE_CURVE('',#836,#1655,#2379,.T.);
#2379 = SEAM_CURVE('',#2380,(#2384,#2391),.PCURVE_S1.);
#2380 = LINE('',#2381,#2382);
#2381 = CARTESIAN_POINT('',(-55.02838037358,222.16294004648,-10.));
#2382 = VECTOR('',#2383,1.);
#2383 = DIRECTION('',(0.,0.,1.));
#2384 = PCURVE('',#856,#2385);
#2385 = DEFINITIONAL_REPRESENTATION('',(#2386),#2390);
#2386 = LINE('',#2387,#2388);
#2387 = CARTESIAN_POINT('',(-4.138911435803E-13,0.));
#2388 = VECTOR('',#2389,1.);
#2389 = DIRECTION('',(-0.,-1.));
#2390 = ( GEOMETRIC_REPRESENTATION_CONTEXT(2) 
PARAMETRIC_REPRESENTATION_CONTEXT() REPRESENTATION_CONTEXT('2D SPACE',''
  ) );
#2391 = PCURVE('',#856,#2392);
#2392 = DEFINITIONAL_REPRESENTATION('',(#2393),#2397);
#2393 = LINE('',#2394,#2395);
#2394 = CARTESIAN_POINT('',(6.28318530718,0.));
#2395 = VECTOR('',#2396,1.);
#2396 = DIRECTION('',(-0.,-1.));
#2397 = ( GEOMETRIC_REPRESENTATION_CONTEXT(2) 
PARAMETRIC_REPRESENTATION_CONTEXT() REPRESENTATION_CONTEXT('2D SPACE',''
  ) );
#2398 = ORIENTED_EDGE('',*,*,#1654,.T.);
#2399 = ORIENTED_EDGE('',*,*,#2378,.F.);
#2400 = ORIENTED_EDGE('',*,*,#835,.F.);
#2401 = ADVANCED_FACE('',(#2402),#891,.F.);
#2402 = FACE_BOUND('',#2403,.F.);
#2403 = EDGE_LOOP('',(#2404,#2425,#2426,#2427));
#2404 = ORIENTED_EDGE('',*,*,#2405,.T.);
#2405 = EDGE_CURVE('',#871,#1685,#2406,.T.);
#2406 = SEAM_CURVE('',#2407,(#2411,#2418),.PCURVE_S1.);
#2407 = LINE('',#2408,#2409);
#2408 = CARTESIAN_POINT('',(38.,0.,-10.));
#2409 = VECTOR('',#2410,1.);
#2410 = DIRECTION('',(0.,0.,1.));
#2411 = PCURVE('',#891,#2412);
#2412 = DEFINITIONAL_REPRESENTATION('',(#2413),#2417);
#2413 = LINE('',#2414,#2415);
#2414 = CARTESIAN_POINT('',(-4.138911435803E-13,0.));
#2415 = VECTOR('',#2416,1.);
#2416 = DIRECTION('',(-0.,-1.));
#2417 = ( GEOMETRIC_REPRESENTATION_CONTEXT(2) 
PARAMETRIC_REPRESENTATION_CONTEXT() REPRESENTATION_CONTEXT('2D SPACE',''
  ) );
#2418 = PCURVE('',#891,#2419);
#2419 = DEFINITIONAL_REPRESENTATION('',(#2420),#2424);
#2420 = LINE('',#2421,#2422);
#2421 = CARTESIAN_POINT('',(6.28318530718,0.));
#2422 = VECTOR('',#2423,1.);
#2423 = DIRECTION('',(-0.,-1.));
#2424 = ( GEOMETRIC_REPRESENTATION_CONTEXT(2) 
PARAMETRIC_REPRESENTATION_CONTEXT() REPRESENTATION_CONTEXT('2D SPACE',''
  ) );
#2425 = ORIENTED_EDGE('',*,*,#1684,.T.);
#2426 = ORIENTED_EDGE('',*,*,#2405,.F.);
#2427 = ORIENTED_EDGE('',*,*,#870,.F.);
#2428 = ADVANCED_FACE('',(#2429),#926,.F.);
#2429 = FACE_BOUND('',#2430,.F.);
#2430 = EDGE_LOOP('',(#2431,#2452,#2453,#2454));
#2431 = ORIENTED_EDGE('',*,*,#2432,.T.);
#2432 = EDGE_CURVE('',#906,#1715,#2433,.T.);
#2433 = SEAM_CURVE('',#2434,(#2438,#2445),.PCURVE_S1.);
#2434 = LINE('',#2435,#2436);
#2435 = CARTESIAN_POINT('',(166.67891818947,66.969600663891,-10.));
#2436 = VECTOR('',#2437,1.);
#2437 = DIRECTION('',(0.,0.,1.));
#2438 = PCURVE('',#926,#2439);
#2439 = DEFINITIONAL_REPRESENTATION('',(#2440),#2444);
#2440 = LINE('',#2441,#2442);
#2441 = CARTESIAN_POINT('',(-4.138911435803E-13,0.));
#2442 = VECTOR('',#2443,1.);
#2443 = DIRECTION('',(-0.,-1.));
#2444 = ( GEOMETRIC_REPRESENTATION_CONTEXT(2) 
PARAMETRIC_REPRESENTATION_CONTEXT() REPRESENTATION_CONTEXT('2D SPACE',''
  ) );
#2445 = PCURVE('',#926,#2446);
#2446 = DEFINITIONAL_REPRESENTATION('',(#2447),#2451);
#2447 = LINE('',#2448,#2449);
#2448 = CARTESIAN_POINT('',(6.28318530718,0.));
#2449 = VECTOR('',#2450,1.);
#2450 = DIRECTION('',(-0.,-1.));
#2451 = ( GEOMETRIC_REPRESENTATION_CONTEXT(2) 
PARAMETRIC_REPRESENTATION_CONTEXT() REPRESENTATION_CONTEXT('2D SPACE',''
  ) );
#2452 = ORIENTED_EDGE('',*,*,#1714,.T.);
#2453 = ORIENTED_EDGE('',*,*,#2432,.F.);
#2454 = ORIENTED_EDGE('',*,*,#905,.F.);
#2455 = ADVANCED_FACE('',(#2456),#961,.F.);
#2456 = FACE_BOUND('',#2457,.F.);
#2457 = EDGE_LOOP('',(#2458,#2479,#2480,#2481));
#2458 = ORIENTED_EDGE('',*,*,#2459,.T.);
#2459 = EDGE_CURVE('',#941,#1745,#2460,.T.);
#2460 = SEAM_CURVE('',#2461,(#2465,#2472),.PCURVE_S1.);
#2461 = LINE('',#2462,#2463);
#2462 = CARTESIAN_POINT('',(226.66294004648,59.52838037358,-10.));
#2463 = VECTOR('',#2464,1.);
#2464 = DIRECTION('',(0.,0.,1.));
#2465 = PCURVE('',#961,#2466);
#2466 = DEFINITIONAL_REPRESENTATION('',(#2467),#2471);
#2467 = LINE('',#2468,#2469);
#2468 = CARTESIAN_POINT('',(-4.138911435803E-13,0.));
#2469 = VECTOR('',#2470,1.);
#2470 = DIRECTION('',(-0.,-1.));
#2471 = ( GEOMETRIC_REPRESENTATION_CONTEXT(2) 
PARAMETRIC_REPRESENTATION_CONTEXT() REPRESENTATION_CONTEXT('2D SPACE',''
  ) );
#2472 = PCURVE('',#961,#2473);
#2473 = DEFINITIONAL_REPRESENTATION('',(#2474),#2478);
#2474 = LINE('',#2475,#2476);
#2475 = CARTESIAN_POINT('',(6.28318530718,0.));
#2476 = VECTOR('',#2477,1.);
#2477 = DIRECTION('',(-0.,-1.));
#2478 = ( GEOMETRIC_REPRESENTATION_CONTEXT(2) 
PARAMETRIC_REPRESENTATION_CONTEXT() REPRESENTATION_CONTEXT('2D SPACE',''
  ) );
#2479 = ORIENTED_EDGE('',*,*,#1744,.T.);
#2480 = ORIENTED_EDGE('',*,*,#2459,.F.);
#2481 = ORIENTED_EDGE('',*,*,#940,.F.);
#2482 = ADVANCED_FACE('',(#2483),#996,.F.);
#2483 = FACE_BOUND('',#2484,.F.);
#2484 = EDGE_LOOP('',(#2485,#2506,#2507,#2508));
#2485 = ORIENTED_EDGE('',*,*,#2486,.T.);
#2486 = EDGE_CURVE('',#976,#1775,#2487,.T.);
#2487 = SEAM_CURVE('',#2488,(#2492,#2499),.PCURVE_S1.);
#2488 = LINE('',#2489,#2490);
#2489 = CARTESIAN_POINT('',(71.969600663891,161.67891818947,-10.));
#2490 = VECTOR('',#2491,1.);
#2491 = DIRECTION('',(0.,0.,1.));
#2492 = PCURVE('',#996,#2493);
#2493 = DEFINITIONAL_REPRESENTATION('',(#2494),#2498);
#2494 = LINE('',#2495,#2496);
#2495 = CARTESIAN_POINT('',(-4.138911435803E-13,0.));
#2496 = VECTOR('',#2497,1.);
#2497 = DIRECTION('',(-0.,-1.));
#2498 = ( GEOMETRIC_REPRESENTATION_CONTEXT(2) 
PARAMETRIC_REPRESENTATION_CONTEXT() REPRESENTATION_CONTEXT('2D SPACE',''
  ) );
#2499 = PCURVE('',#996,#2500);
#2500 = DEFINITIONAL_REPRESENTATION('',(#2501),#2505);
#2501 = LINE('',#2502,#2503);
#2502 = CARTESIAN_POINT('',(6.28318530718,0.));
#2503 = VECTOR('',#2504,1.);
#2504 = DIRECTION('',(-0.,-1.));
#2505 = ( GEOMETRIC_REPRESENTATION_CONTEXT(2) 
PARAMETRIC_REPRESENTATION_CONTEXT() REPRESENTATION_CONTEXT('2D SPACE',''
  ) );
#2506 = ORIENTED_EDGE('',*,*,#1774,.T.);
#2507 = ORIENTED_EDGE('',*,*,#2486,.F.);
#2508 = ORIENTED_EDGE('',*,*,#975,.F.);
#2509 = ADVANCED_FACE('',(#2510),#1031,.F.);
#2510 = FACE_BOUND('',#2511,.F.);
#2511 = EDGE_LOOP('',(#2512,#2533,#2534,#2535));
#2512 = ORIENTED_EDGE('',*,*,#2513,.T.);
#2513 = EDGE_CURVE('',#1011,#1805,#2514,.T.);
#2514 = SEAM_CURVE('',#2515,(#2519,#2526),.PCURVE_S1.);
#2515 = LINE('',#2516,#2517);
#2516 = CARTESIAN_POINT('',(64.02838037358,222.16294004648,-10.));
#2517 = VECTOR('',#2518,1.);
#2518 = DIRECTION('',(0.,0.,1.));
#2519 = PCURVE('',#1031,#2520);
#2520 = DEFINITIONAL_REPRESENTATION('',(#2521),#2525);
#2521 = LINE('',#2522,#2523);
#2522 = CARTESIAN_POINT('',(-4.138911435803E-13,0.));
#2523 = VECTOR('',#2524,1.);
#2524 = DIRECTION('',(-0.,-1.));
#2525 = ( GEOMETRIC_REPRESENTATION_CONTEXT(2) 
PARAMETRIC_REPRESENTATION_CONTEXT() REPRESENTATION_CONTEXT('2D SPACE',''
  ) );
#2526 = PCURVE('',#1031,#2527);
#2527 = DEFINITIONAL_REPRESENTATION('',(#2528),#2532);
#2528 = LINE('',#2529,#2530);
#2529 = CARTESIAN_POINT('',(6.28318530718,0.));
#2530 = VECTOR('',#2531,1.);
#2531 = DIRECTION('',(-0.,-1.));
#2532 = ( GEOMETRIC_REPRESENTATION_CONTEXT(2) 
PARAMETRIC_REPRESENTATION_CONTEXT() REPRESENTATION_CONTEXT('2D SPACE',''
  ) );
#2533 = ORIENTED_EDGE('',*,*,#1804,.T.);
#2534 = ORIENTED_EDGE('',*,*,#2513,.F.);
#2535 = ORIENTED_EDGE('',*,*,#1010,.F.);
#2536 = ADVANCED_FACE('',(#2537),#1066,.F.);
#2537 = FACE_BOUND('',#2538,.F.);
#2538 = EDGE_LOOP('',(#2539,#2560,#2561,#2562));
#2539 = ORIENTED_EDGE('',*,*,#2540,.T.);
#2540 = EDGE_CURVE('',#1046,#1835,#2541,.T.);
#2541 = SEAM_CURVE('',#2542,(#2546,#2553),.PCURVE_S1.);
#2542 = LINE('',#2543,#2544);
#2543 = CARTESIAN_POINT('',(167.1345596729,162.6345596729,-10.));
#2544 = VECTOR('',#2545,1.);
#2545 = DIRECTION('',(0.,0.,1.));
#2546 = PCURVE('',#1066,#2547);
#2547 = DEFINITIONAL_REPRESENTATION('',(#2548),#2552);
#2548 = LINE('',#2549,#2550);
#2549 = CARTESIAN_POINT('',(-4.138911435803E-13,0.));
#2550 = VECTOR('',#2551,1.);
#2551 = DIRECTION('',(-0.,-1.));
#2552 = ( GEOMETRIC_REPRESENTATION_CONTEXT(2) 
PARAMETRIC_REPRESENTATION_CONTEXT() REPRESENTATION_CONTEXT('2D SPACE',''
  ) );
#2553 = PCURVE('',#1066,#2554);
#2554 = DEFINITIONAL_REPRESENTATION('',(#2555),#2559);
#2555 = LINE('',#2556,#2557);
#2556 = CARTESIAN_POINT('',(6.28318530718,0.));
#2557 = VECTOR('',#2558,1.);
#2558 = DIRECTION('',(-0.,-1.));
#2559 = ( GEOMETRIC_REPRESENTATION_CONTEXT(2) 
PARAMETRIC_REPRESENTATION_CONTEXT() REPRESENTATION_CONTEXT('2D SPACE',''
  ) );
#2560 = ORIENTED_EDGE('',*,*,#1834,.T.);
#2561 = ORIENTED_EDGE('',*,*,#2540,.F.);
#2562 = ORIENTED_EDGE('',*,*,#1045,.F.);
#2563 = ( GEOMETRIC_REPRESENTATION_CONTEXT(3) 
GLOBAL_UNCERTAINTY_ASSIGNED_CONTEXT((#2567)) 
GLOBAL_UNIT_ASSIGNED_CONTEXT((#2564,#2565,#2566)) REPRESENTATION_CONTEXT
('Context #1','3D Context with UNIT and UNCERTAINTY') );
#2564 = ( LENGTH_UNIT() NAMED_UNIT(*) SI_UNIT(.MILLI.,.METRE.) );
#2565 = ( NAMED_UNIT(*) PLANE_ANGLE_UNIT() SI_UNIT($,.RADIAN.) );
#2566 = ( NAMED_UNIT(*) SI_UNIT($,.STERADIAN.) SOLID_ANGLE_UNIT() );
#2567 = UNCERTAINTY_MEASURE_WITH_UNIT(LENGTH_MEASURE(1.E-07),#2564,
  'distance_accuracy_value','confusion accuracy');
#2568 = CONTEXT_DEPENDENT_SHAPE_REPRESENTATION(#2569,#2571);
#2569 = ( REPRESENTATION_RELATIONSHIP('','',#72,#10) 
REPRESENTATION_RELATIONSHIP_WITH_TRANSFORMATION(#2570) 
SHAPE_REPRESENTATION_RELATIONSHIP() );
#2570 = ITEM_DEFINED_TRANSFORMATION('','',#11,#15);
#2571 = PRODUCT_DEFINITION_SHAPE('Placement','Placement of an item',
  #2572);
#2572 = NEXT_ASSEMBLY_USAGE_OCCURRENCE('1','01_fixed_base_plate','',#5,
  #67,$);
#2573 = PRODUCT_RELATED_PRODUCT_CATEGORY('part',$,(#69));
#2574 = SHAPE_DEFINITION_REPRESENTATION(#2575,#2581);
#2575 = PRODUCT_DEFINITION_SHAPE('','',#2576);
#2576 = PRODUCT_DEFINITION('design','',#2577,#2580);
#2577 = PRODUCT_DEFINITION_FORMATION('','',#2578);
#2578 = PRODUCT('02_az_bearing_housing','02_az_bearing_housing','',(
    #2579));
#2579 = PRODUCT_CONTEXT('',#2,'mechanical');
#2580 = PRODUCT_DEFINITION_CONTEXT('part definition',#2,'design');
#2581 = ADVANCED_BREP_SHAPE_REPRESENTATION('',(#11,#2582),#3500);
#2582 = MANIFOLD_SOLID_BREP('',#2583);
#2583 = CLOSED_SHELL('',(#2584,#2672,#2987,#3257,#3284,#3311,#3338,#3365
    ,#3392,#3419,#3446,#3473));
#2584 = ADVANCED_FACE('',(#2585),#2598,.T.);
#2585 = FACE_BOUND('',#2586,.T.);
#2586 = EDGE_LOOP('',(#2587,#2621,#2644,#2671));
#2587 = ORIENTED_EDGE('',*,*,#2588,.T.);
#2588 = EDGE_CURVE('',#2589,#2589,#2591,.T.);
#2589 = VERTEX_POINT('',#2590);
#2590 = CARTESIAN_POINT('',(194.,0.,-11.));
#2591 = SURFACE_CURVE('',#2592,(#2597,#2609),.PCURVE_S1.);
#2592 = CIRCLE('',#2593,194.);
#2593 = AXIS2_PLACEMENT_3D('',#2594,#2595,#2596);
#2594 = CARTESIAN_POINT('',(0.,0.,-11.));
#2595 = DIRECTION('',(0.,0.,1.));
#2596 = DIRECTION('',(1.,0.,-0.));
#2597 = PCURVE('',#2598,#2603);
#2598 = CYLINDRICAL_SURFACE('',#2599,194.);
#2599 = AXIS2_PLACEMENT_3D('',#2600,#2601,#2602);
#2600 = CARTESIAN_POINT('',(0.,0.,-11.));
#2601 = DIRECTION('',(-0.,-0.,-1.));
#2602 = DIRECTION('',(1.,0.,0.));
#2603 = DEFINITIONAL_REPRESENTATION('',(#2604),#2608);
#2604 = LINE('',#2605,#2606);
#2605 = CARTESIAN_POINT('',(6.28318530718,0.));
#2606 = VECTOR('',#2607,1.);
#2607 = DIRECTION('',(-1.,0.));
#2608 = ( GEOMETRIC_REPRESENTATION_CONTEXT(2) 
PARAMETRIC_REPRESENTATION_CONTEXT() REPRESENTATION_CONTEXT('2D SPACE',''
  ) );
#2609 = PCURVE('',#2610,#2615);
#2610 = PLANE('',#2611);
#2611 = AXIS2_PLACEMENT_3D('',#2612,#2613,#2614);
#2612 = CARTESIAN_POINT('',(-1.082674249268E-14,1.373410235088E-14,-11.)
  );
#2613 = DIRECTION('',(0.,0.,1.));
#2614 = DIRECTION('',(1.,0.,-0.));
#2615 = DEFINITIONAL_REPRESENTATION('',(#2616),#2620);
#2616 = CIRCLE('',#2617,194.);
#2617 = AXIS2_PLACEMENT_2D('',#2618,#2619);
#2618 = CARTESIAN_POINT('',(1.082674249268E-14,-1.373410235088E-14));
#2619 = DIRECTION('',(1.,0.));
#2620 = ( GEOMETRIC_REPRESENTATION_CONTEXT(2) 
PARAMETRIC_REPRESENTATION_CONTEXT() REPRESENTATION_CONTEXT('2D SPACE',''
  ) );
#2621 = ORIENTED_EDGE('',*,*,#2622,.T.);
#2622 = EDGE_CURVE('',#2589,#2623,#2625,.T.);
#2623 = VERTEX_POINT('',#2624);
#2624 = CARTESIAN_POINT('',(194.,0.,11.));
#2625 = SEAM_CURVE('',#2626,(#2630,#2637),.PCURVE_S1.);
#2626 = LINE('',#2627,#2628);
#2627 = CARTESIAN_POINT('',(194.,0.,-11.));
#2628 = VECTOR('',#2629,1.);
#2629 = DIRECTION('',(0.,0.,1.));
#2630 = PCURVE('',#2598,#2631);
#2631 = DEFINITIONAL_REPRESENTATION('',(#2632),#2636);
#2632 = LINE('',#2633,#2634);
#2633 = CARTESIAN_POINT('',(-4.138911435803E-13,0.));
#2634 = VECTOR('',#2635,1.);
#2635 = DIRECTION('',(-0.,-1.));
#2636 = ( GEOMETRIC_REPRESENTATION_CONTEXT(2) 
PARAMETRIC_REPRESENTATION_CONTEXT() REPRESENTATION_CONTEXT('2D SPACE',''
  ) );
#2637 = PCURVE('',#2598,#2638);
#2638 = DEFINITIONAL_REPRESENTATION('',(#2639),#2643);
#2639 = LINE('',#2640,#2641);
#2640 = CARTESIAN_POINT('',(6.28318530718,0.));
#2641 = VECTOR('',#2642,1.);
#2642 = DIRECTION('',(-0.,-1.));
#2643 = ( GEOMETRIC_REPRESENTATION_CONTEXT(2) 
PARAMETRIC_REPRESENTATION_CONTEXT() REPRESENTATION_CONTEXT('2D SPACE',''
  ) );
#2644 = ORIENTED_EDGE('',*,*,#2645,.F.);
#2645 = EDGE_CURVE('',#2623,#2623,#2646,.T.);
#2646 = SURFACE_CURVE('',#2647,(#2652,#2659),.PCURVE_S1.);
#2647 = CIRCLE('',#2648,194.);
#2648 = AXIS2_PLACEMENT_3D('',#2649,#2650,#2651);
#2649 = CARTESIAN_POINT('',(0.,0.,11.));
#2650 = DIRECTION('',(0.,0.,1.));
#2651 = DIRECTION('',(1.,0.,-0.));
#2652 = PCURVE('',#2598,#2653);
#2653 = DEFINITIONAL_REPRESENTATION('',(#2654),#2658);
#2654 = LINE('',#2655,#2656);
#2655 = CARTESIAN_POINT('',(6.28318530718,-22.));
#2656 = VECTOR('',#2657,1.);
#2657 = DIRECTION('',(-1.,0.));
#2658 = ( GEOMETRIC_REPRESENTATION_CONTEXT(2) 
PARAMETRIC_REPRESENTATION_CONTEXT() REPRESENTATION_CONTEXT('2D SPACE',''
  ) );
#2659 = PCURVE('',#2660,#2665);
#2660 = PLANE('',#2661);
#2661 = AXIS2_PLACEMENT_3D('',#2662,#2663,#2664);
#2662 = CARTESIAN_POINT('',(-1.082674249268E-14,1.373410235088E-14,11.)
  );
#2663 = DIRECTION('',(0.,0.,1.));
#2664 = DIRECTION('',(1.,0.,-0.));
#2665 = DEFINITIONAL_REPRESENTATION('',(#2666),#2670);
#2666 = CIRCLE('',#2667,194.);
#2667 = AXIS2_PLACEMENT_2D('',#2668,#2669);
#2668 = CARTESIAN_POINT('',(1.082674249268E-14,-1.373410235088E-14));
#2669 = DIRECTION('',(1.,0.));
#2670 = ( GEOMETRIC_REPRESENTATION_CONTEXT(2) 
PARAMETRIC_REPRESENTATION_CONTEXT() REPRESENTATION_CONTEXT('2D SPACE',''
  ) );
#2671 = ORIENTED_EDGE('',*,*,#2622,.F.);
#2672 = ADVANCED_FACE('',(#2673,#2676,#2711,#2746,#2781,#2816,#2851,
    #2886,#2917,#2952),#2610,.F.);
#2673 = FACE_BOUND('',#2674,.F.);
#2674 = EDGE_LOOP('',(#2675));
#2675 = ORIENTED_EDGE('',*,*,#2588,.T.);
#2676 = FACE_BOUND('',#2677,.F.);
#2677 = EDGE_LOOP('',(#2678));
#2678 = ORIENTED_EDGE('',*,*,#2679,.T.);
#2679 = EDGE_CURVE('',#2680,#2680,#2682,.T.);
#2680 = VERTEX_POINT('',#2681);
#2681 = CARTESIAN_POINT('',(-61.96960066389,-161.6789181894,-11.));
#2682 = SURFACE_CURVE('',#2683,(#2688,#2699),.PCURVE_S1.);
#2683 = CIRCLE('',#2684,5.);
#2684 = AXIS2_PLACEMENT_3D('',#2685,#2686,#2687);
#2685 = CARTESIAN_POINT('',(-66.96960066389,-161.6789181894,-11.));
#2686 = DIRECTION('',(0.,0.,-1.));
#2687 = DIRECTION('',(1.,0.,0.));
#2688 = PCURVE('',#2610,#2689);
#2689 = DEFINITIONAL_REPRESENTATION('',(#2690),#2698);
#2690 = ( BOUNDED_CURVE() B_SPLINE_CURVE(2,(#2691,#2692,#2693,#2694,
#2695,#2696,#2697),.UNSPECIFIED.,.T.,.F.) B_SPLINE_CURVE_WITH_KNOTS((1,2
    ,2,2,2,1),(-2.094395102393,0.,2.094395102393,4.188790204786,
6.28318530718,8.377580409573),.UNSPECIFIED.) CURVE() 
GEOMETRIC_REPRESENTATION_ITEM() RATIONAL_B_SPLINE_CURVE((1.,0.5,1.,0.5,
1.,0.5,1.)) REPRESENTATION_ITEM('') );
#2691 = CARTESIAN_POINT('',(-61.96960066389,-161.6789181894));
#2692 = CARTESIAN_POINT('',(-61.96960066389,-170.3391722272));
#2693 = CARTESIAN_POINT('',(-69.46960066389,-166.0090452083));
#2694 = CARTESIAN_POINT('',(-76.96960066389,-161.6789181894));
#2695 = CARTESIAN_POINT('',(-69.46960066389,-157.3487911704));
#2696 = CARTESIAN_POINT('',(-61.96960066389,-153.0186641515));
#2697 = CARTESIAN_POINT('',(-61.96960066389,-161.6789181894));
#2698 = ( GEOMETRIC_REPRESENTATION_CONTEXT(2) 
PARAMETRIC_REPRESENTATION_CONTEXT() REPRESENTATION_CONTEXT('2D SPACE',''
  ) );
#2699 = PCURVE('',#2700,#2705);
#2700 = CYLINDRICAL_SURFACE('',#2701,5.);
#2701 = AXIS2_PLACEMENT_3D('',#2702,#2703,#2704);
#2702 = CARTESIAN_POINT('',(-66.96960066389,-161.6789181894,-12.));
#2703 = DIRECTION('',(-0.,-0.,-1.));
#2704 = DIRECTION('',(1.,0.,0.));
#2705 = DEFINITIONAL_REPRESENTATION('',(#2706),#2710);
#2706 = LINE('',#2707,#2708);
#2707 = CARTESIAN_POINT('',(-4.138911435803E-13,-1.));
#2708 = VECTOR('',#2709,1.);
#2709 = DIRECTION('',(1.,-0.));
#2710 = ( GEOMETRIC_REPRESENTATION_CONTEXT(2) 
PARAMETRIC_REPRESENTATION_CONTEXT() REPRESENTATION_CONTEXT('2D SPACE',''
  ) );
#2711 = FACE_BOUND('',#2712,.F.);
#2712 = EDGE_LOOP('',(#2713));
#2713 = ORIENTED_EDGE('',*,*,#2714,.T.);
#2714 = EDGE_CURVE('',#2715,#2715,#2717,.T.);
#2715 = VERTEX_POINT('',#2716);
#2716 = CARTESIAN_POINT('',(-156.6789181894,-66.96960066389,-11.));
#2717 = SURFACE_CURVE('',#2718,(#2723,#2734),.PCURVE_S1.);
#2718 = CIRCLE('',#2719,5.);
#2719 = AXIS2_PLACEMENT_3D('',#2720,#2721,#2722);
#2720 = CARTESIAN_POINT('',(-161.6789181894,-66.96960066389,-11.));
#2721 = DIRECTION('',(0.,0.,-1.));
#2722 = DIRECTION('',(1.,0.,0.));
#2723 = PCURVE('',#2610,#2724);
#2724 = DEFINITIONAL_REPRESENTATION('',(#2725),#2733);
#2725 = ( BOUNDED_CURVE() B_SPLINE_CURVE(2,(#2726,#2727,#2728,#2729,
#2730,#2731,#2732),.UNSPECIFIED.,.T.,.F.) B_SPLINE_CURVE_WITH_KNOTS((1,2
    ,2,2,2,1),(-2.094395102393,0.,2.094395102393,4.188790204786,
6.28318530718,8.377580409573),.UNSPECIFIED.) CURVE() 
GEOMETRIC_REPRESENTATION_ITEM() RATIONAL_B_SPLINE_CURVE((1.,0.5,1.,0.5,
1.,0.5,1.)) REPRESENTATION_ITEM('') );
#2726 = CARTESIAN_POINT('',(-156.6789181894,-66.96960066389));
#2727 = CARTESIAN_POINT('',(-156.6789181894,-75.62985470173));
#2728 = CARTESIAN_POINT('',(-164.1789181894,-71.29972768281));
#2729 = CARTESIAN_POINT('',(-171.6789181894,-66.96960066389));
#2730 = CARTESIAN_POINT('',(-164.1789181894,-62.63947364496));
#2731 = CARTESIAN_POINT('',(-156.6789181894,-58.30934662604));
#2732 = CARTESIAN_POINT('',(-156.6789181894,-66.96960066389));
#2733 = ( GEOMETRIC_REPRESENTATION_CONTEXT(2) 
PARAMETRIC_REPRESENTATION_CONTEXT() REPRESENTATION_CONTEXT('2D SPACE',''
  ) );
#2734 = PCURVE('',#2735,#2740);
#2735 = CYLINDRICAL_SURFACE('',#2736,5.);
#2736 = AXIS2_PLACEMENT_3D('',#2737,#2738,#2739);
#2737 = CARTESIAN_POINT('',(-161.6789181894,-66.96960066389,-12.));
#2738 = DIRECTION('',(-0.,-0.,-1.));
#2739 = DIRECTION('',(1.,0.,0.));
#2740 = DEFINITIONAL_REPRESENTATION('',(#2741),#2745);
#2741 = LINE('',#2742,#2743);
#2742 = CARTESIAN_POINT('',(-4.138911435803E-13,-1.));
#2743 = VECTOR('',#2744,1.);
#2744 = DIRECTION('',(1.,-0.));
#2745 = ( GEOMETRIC_REPRESENTATION_CONTEXT(2) 
PARAMETRIC_REPRESENTATION_CONTEXT() REPRESENTATION_CONTEXT('2D SPACE',''
  ) );
#2746 = FACE_BOUND('',#2747,.F.);
#2747 = EDGE_LOOP('',(#2748));
#2748 = ORIENTED_EDGE('',*,*,#2749,.T.);
#2749 = EDGE_CURVE('',#2750,#2750,#2752,.T.);
#2750 = VERTEX_POINT('',#2751);
#2751 = CARTESIAN_POINT('',(71.969600663891,-161.6789181894,-11.));
#2752 = SURFACE_CURVE('',#2753,(#2758,#2769),.PCURVE_S1.);
#2753 = CIRCLE('',#2754,5.);
#2754 = AXIS2_PLACEMENT_3D('',#2755,#2756,#2757);
#2755 = CARTESIAN_POINT('',(66.969600663891,-161.6789181894,-11.));
#2756 = DIRECTION('',(0.,0.,-1.));
#2757 = DIRECTION('',(1.,0.,0.));
#2758 = PCURVE('',#2610,#2759);
#2759 = DEFINITIONAL_REPRESENTATION('',(#2760),#2768);
#2760 = ( BOUNDED_CURVE() B_SPLINE_CURVE(2,(#2761,#2762,#2763,#2764,
#2765,#2766,#2767),.UNSPECIFIED.,.T.,.F.) B_SPLINE_CURVE_WITH_KNOTS((1,2
    ,2,2,2,1),(-2.094395102393,0.,2.094395102393,4.188790204786,
6.28318530718,8.377580409573),.UNSPECIFIED.) CURVE() 
GEOMETRIC_REPRESENTATION_ITEM() RATIONAL_B_SPLINE_CURVE((1.,0.5,1.,0.5,
1.,0.5,1.)) REPRESENTATION_ITEM('') );
#2761 = CARTESIAN_POINT('',(71.969600663891,-161.6789181894));
#2762 = CARTESIAN_POINT('',(71.969600663891,-170.3391722272));
#2763 = CARTESIAN_POINT('',(64.469600663891,-166.0090452083));
#2764 = CARTESIAN_POINT('',(56.969600663891,-161.6789181894));
#2765 = CARTESIAN_POINT('',(64.469600663891,-157.3487911704));
#2766 = CARTESIAN_POINT('',(71.969600663891,-153.0186641515));
#2767 = CARTESIAN_POINT('',(71.969600663891,-161.6789181894));
#2768 = ( GEOMETRIC_REPRESENTATION_CONTEXT(2) 
PARAMETRIC_REPRESENTATION_CONTEXT() REPRESENTATION_CONTEXT('2D SPACE',''
  ) );
#2769 = PCURVE('',#2770,#2775);
#2770 = CYLINDRICAL_SURFACE('',#2771,5.);
#2771 = AXIS2_PLACEMENT_3D('',#2772,#2773,#2774);
#2772 = CARTESIAN_POINT('',(66.969600663891,-161.6789181894,-12.));
#2773 = DIRECTION('',(-0.,-0.,-1.));
#2774 = DIRECTION('',(1.,0.,0.));
#2775 = DEFINITIONAL_REPRESENTATION('',(#2776),#2780);
#2776 = LINE('',#2777,#2778);
#2777 = CARTESIAN_POINT('',(-4.138911435803E-13,-1.));
#2778 = VECTOR('',#2779,1.);
#2779 = DIRECTION('',(1.,-0.));
#2780 = ( GEOMETRIC_REPRESENTATION_CONTEXT(2) 
PARAMETRIC_REPRESENTATION_CONTEXT() REPRESENTATION_CONTEXT('2D SPACE',''
  ) );
#2781 = FACE_BOUND('',#2782,.F.);
#2782 = EDGE_LOOP('',(#2783));
#2783 = ORIENTED_EDGE('',*,*,#2784,.T.);
#2784 = EDGE_CURVE('',#2785,#2785,#2787,.T.);
#2785 = VERTEX_POINT('',#2786);
#2786 = CARTESIAN_POINT('',(166.67891818947,-66.96960066389,-11.));
#2787 = SURFACE_CURVE('',#2788,(#2793,#2804),.PCURVE_S1.);
#2788 = CIRCLE('',#2789,5.);
#2789 = AXIS2_PLACEMENT_3D('',#2790,#2791,#2792);
#2790 = CARTESIAN_POINT('',(161.67891818947,-66.96960066389,-11.));
#2791 = DIRECTION('',(0.,0.,-1.));
#2792 = DIRECTION('',(1.,0.,0.));
#2793 = PCURVE('',#2610,#2794);
#2794 = DEFINITIONAL_REPRESENTATION('',(#2795),#2803);
#2795 = ( BOUNDED_CURVE() B_SPLINE_CURVE(2,(#2796,#2797,#2798,#2799,
#2800,#2801,#2802),.UNSPECIFIED.,.T.,.F.) B_SPLINE_CURVE_WITH_KNOTS((1,2
    ,2,2,2,1),(-2.094395102393,0.,2.094395102393,4.188790204786,
6.28318530718,8.377580409573),.UNSPECIFIED.) CURVE() 
GEOMETRIC_REPRESENTATION_ITEM() RATIONAL_B_SPLINE_CURVE((1.,0.5,1.,0.5,
1.,0.5,1.)) REPRESENTATION_ITEM('') );
#2796 = CARTESIAN_POINT('',(166.67891818947,-66.96960066389));
#2797 = CARTESIAN_POINT('',(166.67891818947,-75.62985470173));
#2798 = CARTESIAN_POINT('',(159.17891818947,-71.29972768281));
#2799 = CARTESIAN_POINT('',(151.67891818947,-66.96960066389));
#2800 = CARTESIAN_POINT('',(159.17891818947,-62.63947364496));
#2801 = CARTESIAN_POINT('',(166.67891818947,-58.30934662604));
#2802 = CARTESIAN_POINT('',(166.67891818947,-66.96960066389));
#2803 = ( GEOMETRIC_REPRESENTATION_CONTEXT(2) 
PARAMETRIC_REPRESENTATION_CONTEXT() REPRESENTATION_CONTEXT('2D SPACE',''
  ) );
#2804 = PCURVE('',#2805,#2810);
#2805 = CYLINDRICAL_SURFACE('',#2806,5.);
#2806 = AXIS2_PLACEMENT_3D('',#2807,#2808,#2809);
#2807 = CARTESIAN_POINT('',(161.67891818947,-66.96960066389,-12.));
#2808 = DIRECTION('',(-0.,-0.,-1.));
#2809 = DIRECTION('',(1.,0.,0.));
#2810 = DEFINITIONAL_REPRESENTATION('',(#2811),#2815);
#2811 = LINE('',#2812,#2813);
#2812 = CARTESIAN_POINT('',(-4.138911435803E-13,-1.));
#2813 = VECTOR('',#2814,1.);
#2814 = DIRECTION('',(1.,-0.));
#2815 = ( GEOMETRIC_REPRESENTATION_CONTEXT(2) 
PARAMETRIC_REPRESENTATION_CONTEXT() REPRESENTATION_CONTEXT('2D SPACE',''
  ) );
#2816 = FACE_BOUND('',#2817,.F.);
#2817 = EDGE_LOOP('',(#2818));
#2818 = ORIENTED_EDGE('',*,*,#2819,.T.);
#2819 = EDGE_CURVE('',#2820,#2820,#2822,.T.);
#2820 = VERTEX_POINT('',#2821);
#2821 = CARTESIAN_POINT('',(-156.6789181894,66.969600663891,-11.));
#2822 = SURFACE_CURVE('',#2823,(#2828,#2839),.PCURVE_S1.);
#2823 = CIRCLE('',#2824,5.);
#2824 = AXIS2_PLACEMENT_3D('',#2825,#2826,#2827);
#2825 = CARTESIAN_POINT('',(-161.6789181894,66.969600663891,-11.));
#2826 = DIRECTION('',(0.,0.,-1.));
#2827 = DIRECTION('',(1.,0.,0.));
#2828 = PCURVE('',#2610,#2829);
#2829 = DEFINITIONAL_REPRESENTATION('',(#2830),#2838);
#2830 = ( BOUNDED_CURVE() B_SPLINE_CURVE(2,(#2831,#2832,#2833,#2834,
#2835,#2836,#2837),.UNSPECIFIED.,.T.,.F.) B_SPLINE_CURVE_WITH_KNOTS((1,2
    ,2,2,2,1),(-2.094395102393,0.,2.094395102393,4.188790204786,
6.28318530718,8.377580409573),.UNSPECIFIED.) CURVE() 
GEOMETRIC_REPRESENTATION_ITEM() RATIONAL_B_SPLINE_CURVE((1.,0.5,1.,0.5,
1.,0.5,1.)) REPRESENTATION_ITEM('') );
#2831 = CARTESIAN_POINT('',(-156.6789181894,66.969600663891));
#2832 = CARTESIAN_POINT('',(-156.6789181894,58.309346626047));
#2833 = CARTESIAN_POINT('',(-164.1789181894,62.639473644969));
#2834 = CARTESIAN_POINT('',(-171.6789181894,66.969600663891));
#2835 = CARTESIAN_POINT('',(-164.1789181894,71.299727682813));
#2836 = CARTESIAN_POINT('',(-156.6789181894,75.629854701735));
#2837 = CARTESIAN_POINT('',(-156.6789181894,66.969600663891));
#2838 = ( GEOMETRIC_REPRESENTATION_CONTEXT(2) 
PARAMETRIC_REPRESENTATION_CONTEXT() REPRESENTATION_CONTEXT('2D SPACE',''
  ) );
#2839 = PCURVE('',#2840,#2845);
#2840 = CYLINDRICAL_SURFACE('',#2841,5.);
#2841 = AXIS2_PLACEMENT_3D('',#2842,#2843,#2844);
#2842 = CARTESIAN_POINT('',(-161.6789181894,66.969600663891,-12.));
#2843 = DIRECTION('',(-0.,-0.,-1.));
#2844 = DIRECTION('',(1.,0.,0.));
#2845 = DEFINITIONAL_REPRESENTATION('',(#2846),#2850);
#2846 = LINE('',#2847,#2848);
#2847 = CARTESIAN_POINT('',(-4.138911435803E-13,-1.));
#2848 = VECTOR('',#2849,1.);
#2849 = DIRECTION('',(1.,-0.));
#2850 = ( GEOMETRIC_REPRESENTATION_CONTEXT(2) 
PARAMETRIC_REPRESENTATION_CONTEXT() REPRESENTATION_CONTEXT('2D SPACE',''
  ) );
#2851 = FACE_BOUND('',#2852,.F.);
#2852 = EDGE_LOOP('',(#2853));
#2853 = ORIENTED_EDGE('',*,*,#2854,.T.);
#2854 = EDGE_CURVE('',#2855,#2855,#2857,.T.);
#2855 = VERTEX_POINT('',#2856);
#2856 = CARTESIAN_POINT('',(-61.96960066389,161.67891818947,-11.));
#2857 = SURFACE_CURVE('',#2858,(#2863,#2874),.PCURVE_S1.);
#2858 = CIRCLE('',#2859,5.);
#2859 = AXIS2_PLACEMENT_3D('',#2860,#2861,#2862);
#2860 = CARTESIAN_POINT('',(-66.96960066389,161.67891818947,-11.));
#2861 = DIRECTION('',(0.,0.,-1.));
#2862 = DIRECTION('',(1.,0.,0.));
#2863 = PCURVE('',#2610,#2864);
#2864 = DEFINITIONAL_REPRESENTATION('',(#2865),#2873);
#2865 = ( BOUNDED_CURVE() B_SPLINE_CURVE(2,(#2866,#2867,#2868,#2869,
#2870,#2871,#2872),.UNSPECIFIED.,.T.,.F.) B_SPLINE_CURVE_WITH_KNOTS((1,2
    ,2,2,2,1),(-2.094395102393,0.,2.094395102393,4.188790204786,
6.28318530718,8.377580409573),.UNSPECIFIED.) CURVE() 
GEOMETRIC_REPRESENTATION_ITEM() RATIONAL_B_SPLINE_CURVE((1.,0.5,1.,0.5,
1.,0.5,1.)) REPRESENTATION_ITEM('') );
#2866 = CARTESIAN_POINT('',(-61.96960066389,161.67891818947));
#2867 = CARTESIAN_POINT('',(-61.96960066389,153.01866415162));
#2868 = CARTESIAN_POINT('',(-69.46960066389,157.34879117054));
#2869 = CARTESIAN_POINT('',(-76.96960066389,161.67891818947));
#2870 = CARTESIAN_POINT('',(-69.46960066389,166.00904520839));
#2871 = CARTESIAN_POINT('',(-61.96960066389,170.33917222731));
#2872 = CARTESIAN_POINT('',(-61.96960066389,161.67891818947));
#2873 = ( GEOMETRIC_REPRESENTATION_CONTEXT(2) 
PARAMETRIC_REPRESENTATION_CONTEXT() REPRESENTATION_CONTEXT('2D SPACE',''
  ) );
#2874 = PCURVE('',#2875,#2880);
#2875 = CYLINDRICAL_SURFACE('',#2876,5.);
#2876 = AXIS2_PLACEMENT_3D('',#2877,#2878,#2879);
#2877 = CARTESIAN_POINT('',(-66.96960066389,161.67891818947,-12.));
#2878 = DIRECTION('',(-0.,-0.,-1.));
#2879 = DIRECTION('',(1.,0.,0.));
#2880 = DEFINITIONAL_REPRESENTATION('',(#2881),#2885);
#2881 = LINE('',#2882,#2883);
#2882 = CARTESIAN_POINT('',(-4.138911435803E-13,-1.));
#2883 = VECTOR('',#2884,1.);
#2884 = DIRECTION('',(1.,-0.));
#2885 = ( GEOMETRIC_REPRESENTATION_CONTEXT(2) 
PARAMETRIC_REPRESENTATION_CONTEXT() REPRESENTATION_CONTEXT('2D SPACE',''
  ) );
#2886 = FACE_BOUND('',#2887,.F.);
#2887 = EDGE_LOOP('',(#2888));
#2888 = ORIENTED_EDGE('',*,*,#2889,.F.);
#2889 = EDGE_CURVE('',#2890,#2890,#2892,.T.);
#2890 = VERTEX_POINT('',#2891);
#2891 = CARTESIAN_POINT('',(155.,4.688117019448E-15,-11.));
#2892 = SURFACE_CURVE('',#2893,(#2898,#2905),.PCURVE_S1.);
#2893 = CIRCLE('',#2894,155.);
#2894 = AXIS2_PLACEMENT_3D('',#2895,#2896,#2897);
#2895 = CARTESIAN_POINT('',(9.188709358118E-13,4.688117019448E-15,-11.)
  );
#2896 = DIRECTION('',(0.,0.,1.));
#2897 = DIRECTION('',(1.,0.,-0.));
#2898 = PCURVE('',#2610,#2899);
#2899 = DEFINITIONAL_REPRESENTATION('',(#2900),#2904);
#2900 = CIRCLE('',#2901,155.);
#2901 = AXIS2_PLACEMENT_2D('',#2902,#2903);
#2902 = CARTESIAN_POINT('',(9.296976783045E-13,-9.045985331432E-15));
#2903 = DIRECTION('',(1.,0.));
#2904 = ( GEOMETRIC_REPRESENTATION_CONTEXT(2) 
PARAMETRIC_REPRESENTATION_CONTEXT() REPRESENTATION_CONTEXT('2D SPACE',''
  ) );
#2905 = PCURVE('',#2906,#2911);
#2906 = CYLINDRICAL_SURFACE('',#2907,155.);
#2907 = AXIS2_PLACEMENT_3D('',#2908,#2909,#2910);
#2908 = CARTESIAN_POINT('',(9.188709358118E-13,4.688117019448E-15,-11.)
  );
#2909 = DIRECTION('',(-0.,-0.,-1.));
#2910 = DIRECTION('',(1.,0.,0.));
#2911 = DEFINITIONAL_REPRESENTATION('',(#2912),#2916);
#2912 = LINE('',#2913,#2914);
#2913 = CARTESIAN_POINT('',(6.28318530718,0.));
#2914 = VECTOR('',#2915,1.);
#2915 = DIRECTION('',(-1.,0.));
#2916 = ( GEOMETRIC_REPRESENTATION_CONTEXT(2) 
PARAMETRIC_REPRESENTATION_CONTEXT() REPRESENTATION_CONTEXT('2D SPACE',''
  ) );
#2917 = FACE_BOUND('',#2918,.F.);
#2918 = EDGE_LOOP('',(#2919));
#2919 = ORIENTED_EDGE('',*,*,#2920,.T.);
#2920 = EDGE_CURVE('',#2921,#2921,#2923,.T.);
#2921 = VERTEX_POINT('',#2922);
#2922 = CARTESIAN_POINT('',(166.67891818947,66.969600663891,-11.));
#2923 = SURFACE_CURVE('',#2924,(#2929,#2940),.PCURVE_S1.);
#2924 = CIRCLE('',#2925,5.);
#2925 = AXIS2_PLACEMENT_3D('',#2926,#2927,#2928);
#2926 = CARTESIAN_POINT('',(161.67891818947,66.969600663891,-11.));
#2927 = DIRECTION('',(0.,0.,-1.));
#2928 = DIRECTION('',(1.,0.,0.));
#2929 = PCURVE('',#2610,#2930);
#2930 = DEFINITIONAL_REPRESENTATION('',(#2931),#2939);
#2931 = ( BOUNDED_CURVE() B_SPLINE_CURVE(2,(#2932,#2933,#2934,#2935,
#2936,#2937,#2938),.UNSPECIFIED.,.T.,.F.) B_SPLINE_CURVE_WITH_KNOTS((1,2
    ,2,2,2,1),(-2.094395102393,0.,2.094395102393,4.188790204786,
6.28318530718,8.377580409573),.UNSPECIFIED.) CURVE() 
GEOMETRIC_REPRESENTATION_ITEM() RATIONAL_B_SPLINE_CURVE((1.,0.5,1.,0.5,
1.,0.5,1.)) REPRESENTATION_ITEM('') );
#2932 = CARTESIAN_POINT('',(166.67891818947,66.969600663891));
#2933 = CARTESIAN_POINT('',(166.67891818947,58.309346626047));
#2934 = CARTESIAN_POINT('',(159.17891818947,62.639473644969));
#2935 = CARTESIAN_POINT('',(151.67891818947,66.969600663891));
#2936 = CARTESIAN_POINT('',(159.17891818947,71.299727682813));
#2937 = CARTESIAN_POINT('',(166.67891818947,75.629854701735));
#2938 = CARTESIAN_POINT('',(166.67891818947,66.969600663891));
#2939 = ( GEOMETRIC_REPRESENTATION_CONTEXT(2) 
PARAMETRIC_REPRESENTATION_CONTEXT() REPRESENTATION_CONTEXT('2D SPACE',''
  ) );
#2940 = PCURVE('',#2941,#2946);
#2941 = CYLINDRICAL_SURFACE('',#2942,5.);
#2942 = AXIS2_PLACEMENT_3D('',#2943,#2944,#2945);
#2943 = CARTESIAN_POINT('',(161.67891818947,66.969600663891,-12.));
#2944 = DIRECTION('',(-0.,-0.,-1.));
#2945 = DIRECTION('',(1.,0.,0.));
#2946 = DEFINITIONAL_REPRESENTATION('',(#2947),#2951);
#2947 = LINE('',#2948,#2949);
#2948 = CARTESIAN_POINT('',(-4.138911435803E-13,-1.));
#2949 = VECTOR('',#2950,1.);
#2950 = DIRECTION('',(1.,-0.));
#2951 = ( GEOMETRIC_REPRESENTATION_CONTEXT(2) 
PARAMETRIC_REPRESENTATION_CONTEXT() REPRESENTATION_CONTEXT('2D SPACE',''
  ) );
#2952 = FACE_BOUND('',#2953,.F.);
#2953 = EDGE_LOOP('',(#2954));
#2954 = ORIENTED_EDGE('',*,*,#2955,.T.);
#2955 = EDGE_CURVE('',#2956,#2956,#2958,.T.);
#2956 = VERTEX_POINT('',#2957);
#2957 = CARTESIAN_POINT('',(71.969600663891,161.67891818947,-11.));
#2958 = SURFACE_CURVE('',#2959,(#2964,#2975),.PCURVE_S1.);
#2959 = CIRCLE('',#2960,5.);
#2960 = AXIS2_PLACEMENT_3D('',#2961,#2962,#2963);
#2961 = CARTESIAN_POINT('',(66.969600663891,161.67891818947,-11.));
#2962 = DIRECTION('',(0.,0.,-1.));
#2963 = DIRECTION('',(1.,0.,0.));
#2964 = PCURVE('',#2610,#2965);
#2965 = DEFINITIONAL_REPRESENTATION('',(#2966),#2974);
#2966 = ( BOUNDED_CURVE() B_SPLINE_CURVE(2,(#2967,#2968,#2969,#2970,
#2971,#2972,#2973),.UNSPECIFIED.,.T.,.F.) B_SPLINE_CURVE_WITH_KNOTS((1,2
    ,2,2,2,1),(-2.094395102393,0.,2.094395102393,4.188790204786,
6.28318530718,8.377580409573),.UNSPECIFIED.) CURVE() 
GEOMETRIC_REPRESENTATION_ITEM() RATIONAL_B_SPLINE_CURVE((1.,0.5,1.,0.5,
1.,0.5,1.)) REPRESENTATION_ITEM('') );
#2967 = CARTESIAN_POINT('',(71.969600663891,161.67891818947));
#2968 = CARTESIAN_POINT('',(71.969600663891,153.01866415162));
#2969 = CARTESIAN_POINT('',(64.469600663891,157.34879117054));
#2970 = CARTESIAN_POINT('',(56.969600663891,161.67891818947));
#2971 = CARTESIAN_POINT('',(64.469600663891,166.00904520839));
#2972 = CARTESIAN_POINT('',(71.969600663891,170.33917222731));
#2973 = CARTESIAN_POINT('',(71.969600663891,161.67891818947));
#2974 = ( GEOMETRIC_REPRESENTATION_CONTEXT(2) 
PARAMETRIC_REPRESENTATION_CONTEXT() REPRESENTATION_CONTEXT('2D SPACE',''
  ) );
#2975 = PCURVE('',#2976,#2981);
#2976 = CYLINDRICAL_SURFACE('',#2977,5.);
#2977 = AXIS2_PLACEMENT_3D('',#2978,#2979,#2980);
#2978 = CARTESIAN_POINT('',(66.969600663891,161.67891818947,-12.));
#2979 = DIRECTION('',(-0.,-0.,-1.));
#2980 = DIRECTION('',(1.,0.,0.));
#2981 = DEFINITIONAL_REPRESENTATION('',(#2982),#2986);
#2982 = LINE('',#2983,#2984);
#2983 = CARTESIAN_POINT('',(-4.138911435803E-13,-1.));
#2984 = VECTOR('',#2985,1.);
#2985 = DIRECTION('',(1.,-0.));
#2986 = ( GEOMETRIC_REPRESENTATION_CONTEXT(2) 
PARAMETRIC_REPRESENTATION_CONTEXT() REPRESENTATION_CONTEXT('2D SPACE',''
  ) );
#2987 = ADVANCED_FACE('',(#2988,#2991,#3021,#3051,#3081,#3111,#3141,
    #3171,#3197,#3227),#2660,.T.);
#2988 = FACE_BOUND('',#2989,.T.);
#2989 = EDGE_LOOP('',(#2990));
#2990 = ORIENTED_EDGE('',*,*,#2645,.T.);
#2991 = FACE_BOUND('',#2992,.T.);
#2992 = EDGE_LOOP('',(#2993));
#2993 = ORIENTED_EDGE('',*,*,#2994,.T.);
#2994 = EDGE_CURVE('',#2995,#2995,#2997,.T.);
#2995 = VERTEX_POINT('',#2996);
#2996 = CARTESIAN_POINT('',(-61.96960066389,-161.6789181894,11.));
#2997 = SURFACE_CURVE('',#2998,(#3003,#3014),.PCURVE_S1.);
#2998 = CIRCLE('',#2999,5.);
#2999 = AXIS2_PLACEMENT_3D('',#3000,#3001,#3002);
#3000 = CARTESIAN_POINT('',(-66.96960066389,-161.6789181894,11.));
#3001 = DIRECTION('',(0.,0.,-1.));
#3002 = DIRECTION('',(1.,0.,0.));
#3003 = PCURVE('',#2660,#3004);
#3004 = DEFINITIONAL_REPRESENTATION('',(#3005),#3013);
#3005 = ( BOUNDED_CURVE() B_SPLINE_CURVE(2,(#3006,#3007,#3008,#3009,
#3010,#3011,#3012),.UNSPECIFIED.,.T.,.F.) B_SPLINE_CURVE_WITH_KNOTS((1,2
    ,2,2,2,1),(-2.094395102393,0.,2.094395102393,4.188790204786,
6.28318530718,8.377580409573),.UNSPECIFIED.) CURVE() 
GEOMETRIC_REPRESENTATION_ITEM() RATIONAL_B_SPLINE_CURVE((1.,0.5,1.,0.5,
1.,0.5,1.)) REPRESENTATION_ITEM('') );
#3006 = CARTESIAN_POINT('',(-61.96960066389,-161.6789181894));
#3007 = CARTESIAN_POINT('',(-61.96960066389,-170.3391722272));
#3008 = CARTESIAN_POINT('',(-69.46960066389,-166.0090452083));
#3009 = CARTESIAN_POINT('',(-76.96960066389,-161.6789181894));
#3010 = CARTESIAN_POINT('',(-69.46960066389,-157.3487911704));
#3011 = CARTESIAN_POINT('',(-61.96960066389,-153.0186641515));
#3012 = CARTESIAN_POINT('',(-61.96960066389,-161.6789181894));
#3013 = ( GEOMETRIC_REPRESENTATION_CONTEXT(2) 
PARAMETRIC_REPRESENTATION_CONTEXT() REPRESENTATION_CONTEXT('2D SPACE',''
  ) );
#3014 = PCURVE('',#2700,#3015);
#3015 = DEFINITIONAL_REPRESENTATION('',(#3016),#3020);
#3016 = LINE('',#3017,#3018);
#3017 = CARTESIAN_POINT('',(-4.138911435803E-13,-23.));
#3018 = VECTOR('',#3019,1.);
#3019 = DIRECTION('',(1.,-0.));
#3020 = ( GEOMETRIC_REPRESENTATION_CONTEXT(2) 
PARAMETRIC_REPRESENTATION_CONTEXT() REPRESENTATION_CONTEXT('2D SPACE',''
  ) );
#3021 = FACE_BOUND('',#3022,.T.);
#3022 = EDGE_LOOP('',(#3023));
#3023 = ORIENTED_EDGE('',*,*,#3024,.T.);
#3024 = EDGE_CURVE('',#3025,#3025,#3027,.T.);
#3025 = VERTEX_POINT('',#3026);
#3026 = CARTESIAN_POINT('',(-156.6789181894,-66.96960066389,11.));
#3027 = SURFACE_CURVE('',#3028,(#3033,#3044),.PCURVE_S1.);
#3028 = CIRCLE('',#3029,5.);
#3029 = AXIS2_PLACEMENT_3D('',#3030,#3031,#3032);
#3030 = CARTESIAN_POINT('',(-161.6789181894,-66.96960066389,11.));
#3031 = DIRECTION('',(0.,0.,-1.));
#3032 = DIRECTION('',(1.,0.,0.));
#3033 = PCURVE('',#2660,#3034);
#3034 = DEFINITIONAL_REPRESENTATION('',(#3035),#3043);
#3035 = ( BOUNDED_CURVE() B_SPLINE_CURVE(2,(#3036,#3037,#3038,#3039,
#3040,#3041,#3042),.UNSPECIFIED.,.T.,.F.) B_SPLINE_CURVE_WITH_KNOTS((1,2
    ,2,2,2,1),(-2.094395102393,0.,2.094395102393,4.188790204786,
6.28318530718,8.377580409573),.UNSPECIFIED.) CURVE() 
GEOMETRIC_REPRESENTATION_ITEM() RATIONAL_B_SPLINE_CURVE((1.,0.5,1.,0.5,
1.,0.5,1.)) REPRESENTATION_ITEM('') );
#3036 = CARTESIAN_POINT('',(-156.6789181894,-66.96960066389));
#3037 = CARTESIAN_POINT('',(-156.6789181894,-75.62985470173));
#3038 = CARTESIAN_POINT('',(-164.1789181894,-71.29972768281));
#3039 = CARTESIAN_POINT('',(-171.6789181894,-66.96960066389));
#3040 = CARTESIAN_POINT('',(-164.1789181894,-62.63947364496));
#3041 = CARTESIAN_POINT('',(-156.6789181894,-58.30934662604));
#3042 = CARTESIAN_POINT('',(-156.6789181894,-66.96960066389));
#3043 = ( GEOMETRIC_REPRESENTATION_CONTEXT(2) 
PARAMETRIC_REPRESENTATION_CONTEXT() REPRESENTATION_CONTEXT('2D SPACE',''
  ) );
#3044 = PCURVE('',#2735,#3045);
#3045 = DEFINITIONAL_REPRESENTATION('',(#3046),#3050);
#3046 = LINE('',#3047,#3048);
#3047 = CARTESIAN_POINT('',(-4.138911435803E-13,-23.));
#3048 = VECTOR('',#3049,1.);
#3049 = DIRECTION('',(1.,-0.));
#3050 = ( GEOMETRIC_REPRESENTATION_CONTEXT(2) 
PARAMETRIC_REPRESENTATION_CONTEXT() REPRESENTATION_CONTEXT('2D SPACE',''
  ) );
#3051 = FACE_BOUND('',#3052,.T.);
#3052 = EDGE_LOOP('',(#3053));
#3053 = ORIENTED_EDGE('',*,*,#3054,.T.);
#3054 = EDGE_CURVE('',#3055,#3055,#3057,.T.);
#3055 = VERTEX_POINT('',#3056);
#3056 = CARTESIAN_POINT('',(71.969600663891,-161.6789181894,11.));
#3057 = SURFACE_CURVE('',#3058,(#3063,#3074),.PCURVE_S1.);
#3058 = CIRCLE('',#3059,5.);
#3059 = AXIS2_PLACEMENT_3D('',#3060,#3061,#3062);
#3060 = CARTESIAN_POINT('',(66.969600663891,-161.6789181894,11.));
#3061 = DIRECTION('',(0.,0.,-1.));
#3062 = DIRECTION('',(1.,0.,0.));
#3063 = PCURVE('',#2660,#3064);
#3064 = DEFINITIONAL_REPRESENTATION('',(#3065),#3073);
#3065 = ( BOUNDED_CURVE() B_SPLINE_CURVE(2,(#3066,#3067,#3068,#3069,
#3070,#3071,#3072),.UNSPECIFIED.,.T.,.F.) B_SPLINE_CURVE_WITH_KNOTS((1,2
    ,2,2,2,1),(-2.094395102393,0.,2.094395102393,4.188790204786,
6.28318530718,8.377580409573),.UNSPECIFIED.) CURVE() 
GEOMETRIC_REPRESENTATION_ITEM() RATIONAL_B_SPLINE_CURVE((1.,0.5,1.,0.5,
1.,0.5,1.)) REPRESENTATION_ITEM('') );
#3066 = CARTESIAN_POINT('',(71.969600663891,-161.6789181894));
#3067 = CARTESIAN_POINT('',(71.969600663891,-170.3391722272));
#3068 = CARTESIAN_POINT('',(64.469600663891,-166.0090452083));
#3069 = CARTESIAN_POINT('',(56.969600663891,-161.6789181894));
#3070 = CARTESIAN_POINT('',(64.469600663891,-157.3487911704));
#3071 = CARTESIAN_POINT('',(71.969600663891,-153.0186641515));
#3072 = CARTESIAN_POINT('',(71.969600663891,-161.6789181894));
#3073 = ( GEOMETRIC_REPRESENTATION_CONTEXT(2) 
PARAMETRIC_REPRESENTATION_CONTEXT() REPRESENTATION_CONTEXT('2D SPACE',''
  ) );
#3074 = PCURVE('',#2770,#3075);
#3075 = DEFINITIONAL_REPRESENTATION('',(#3076),#3080);
#3076 = LINE('',#3077,#3078);
#3077 = CARTESIAN_POINT('',(-4.138911435803E-13,-23.));
#3078 = VECTOR('',#3079,1.);
#3079 = DIRECTION('',(1.,-0.));
#3080 = ( GEOMETRIC_REPRESENTATION_CONTEXT(2) 
PARAMETRIC_REPRESENTATION_CONTEXT() REPRESENTATION_CONTEXT('2D SPACE',''
  ) );
#3081 = FACE_BOUND('',#3082,.T.);
#3082 = EDGE_LOOP('',(#3083));
#3083 = ORIENTED_EDGE('',*,*,#3084,.T.);
#3084 = EDGE_CURVE('',#3085,#3085,#3087,.T.);
#3085 = VERTEX_POINT('',#3086);
#3086 = CARTESIAN_POINT('',(166.67891818947,-66.96960066389,11.));
#3087 = SURFACE_CURVE('',#3088,(#3093,#3104),.PCURVE_S1.);
#3088 = CIRCLE('',#3089,5.);
#3089 = AXIS2_PLACEMENT_3D('',#3090,#3091,#3092);
#3090 = CARTESIAN_POINT('',(161.67891818947,-66.96960066389,11.));
#3091 = DIRECTION('',(0.,0.,-1.));
#3092 = DIRECTION('',(1.,0.,0.));
#3093 = PCURVE('',#2660,#3094);
#3094 = DEFINITIONAL_REPRESENTATION('',(#3095),#3103);
#3095 = ( BOUNDED_CURVE() B_SPLINE_CURVE(2,(#3096,#3097,#3098,#3099,
#3100,#3101,#3102),.UNSPECIFIED.,.T.,.F.) B_SPLINE_CURVE_WITH_KNOTS((1,2
    ,2,2,2,1),(-2.094395102393,0.,2.094395102393,4.188790204786,
6.28318530718,8.377580409573),.UNSPECIFIED.) CURVE() 
GEOMETRIC_REPRESENTATION_ITEM() RATIONAL_B_SPLINE_CURVE((1.,0.5,1.,0.5,
1.,0.5,1.)) REPRESENTATION_ITEM('') );
#3096 = CARTESIAN_POINT('',(166.67891818947,-66.96960066389));
#3097 = CARTESIAN_POINT('',(166.67891818947,-75.62985470173));
#3098 = CARTESIAN_POINT('',(159.17891818947,-71.29972768281));
#3099 = CARTESIAN_POINT('',(151.67891818947,-66.96960066389));
#3100 = CARTESIAN_POINT('',(159.17891818947,-62.63947364496));
#3101 = CARTESIAN_POINT('',(166.67891818947,-58.30934662604));
#3102 = CARTESIAN_POINT('',(166.67891818947,-66.96960066389));
#3103 = ( GEOMETRIC_REPRESENTATION_CONTEXT(2) 
PARAMETRIC_REPRESENTATION_CONTEXT() REPRESENTATION_CONTEXT('2D SPACE',''
  ) );
#3104 = PCURVE('',#2805,#3105);
#3105 = DEFINITIONAL_REPRESENTATION('',(#3106),#3110);
#3106 = LINE('',#3107,#3108);
#3107 = CARTESIAN_POINT('',(-4.138911435803E-13,-23.));
#3108 = VECTOR('',#3109,1.);
#3109 = DIRECTION('',(1.,-0.));
#3110 = ( GEOMETRIC_REPRESENTATION_CONTEXT(2) 
PARAMETRIC_REPRESENTATION_CONTEXT() REPRESENTATION_CONTEXT('2D SPACE',''
  ) );
#3111 = FACE_BOUND('',#3112,.T.);
#3112 = EDGE_LOOP('',(#3113));
#3113 = ORIENTED_EDGE('',*,*,#3114,.T.);
#3114 = EDGE_CURVE('',#3115,#3115,#3117,.T.);
#3115 = VERTEX_POINT('',#3116);
#3116 = CARTESIAN_POINT('',(-156.6789181894,66.969600663891,11.));
#3117 = SURFACE_CURVE('',#3118,(#3123,#3134),.PCURVE_S1.);
#3118 = CIRCLE('',#3119,5.);
#3119 = AXIS2_PLACEMENT_3D('',#3120,#3121,#3122);
#3120 = CARTESIAN_POINT('',(-161.6789181894,66.969600663891,11.));
#3121 = DIRECTION('',(0.,0.,-1.));
#3122 = DIRECTION('',(1.,0.,0.));
#3123 = PCURVE('',#2660,#3124);
#3124 = DEFINITIONAL_REPRESENTATION('',(#3125),#3133);
#3125 = ( BOUNDED_CURVE() B_SPLINE_CURVE(2,(#3126,#3127,#3128,#3129,
#3130,#3131,#3132),.UNSPECIFIED.,.T.,.F.) B_SPLINE_CURVE_WITH_KNOTS((1,2
    ,2,2,2,1),(-2.094395102393,0.,2.094395102393,4.188790204786,
6.28318530718,8.377580409573),.UNSPECIFIED.) CURVE() 
GEOMETRIC_REPRESENTATION_ITEM() RATIONAL_B_SPLINE_CURVE((1.,0.5,1.,0.5,
1.,0.5,1.)) REPRESENTATION_ITEM('') );
#3126 = CARTESIAN_POINT('',(-156.6789181894,66.969600663891));
#3127 = CARTESIAN_POINT('',(-156.6789181894,58.309346626047));
#3128 = CARTESIAN_POINT('',(-164.1789181894,62.639473644969));
#3129 = CARTESIAN_POINT('',(-171.6789181894,66.969600663891));
#3130 = CARTESIAN_POINT('',(-164.1789181894,71.299727682813));
#3131 = CARTESIAN_POINT('',(-156.6789181894,75.629854701735));
#3132 = CARTESIAN_POINT('',(-156.6789181894,66.969600663891));
#3133 = ( GEOMETRIC_REPRESENTATION_CONTEXT(2) 
PARAMETRIC_REPRESENTATION_CONTEXT() REPRESENTATION_CONTEXT('2D SPACE',''
  ) );
#3134 = PCURVE('',#2840,#3135);
#3135 = DEFINITIONAL_REPRESENTATION('',(#3136),#3140);
#3136 = LINE('',#3137,#3138);
#3137 = CARTESIAN_POINT('',(-4.138911435803E-13,-23.));
#3138 = VECTOR('',#3139,1.);
#3139 = DIRECTION('',(1.,-0.));
#3140 = ( GEOMETRIC_REPRESENTATION_CONTEXT(2) 
PARAMETRIC_REPRESENTATION_CONTEXT() REPRESENTATION_CONTEXT('2D SPACE',''
  ) );
#3141 = FACE_BOUND('',#3142,.T.);
#3142 = EDGE_LOOP('',(#3143));
#3143 = ORIENTED_EDGE('',*,*,#3144,.T.);
#3144 = EDGE_CURVE('',#3145,#3145,#3147,.T.);
#3145 = VERTEX_POINT('',#3146);
#3146 = CARTESIAN_POINT('',(-61.96960066389,161.67891818947,11.));
#3147 = SURFACE_CURVE('',#3148,(#3153,#3164),.PCURVE_S1.);
#3148 = CIRCLE('',#3149,5.);
#3149 = AXIS2_PLACEMENT_3D('',#3150,#3151,#3152);
#3150 = CARTESIAN_POINT('',(-66.96960066389,161.67891818947,11.));
#3151 = DIRECTION('',(0.,0.,-1.));
#3152 = DIRECTION('',(1.,0.,0.));
#3153 = PCURVE('',#2660,#3154);
#3154 = DEFINITIONAL_REPRESENTATION('',(#3155),#3163);
#3155 = ( BOUNDED_CURVE() B_SPLINE_CURVE(2,(#3156,#3157,#3158,#3159,
#3160,#3161,#3162),.UNSPECIFIED.,.T.,.F.) B_SPLINE_CURVE_WITH_KNOTS((1,2
    ,2,2,2,1),(-2.094395102393,0.,2.094395102393,4.188790204786,
6.28318530718,8.377580409573),.UNSPECIFIED.) CURVE() 
GEOMETRIC_REPRESENTATION_ITEM() RATIONAL_B_SPLINE_CURVE((1.,0.5,1.,0.5,
1.,0.5,1.)) REPRESENTATION_ITEM('') );
#3156 = CARTESIAN_POINT('',(-61.96960066389,161.67891818947));
#3157 = CARTESIAN_POINT('',(-61.96960066389,153.01866415162));
#3158 = CARTESIAN_POINT('',(-69.46960066389,157.34879117054));
#3159 = CARTESIAN_POINT('',(-76.96960066389,161.67891818947));
#3160 = CARTESIAN_POINT('',(-69.46960066389,166.00904520839));
#3161 = CARTESIAN_POINT('',(-61.96960066389,170.33917222731));
#3162 = CARTESIAN_POINT('',(-61.96960066389,161.67891818947));
#3163 = ( GEOMETRIC_REPRESENTATION_CONTEXT(2) 
PARAMETRIC_REPRESENTATION_CONTEXT() REPRESENTATION_CONTEXT('2D SPACE',''
  ) );
#3164 = PCURVE('',#2875,#3165);
#3165 = DEFINITIONAL_REPRESENTATION('',(#3166),#3170);
#3166 = LINE('',#3167,#3168);
#3167 = CARTESIAN_POINT('',(-4.138911435803E-13,-23.));
#3168 = VECTOR('',#3169,1.);
#3169 = DIRECTION('',(1.,-0.));
#3170 = ( GEOMETRIC_REPRESENTATION_CONTEXT(2) 
PARAMETRIC_REPRESENTATION_CONTEXT() REPRESENTATION_CONTEXT('2D SPACE',''
  ) );
#3171 = FACE_BOUND('',#3172,.T.);
#3172 = EDGE_LOOP('',(#3173));
#3173 = ORIENTED_EDGE('',*,*,#3174,.F.);
#3174 = EDGE_CURVE('',#3175,#3175,#3177,.T.);
#3175 = VERTEX_POINT('',#3176);
#3176 = CARTESIAN_POINT('',(155.,4.688117019448E-15,11.));
#3177 = SURFACE_CURVE('',#3178,(#3183,#3190),.PCURVE_S1.);
#3178 = CIRCLE('',#3179,155.);
#3179 = AXIS2_PLACEMENT_3D('',#3180,#3181,#3182);
#3180 = CARTESIAN_POINT('',(9.188709358118E-13,4.688117019448E-15,11.));
#3181 = DIRECTION('',(0.,0.,1.));
#3182 = DIRECTION('',(1.,0.,-0.));
#3183 = PCURVE('',#2660,#3184);
#3184 = DEFINITIONAL_REPRESENTATION('',(#3185),#3189);
#3185 = CIRCLE('',#3186,155.);
#3186 = AXIS2_PLACEMENT_2D('',#3187,#3188);
#3187 = CARTESIAN_POINT('',(9.296976783045E-13,-9.045985331432E-15));
#3188 = DIRECTION('',(1.,0.));
#3189 = ( GEOMETRIC_REPRESENTATION_CONTEXT(2) 
PARAMETRIC_REPRESENTATION_CONTEXT() REPRESENTATION_CONTEXT('2D SPACE',''
  ) );
#3190 = PCURVE('',#2906,#3191);
#3191 = DEFINITIONAL_REPRESENTATION('',(#3192),#3196);
#3192 = LINE('',#3193,#3194);
#3193 = CARTESIAN_POINT('',(6.28318530718,-22.));
#3194 = VECTOR('',#3195,1.);
#3195 = DIRECTION('',(-1.,0.));
#3196 = ( GEOMETRIC_REPRESENTATION_CONTEXT(2) 
PARAMETRIC_REPRESENTATION_CONTEXT() REPRESENTATION_CONTEXT('2D SPACE',''
  ) );
#3197 = FACE_BOUND('',#3198,.T.);
#3198 = EDGE_LOOP('',(#3199));
#3199 = ORIENTED_EDGE('',*,*,#3200,.T.);
#3200 = EDGE_CURVE('',#3201,#3201,#3203,.T.);
#3201 = VERTEX_POINT('',#3202);
#3202 = CARTESIAN_POINT('',(166.67891818947,66.969600663891,11.));
#3203 = SURFACE_CURVE('',#3204,(#3209,#3220),.PCURVE_S1.);
#3204 = CIRCLE('',#3205,5.);
#3205 = AXIS2_PLACEMENT_3D('',#3206,#3207,#3208);
#3206 = CARTESIAN_POINT('',(161.67891818947,66.969600663891,11.));
#3207 = DIRECTION('',(0.,0.,-1.));
#3208 = DIRECTION('',(1.,0.,0.));
#3209 = PCURVE('',#2660,#3210);
#3210 = DEFINITIONAL_REPRESENTATION('',(#3211),#3219);
#3211 = ( BOUNDED_CURVE() B_SPLINE_CURVE(2,(#3212,#3213,#3214,#3215,
#3216,#3217,#3218),.UNSPECIFIED.,.T.,.F.) B_SPLINE_CURVE_WITH_KNOTS((1,2
    ,2,2,2,1),(-2.094395102393,0.,2.094395102393,4.188790204786,
6.28318530718,8.377580409573),.UNSPECIFIED.) CURVE() 
GEOMETRIC_REPRESENTATION_ITEM() RATIONAL_B_SPLINE_CURVE((1.,0.5,1.,0.5,
1.,0.5,1.)) REPRESENTATION_ITEM('') );
#3212 = CARTESIAN_POINT('',(166.67891818947,66.969600663891));
#3213 = CARTESIAN_POINT('',(166.67891818947,58.309346626047));
#3214 = CARTESIAN_POINT('',(159.17891818947,62.639473644969));
#3215 = CARTESIAN_POINT('',(151.67891818947,66.969600663891));
#3216 = CARTESIAN_POINT('',(159.17891818947,71.299727682813));
#3217 = CARTESIAN_POINT('',(166.67891818947,75.629854701735));
#3218 = CARTESIAN_POINT('',(166.67891818947,66.969600663891));
#3219 = ( GEOMETRIC_REPRESENTATION_CONTEXT(2) 
PARAMETRIC_REPRESENTATION_CONTEXT() REPRESENTATION_CONTEXT('2D SPACE',''
  ) );
#3220 = PCURVE('',#2941,#3221);
#3221 = DEFINITIONAL_REPRESENTATION('',(#3222),#3226);
#3222 = LINE('',#3223,#3224);
#3223 = CARTESIAN_POINT('',(-4.138911435803E-13,-23.));
#3224 = VECTOR('',#3225,1.);
#3225 = DIRECTION('',(1.,-0.));
#3226 = ( GEOMETRIC_REPRESENTATION_CONTEXT(2) 
PARAMETRIC_REPRESENTATION_CONTEXT() REPRESENTATION_CONTEXT('2D SPACE',''
  ) );
#3227 = FACE_BOUND('',#3228,.T.);
#3228 = EDGE_LOOP('',(#3229));
#3229 = ORIENTED_EDGE('',*,*,#3230,.T.);
#3230 = EDGE_CURVE('',#3231,#3231,#3233,.T.);
#3231 = VERTEX_POINT('',#3232);
#3232 = CARTESIAN_POINT('',(71.969600663891,161.67891818947,11.));
#3233 = SURFACE_CURVE('',#3234,(#3239,#3250),.PCURVE_S1.);
#3234 = CIRCLE('',#3235,5.);
#3235 = AXIS2_PLACEMENT_3D('',#3236,#3237,#3238);
#3236 = CARTESIAN_POINT('',(66.969600663891,161.67891818947,11.));
#3237 = DIRECTION('',(0.,0.,-1.));
#3238 = DIRECTION('',(1.,0.,0.));
#3239 = PCURVE('',#2660,#3240);
#3240 = DEFINITIONAL_REPRESENTATION('',(#3241),#3249);
#3241 = ( BOUNDED_CURVE() B_SPLINE_CURVE(2,(#3242,#3243,#3244,#3245,
#3246,#3247,#3248),.UNSPECIFIED.,.T.,.F.) B_SPLINE_CURVE_WITH_KNOTS((1,2
    ,2,2,2,1),(-2.094395102393,0.,2.094395102393,4.188790204786,
6.28318530718,8.377580409573),.UNSPECIFIED.) CURVE() 
GEOMETRIC_REPRESENTATION_ITEM() RATIONAL_B_SPLINE_CURVE((1.,0.5,1.,0.5,
1.,0.5,1.)) REPRESENTATION_ITEM('') );
#3242 = CARTESIAN_POINT('',(71.969600663891,161.67891818947));
#3243 = CARTESIAN_POINT('',(71.969600663891,153.01866415162));
#3244 = CARTESIAN_POINT('',(64.469600663891,157.34879117054));
#3245 = CARTESIAN_POINT('',(56.969600663891,161.67891818947));
#3246 = CARTESIAN_POINT('',(64.469600663891,166.00904520839));
#3247 = CARTESIAN_POINT('',(71.969600663891,170.33917222731));
#3248 = CARTESIAN_POINT('',(71.969600663891,161.67891818947));
#3249 = ( GEOMETRIC_REPRESENTATION_CONTEXT(2) 
PARAMETRIC_REPRESENTATION_CONTEXT() REPRESENTATION_CONTEXT('2D SPACE',''
  ) );
#3250 = PCURVE('',#2976,#3251);
#3251 = DEFINITIONAL_REPRESENTATION('',(#3252),#3256);
#3252 = LINE('',#3253,#3254);
#3253 = CARTESIAN_POINT('',(-4.138911435803E-13,-23.));
#3254 = VECTOR('',#3255,1.);
#3255 = DIRECTION('',(1.,-0.));
#3256 = ( GEOMETRIC_REPRESENTATION_CONTEXT(2) 
PARAMETRIC_REPRESENTATION_CONTEXT() REPRESENTATION_CONTEXT('2D SPACE',''
  ) );
#3257 = ADVANCED_FACE('',(#3258),#2700,.F.);
#3258 = FACE_BOUND('',#3259,.F.);
#3259 = EDGE_LOOP('',(#3260,#3281,#3282,#3283));
#3260 = ORIENTED_EDGE('',*,*,#3261,.T.);
#3261 = EDGE_CURVE('',#2680,#2995,#3262,.T.);
#3262 = SEAM_CURVE('',#3263,(#3267,#3274),.PCURVE_S1.);
#3263 = LINE('',#3264,#3265);
#3264 = CARTESIAN_POINT('',(-61.96960066389,-161.6789181894,-12.));
#3265 = VECTOR('',#3266,1.);
#3266 = DIRECTION('',(0.,0.,1.));
#3267 = PCURVE('',#2700,#3268);
#3268 = DEFINITIONAL_REPRESENTATION('',(#3269),#3273);
#3269 = LINE('',#3270,#3271);
#3270 = CARTESIAN_POINT('',(-4.138911435803E-13,0.));
#3271 = VECTOR('',#3272,1.);
#3272 = DIRECTION('',(-0.,-1.));
#3273 = ( GEOMETRIC_REPRESENTATION_CONTEXT(2) 
PARAMETRIC_REPRESENTATION_CONTEXT() REPRESENTATION_CONTEXT('2D SPACE',''
  ) );
#3274 = PCURVE('',#2700,#3275);
#3275 = DEFINITIONAL_REPRESENTATION('',(#3276),#3280);
#3276 = LINE('',#3277,#3278);
#3277 = CARTESIAN_POINT('',(6.28318530718,0.));
#3278 = VECTOR('',#3279,1.);
#3279 = DIRECTION('',(-0.,-1.));
#3280 = ( GEOMETRIC_REPRESENTATION_CONTEXT(2) 
PARAMETRIC_REPRESENTATION_CONTEXT() REPRESENTATION_CONTEXT('2D SPACE',''
  ) );
#3281 = ORIENTED_EDGE('',*,*,#2994,.T.);
#3282 = ORIENTED_EDGE('',*,*,#3261,.F.);
#3283 = ORIENTED_EDGE('',*,*,#2679,.F.);
#3284 = ADVANCED_FACE('',(#3285),#2735,.F.);
#3285 = FACE_BOUND('',#3286,.F.);
#3286 = EDGE_LOOP('',(#3287,#3308,#3309,#3310));
#3287 = ORIENTED_EDGE('',*,*,#3288,.T.);
#3288 = EDGE_CURVE('',#2715,#3025,#3289,.T.);
#3289 = SEAM_CURVE('',#3290,(#3294,#3301),.PCURVE_S1.);
#3290 = LINE('',#3291,#3292);
#3291 = CARTESIAN_POINT('',(-156.6789181894,-66.96960066389,-12.));
#3292 = VECTOR('',#3293,1.);
#3293 = DIRECTION('',(0.,0.,1.));
#3294 = PCURVE('',#2735,#3295);
#3295 = DEFINITIONAL_REPRESENTATION('',(#3296),#3300);
#3296 = LINE('',#3297,#3298);
#3297 = CARTESIAN_POINT('',(-4.138911435803E-13,0.));
#3298 = VECTOR('',#3299,1.);
#3299 = DIRECTION('',(-0.,-1.));
#3300 = ( GEOMETRIC_REPRESENTATION_CONTEXT(2) 
PARAMETRIC_REPRESENTATION_CONTEXT() REPRESENTATION_CONTEXT('2D SPACE',''
  ) );
#3301 = PCURVE('',#2735,#3302);
#3302 = DEFINITIONAL_REPRESENTATION('',(#3303),#3307);
#3303 = LINE('',#3304,#3305);
#3304 = CARTESIAN_POINT('',(6.28318530718,0.));
#3305 = VECTOR('',#3306,1.);
#3306 = DIRECTION('',(-0.,-1.));
#3307 = ( GEOMETRIC_REPRESENTATION_CONTEXT(2) 
PARAMETRIC_REPRESENTATION_CONTEXT() REPRESENTATION_CONTEXT('2D SPACE',''
  ) );
#3308 = ORIENTED_EDGE('',*,*,#3024,.T.);
#3309 = ORIENTED_EDGE('',*,*,#3288,.F.);
#3310 = ORIENTED_EDGE('',*,*,#2714,.F.);
#3311 = ADVANCED_FACE('',(#3312),#2770,.F.);
#3312 = FACE_BOUND('',#3313,.F.);
#3313 = EDGE_LOOP('',(#3314,#3335,#3336,#3337));
#3314 = ORIENTED_EDGE('',*,*,#3315,.T.);
#3315 = EDGE_CURVE('',#2750,#3055,#3316,.T.);
#3316 = SEAM_CURVE('',#3317,(#3321,#3328),.PCURVE_S1.);
#3317 = LINE('',#3318,#3319);
#3318 = CARTESIAN_POINT('',(71.969600663891,-161.6789181894,-12.));
#3319 = VECTOR('',#3320,1.);
#3320 = DIRECTION('',(0.,0.,1.));
#3321 = PCURVE('',#2770,#3322);
#3322 = DEFINITIONAL_REPRESENTATION('',(#3323),#3327);
#3323 = LINE('',#3324,#3325);
#3324 = CARTESIAN_POINT('',(-4.138911435803E-13,0.));
#3325 = VECTOR('',#3326,1.);
#3326 = DIRECTION('',(-0.,-1.));
#3327 = ( GEOMETRIC_REPRESENTATION_CONTEXT(2) 
PARAMETRIC_REPRESENTATION_CONTEXT() REPRESENTATION_CONTEXT('2D SPACE',''
  ) );
#3328 = PCURVE('',#2770,#3329);
#3329 = DEFINITIONAL_REPRESENTATION('',(#3330),#3334);
#3330 = LINE('',#3331,#3332);
#3331 = CARTESIAN_POINT('',(6.28318530718,0.));
#3332 = VECTOR('',#3333,1.);
#3333 = DIRECTION('',(-0.,-1.));
#3334 = ( GEOMETRIC_REPRESENTATION_CONTEXT(2) 
PARAMETRIC_REPRESENTATION_CONTEXT() REPRESENTATION_CONTEXT('2D SPACE',''
  ) );
#3335 = ORIENTED_EDGE('',*,*,#3054,.T.);
#3336 = ORIENTED_EDGE('',*,*,#3315,.F.);
#3337 = ORIENTED_EDGE('',*,*,#2749,.F.);
#3338 = ADVANCED_FACE('',(#3339),#2805,.F.);
#3339 = FACE_BOUND('',#3340,.F.);
#3340 = EDGE_LOOP('',(#3341,#3362,#3363,#3364));
#3341 = ORIENTED_EDGE('',*,*,#3342,.T.);
#3342 = EDGE_CURVE('',#2785,#3085,#3343,.T.);
#3343 = SEAM_CURVE('',#3344,(#3348,#3355),.PCURVE_S1.);
#3344 = LINE('',#3345,#3346);
#3345 = CARTESIAN_POINT('',(166.67891818947,-66.96960066389,-12.));
#3346 = VECTOR('',#3347,1.);
#3347 = DIRECTION('',(0.,0.,1.));
#3348 = PCURVE('',#2805,#3349);
#3349 = DEFINITIONAL_REPRESENTATION('',(#3350),#3354);
#3350 = LINE('',#3351,#3352);
#3351 = CARTESIAN_POINT('',(-4.138911435803E-13,0.));
#3352 = VECTOR('',#3353,1.);
#3353 = DIRECTION('',(-0.,-1.));
#3354 = ( GEOMETRIC_REPRESENTATION_CONTEXT(2) 
PARAMETRIC_REPRESENTATION_CONTEXT() REPRESENTATION_CONTEXT('2D SPACE',''
  ) );
#3355 = PCURVE('',#2805,#3356);
#3356 = DEFINITIONAL_REPRESENTATION('',(#3357),#3361);
#3357 = LINE('',#3358,#3359);
#3358 = CARTESIAN_POINT('',(6.28318530718,0.));
#3359 = VECTOR('',#3360,1.);
#3360 = DIRECTION('',(-0.,-1.));
#3361 = ( GEOMETRIC_REPRESENTATION_CONTEXT(2) 
PARAMETRIC_REPRESENTATION_CONTEXT() REPRESENTATION_CONTEXT('2D SPACE',''
  ) );
#3362 = ORIENTED_EDGE('',*,*,#3084,.T.);
#3363 = ORIENTED_EDGE('',*,*,#3342,.F.);
#3364 = ORIENTED_EDGE('',*,*,#2784,.F.);
#3365 = ADVANCED_FACE('',(#3366),#2840,.F.);
#3366 = FACE_BOUND('',#3367,.F.);
#3367 = EDGE_LOOP('',(#3368,#3389,#3390,#3391));
#3368 = ORIENTED_EDGE('',*,*,#3369,.T.);
#3369 = EDGE_CURVE('',#2820,#3115,#3370,.T.);
#3370 = SEAM_CURVE('',#3371,(#3375,#3382),.PCURVE_S1.);
#3371 = LINE('',#3372,#3373);
#3372 = CARTESIAN_POINT('',(-156.6789181894,66.969600663891,-12.));
#3373 = VECTOR('',#3374,1.);
#3374 = DIRECTION('',(0.,0.,1.));
#3375 = PCURVE('',#2840,#3376);
#3376 = DEFINITIONAL_REPRESENTATION('',(#3377),#3381);
#3377 = LINE('',#3378,#3379);
#3378 = CARTESIAN_POINT('',(-4.138911435803E-13,0.));
#3379 = VECTOR('',#3380,1.);
#3380 = DIRECTION('',(-0.,-1.));
#3381 = ( GEOMETRIC_REPRESENTATION_CONTEXT(2) 
PARAMETRIC_REPRESENTATION_CONTEXT() REPRESENTATION_CONTEXT('2D SPACE',''
  ) );
#3382 = PCURVE('',#2840,#3383);
#3383 = DEFINITIONAL_REPRESENTATION('',(#3384),#3388);
#3384 = LINE('',#3385,#3386);
#3385 = CARTESIAN_POINT('',(6.28318530718,0.));
#3386 = VECTOR('',#3387,1.);
#3387 = DIRECTION('',(-0.,-1.));
#3388 = ( GEOMETRIC_REPRESENTATION_CONTEXT(2) 
PARAMETRIC_REPRESENTATION_CONTEXT() REPRESENTATION_CONTEXT('2D SPACE',''
  ) );
#3389 = ORIENTED_EDGE('',*,*,#3114,.T.);
#3390 = ORIENTED_EDGE('',*,*,#3369,.F.);
#3391 = ORIENTED_EDGE('',*,*,#2819,.F.);
#3392 = ADVANCED_FACE('',(#3393),#2875,.F.);
#3393 = FACE_BOUND('',#3394,.F.);
#3394 = EDGE_LOOP('',(#3395,#3416,#3417,#3418));
#3395 = ORIENTED_EDGE('',*,*,#3396,.T.);
#3396 = EDGE_CURVE('',#2855,#3145,#3397,.T.);
#3397 = SEAM_CURVE('',#3398,(#3402,#3409),.PCURVE_S1.);
#3398 = LINE('',#3399,#3400);
#3399 = CARTESIAN_POINT('',(-61.96960066389,161.67891818947,-12.));
#3400 = VECTOR('',#3401,1.);
#3401 = DIRECTION('',(0.,0.,1.));
#3402 = PCURVE('',#2875,#3403);
#3403 = DEFINITIONAL_REPRESENTATION('',(#3404),#3408);
#3404 = LINE('',#3405,#3406);
#3405 = CARTESIAN_POINT('',(-4.138911435803E-13,0.));
#3406 = VECTOR('',#3407,1.);
#3407 = DIRECTION('',(-0.,-1.));
#3408 = ( GEOMETRIC_REPRESENTATION_CONTEXT(2) 
PARAMETRIC_REPRESENTATION_CONTEXT() REPRESENTATION_CONTEXT('2D SPACE',''
  ) );
#3409 = PCURVE('',#2875,#3410);
#3410 = DEFINITIONAL_REPRESENTATION('',(#3411),#3415);
#3411 = LINE('',#3412,#3413);
#3412 = CARTESIAN_POINT('',(6.28318530718,0.));
#3413 = VECTOR('',#3414,1.);
#3414 = DIRECTION('',(-0.,-1.));
#3415 = ( GEOMETRIC_REPRESENTATION_CONTEXT(2) 
PARAMETRIC_REPRESENTATION_CONTEXT() REPRESENTATION_CONTEXT('2D SPACE',''
  ) );
#3416 = ORIENTED_EDGE('',*,*,#3144,.T.);
#3417 = ORIENTED_EDGE('',*,*,#3396,.F.);
#3418 = ORIENTED_EDGE('',*,*,#2854,.F.);
#3419 = ADVANCED_FACE('',(#3420),#2906,.F.);
#3420 = FACE_BOUND('',#3421,.F.);
#3421 = EDGE_LOOP('',(#3422,#3423,#3444,#3445));
#3422 = ORIENTED_EDGE('',*,*,#2889,.T.);
#3423 = ORIENTED_EDGE('',*,*,#3424,.T.);
#3424 = EDGE_CURVE('',#2890,#3175,#3425,.T.);
#3425 = SEAM_CURVE('',#3426,(#3430,#3437),.PCURVE_S1.);
#3426 = LINE('',#3427,#3428);
#3427 = CARTESIAN_POINT('',(155.,4.688117019448E-15,-11.));
#3428 = VECTOR('',#3429,1.);
#3429 = DIRECTION('',(0.,0.,1.));
#3430 = PCURVE('',#2906,#3431);
#3431 = DEFINITIONAL_REPRESENTATION('',(#3432),#3436);
#3432 = LINE('',#3433,#3434);
#3433 = CARTESIAN_POINT('',(-4.138911435803E-13,0.));
#3434 = VECTOR('',#3435,1.);
#3435 = DIRECTION('',(-0.,-1.));
#3436 = ( GEOMETRIC_REPRESENTATION_CONTEXT(2) 
PARAMETRIC_REPRESENTATION_CONTEXT() REPRESENTATION_CONTEXT('2D SPACE',''
  ) );
#3437 = PCURVE('',#2906,#3438);
#3438 = DEFINITIONAL_REPRESENTATION('',(#3439),#3443);
#3439 = LINE('',#3440,#3441);
#3440 = CARTESIAN_POINT('',(6.28318530718,0.));
#3441 = VECTOR('',#3442,1.);
#3442 = DIRECTION('',(-0.,-1.));
#3443 = ( GEOMETRIC_REPRESENTATION_CONTEXT(2) 
PARAMETRIC_REPRESENTATION_CONTEXT() REPRESENTATION_CONTEXT('2D SPACE',''
  ) );
#3444 = ORIENTED_EDGE('',*,*,#3174,.F.);
#3445 = ORIENTED_EDGE('',*,*,#3424,.F.);
#3446 = ADVANCED_FACE('',(#3447),#2941,.F.);
#3447 = FACE_BOUND('',#3448,.F.);
#3448 = EDGE_LOOP('',(#3449,#3470,#3471,#3472));
#3449 = ORIENTED_EDGE('',*,*,#3450,.T.);
#3450 = EDGE_CURVE('',#2921,#3201,#3451,.T.);
#3451 = SEAM_CURVE('',#3452,(#3456,#3463),.PCURVE_S1.);
#3452 = LINE('',#3453,#3454);
#3453 = CARTESIAN_POINT('',(166.67891818947,66.969600663891,-12.));
#3454 = VECTOR('',#3455,1.);
#3455 = DIRECTION('',(0.,0.,1.));
#3456 = PCURVE('',#2941,#3457);
#3457 = DEFINITIONAL_REPRESENTATION('',(#3458),#3462);
#3458 = LINE('',#3459,#3460);
#3459 = CARTESIAN_POINT('',(-4.138911435803E-13,0.));
#3460 = VECTOR('',#3461,1.);
#3461 = DIRECTION('',(-0.,-1.));
#3462 = ( GEOMETRIC_REPRESENTATION_CONTEXT(2) 
PARAMETRIC_REPRESENTATION_CONTEXT() REPRESENTATION_CONTEXT('2D SPACE',''
  ) );
#3463 = PCURVE('',#2941,#3464);
#3464 = DEFINITIONAL_REPRESENTATION('',(#3465),#3469);
#3465 = LINE('',#3466,#3467);
#3466 = CARTESIAN_POINT('',(6.28318530718,0.));
#3467 = VECTOR('',#3468,1.);
#3468 = DIRECTION('',(-0.,-1.));
#3469 = ( GEOMETRIC_REPRESENTATION_CONTEXT(2) 
PARAMETRIC_REPRESENTATION_CONTEXT() REPRESENTATION_CONTEXT('2D SPACE',''
  ) );
#3470 = ORIENTED_EDGE('',*,*,#3200,.T.);
#3471 = ORIENTED_EDGE('',*,*,#3450,.F.);
#3472 = ORIENTED_EDGE('',*,*,#2920,.F.);
#3473 = ADVANCED_FACE('',(#3474),#2976,.F.);
#3474 = FACE_BOUND('',#3475,.F.);
#3475 = EDGE_LOOP('',(#3476,#3497,#3498,#3499));
#3476 = ORIENTED_EDGE('',*,*,#3477,.T.);
#3477 = EDGE_CURVE('',#2956,#3231,#3478,.T.);
#3478 = SEAM_CURVE('',#3479,(#3483,#3490),.PCURVE_S1.);
#3479 = LINE('',#3480,#3481);
#3480 = CARTESIAN_POINT('',(71.969600663891,161.67891818947,-12.));
#3481 = VECTOR('',#3482,1.);
#3482 = DIRECTION('',(0.,0.,1.));
#3483 = PCURVE('',#2976,#3484);
#3484 = DEFINITIONAL_REPRESENTATION('',(#3485),#3489);
#3485 = LINE('',#3486,#3487);
#3486 = CARTESIAN_POINT('',(-4.138911435803E-13,0.));
#3487 = VECTOR('',#3488,1.);
#3488 = DIRECTION('',(-0.,-1.));
#3489 = ( GEOMETRIC_REPRESENTATION_CONTEXT(2) 
PARAMETRIC_REPRESENTATION_CONTEXT() REPRESENTATION_CONTEXT('2D SPACE',''
  ) );
#3490 = PCURVE('',#2976,#3491);
#3491 = DEFINITIONAL_REPRESENTATION('',(#3492),#3496);
#3492 = LINE('',#3493,#3494);
#3493 = CARTESIAN_POINT('',(6.28318530718,0.));
#3494 = VECTOR('',#3495,1.);
#3495 = DIRECTION('',(-0.,-1.));
#3496 = ( GEOMETRIC_REPRESENTATION_CONTEXT(2) 
PARAMETRIC_REPRESENTATION_CONTEXT() REPRESENTATION_CONTEXT('2D SPACE',''
  ) );
#3497 = ORIENTED_EDGE('',*,*,#3230,.T.);
#3498 = ORIENTED_EDGE('',*,*,#3477,.F.);
#3499 = ORIENTED_EDGE('',*,*,#2955,.F.);
#3500 = ( GEOMETRIC_REPRESENTATION_CONTEXT(3) 
GLOBAL_UNCERTAINTY_ASSIGNED_CONTEXT((#3504)) 
GLOBAL_UNIT_ASSIGNED_CONTEXT((#3501,#3502,#3503)) REPRESENTATION_CONTEXT
('Context #1','3D Context with UNIT and UNCERTAINTY') );
#3501 = ( LENGTH_UNIT() NAMED_UNIT(*) SI_UNIT(.MILLI.,.METRE.) );
#3502 = ( NAMED_UNIT(*) PLANE_ANGLE_UNIT() SI_UNIT($,.RADIAN.) );
#3503 = ( NAMED_UNIT(*) SI_UNIT($,.STERADIAN.) SOLID_ANGLE_UNIT() );
#3504 = UNCERTAINTY_MEASURE_WITH_UNIT(LENGTH_MEASURE(1.E-07),#3501,
  'distance_accuracy_value','confusion accuracy');
#3505 = CONTEXT_DEPENDENT_SHAPE_REPRESENTATION(#3506,#3508);
#3506 = ( REPRESENTATION_RELATIONSHIP('','',#2581,#10) 
REPRESENTATION_RELATIONSHIP_WITH_TRANSFORMATION(#3507) 
SHAPE_REPRESENTATION_RELATIONSHIP() );
#3507 = ITEM_DEFINED_TRANSFORMATION('','',#11,#19);
#3508 = PRODUCT_DEFINITION_SHAPE('Placement','Placement of an item',
  #3509);
#3509 = NEXT_ASSEMBLY_USAGE_OCCURRENCE('2','02_az_bearing_housing','',#5
  ,#2576,$);
#3510 = PRODUCT_RELATED_PRODUCT_CATEGORY('part',$,(#2578));
#3511 = SHAPE_DEFINITION_REPRESENTATION(#3512,#3518);
#3512 = PRODUCT_DEFINITION_SHAPE('','',#3513);
#3513 = PRODUCT_DEFINITION('design','',#3514,#3517);
#3514 = PRODUCT_DEFINITION_FORMATION('','',#3515);
#3515 = PRODUCT('03_az_bearing_envelope','03_az_bearing_envelope','',(
    #3516));
#3516 = PRODUCT_CONTEXT('',#2,'mechanical');
#3517 = PRODUCT_DEFINITION_CONTEXT('part definition',#2,'design');
#3518 = ADVANCED_BREP_SHAPE_REPRESENTATION('',(#11,#3519),#3701);
#3519 = MANIFOLD_SOLID_BREP('',#3520);
#3520 = CLOSED_SHELL('',(#3521,#3609,#3687,#3694));
#3521 = ADVANCED_FACE('',(#3522),#3535,.T.);
#3522 = FACE_BOUND('',#3523,.T.);
#3523 = EDGE_LOOP('',(#3524,#3558,#3581,#3608));
#3524 = ORIENTED_EDGE('',*,*,#3525,.T.);
#3525 = EDGE_CURVE('',#3526,#3526,#3528,.T.);
#3526 = VERTEX_POINT('',#3527);
#3527 = CARTESIAN_POINT('',(155.,0.,-15.5));
#3528 = SURFACE_CURVE('',#3529,(#3534,#3546),.PCURVE_S1.);
#3529 = CIRCLE('',#3530,155.);
#3530 = AXIS2_PLACEMENT_3D('',#3531,#3532,#3533);
#3531 = CARTESIAN_POINT('',(0.,0.,-15.5));
#3532 = DIRECTION('',(0.,0.,1.));
#3533 = DIRECTION('',(1.,0.,-0.));
#3534 = PCURVE('',#3535,#3540);
#3535 = CYLINDRICAL_SURFACE('',#3536,155.);
#3536 = AXIS2_PLACEMENT_3D('',#3537,#3538,#3539);
#3537 = CARTESIAN_POINT('',(0.,0.,-15.5));
#3538 = DIRECTION('',(-0.,-0.,-1.));
#3539 = DIRECTION('',(1.,0.,0.));
#3540 = DEFINITIONAL_REPRESENTATION('',(#3541),#3545);
#3541 = LINE('',#3542,#3543);
#3542 = CARTESIAN_POINT('',(6.28318530718,0.));
#3543 = VECTOR('',#3544,1.);
#3544 = DIRECTION('',(-1.,0.));
#3545 = ( GEOMETRIC_REPRESENTATION_CONTEXT(2) 
PARAMETRIC_REPRESENTATION_CONTEXT() REPRESENTATION_CONTEXT('2D SPACE',''
  ) );
#3546 = PCURVE('',#3547,#3552);
#3547 = PLANE('',#3548);
#3548 = AXIS2_PLACEMENT_3D('',#3549,#3550,#3551);
#3549 = CARTESIAN_POINT('',(-9.033927069164E-15,2.706585273569E-15,-15.5
    ));
#3550 = DIRECTION('',(0.,0.,1.));
#3551 = DIRECTION('',(1.,0.,-0.));
#3552 = DEFINITIONAL_REPRESENTATION('',(#3553),#3557);
#3553 = CIRCLE('',#3554,155.);
#3554 = AXIS2_PLACEMENT_2D('',#3555,#3556);
#3555 = CARTESIAN_POINT('',(9.033927069164E-15,-2.706585273569E-15));
#3556 = DIRECTION('',(1.,0.));
#3557 = ( GEOMETRIC_REPRESENTATION_CONTEXT(2) 
PARAMETRIC_REPRESENTATION_CONTEXT() REPRESENTATION_CONTEXT('2D SPACE',''
  ) );
#3558 = ORIENTED_EDGE('',*,*,#3559,.T.);
#3559 = EDGE_CURVE('',#3526,#3560,#3562,.T.);
#3560 = VERTEX_POINT('',#3561);
#3561 = CARTESIAN_POINT('',(155.,0.,15.5));
#3562 = SEAM_CURVE('',#3563,(#3567,#3574),.PCURVE_S1.);
#3563 = LINE('',#3564,#3565);
#3564 = CARTESIAN_POINT('',(155.,0.,-15.5));
#3565 = VECTOR('',#3566,1.);
#3566 = DIRECTION('',(0.,0.,1.));
#3567 = PCURVE('',#3535,#3568);
#3568 = DEFINITIONAL_REPRESENTATION('',(#3569),#3573);
#3569 = LINE('',#3570,#3571);
#3570 = CARTESIAN_POINT('',(-4.138911435803E-13,0.));
#3571 = VECTOR('',#3572,1.);
#3572 = DIRECTION('',(-0.,-1.));
#3573 = ( GEOMETRIC_REPRESENTATION_CONTEXT(2) 
PARAMETRIC_REPRESENTATION_CONTEXT() REPRESENTATION_CONTEXT('2D SPACE',''
  ) );
#3574 = PCURVE('',#3535,#3575);
#3575 = DEFINITIONAL_REPRESENTATION('',(#3576),#3580);
#3576 = LINE('',#3577,#3578);
#3577 = CARTESIAN_POINT('',(6.28318530718,0.));
#3578 = VECTOR('',#3579,1.);
#3579 = DIRECTION('',(-0.,-1.));
#3580 = ( GEOMETRIC_REPRESENTATION_CONTEXT(2) 
PARAMETRIC_REPRESENTATION_CONTEXT() REPRESENTATION_CONTEXT('2D SPACE',''
  ) );
#3581 = ORIENTED_EDGE('',*,*,#3582,.F.);
#3582 = EDGE_CURVE('',#3560,#3560,#3583,.T.);
#3583 = SURFACE_CURVE('',#3584,(#3589,#3596),.PCURVE_S1.);
#3584 = CIRCLE('',#3585,155.);
#3585 = AXIS2_PLACEMENT_3D('',#3586,#3587,#3588);
#3586 = CARTESIAN_POINT('',(0.,0.,15.5));
#3587 = DIRECTION('',(0.,0.,1.));
#3588 = DIRECTION('',(1.,0.,-0.));
#3589 = PCURVE('',#3535,#3590);
#3590 = DEFINITIONAL_REPRESENTATION('',(#3591),#3595);
#3591 = LINE('',#3592,#3593);
#3592 = CARTESIAN_POINT('',(6.28318530718,-31.));
#3593 = VECTOR('',#3594,1.);
#3594 = DIRECTION('',(-1.,0.));
#3595 = ( GEOMETRIC_REPRESENTATION_CONTEXT(2) 
PARAMETRIC_REPRESENTATION_CONTEXT() REPRESENTATION_CONTEXT('2D SPACE',''
  ) );
#3596 = PCURVE('',#3597,#3602);
#3597 = PLANE('',#3598);
#3598 = AXIS2_PLACEMENT_3D('',#3599,#3600,#3601);
#3599 = CARTESIAN_POINT('',(-9.033927069164E-15,2.706585273569E-15,15.5)
  );
#3600 = DIRECTION('',(0.,0.,1.));
#3601 = DIRECTION('',(1.,0.,-0.));
#3602 = DEFINITIONAL_REPRESENTATION('',(#3603),#3607);
#3603 = CIRCLE('',#3604,155.);
#3604 = AXIS2_PLACEMENT_2D('',#3605,#3606);
#3605 = CARTESIAN_POINT('',(9.033927069164E-15,-2.706585273569E-15));
#3606 = DIRECTION('',(1.,0.));
#3607 = ( GEOMETRIC_REPRESENTATION_CONTEXT(2) 
PARAMETRIC_REPRESENTATION_CONTEXT() REPRESENTATION_CONTEXT('2D SPACE',''
  ) );
#3608 = ORIENTED_EDGE('',*,*,#3559,.F.);
#3609 = ADVANCED_FACE('',(#3610),#3623,.F.);
#3610 = FACE_BOUND('',#3611,.F.);
#3611 = EDGE_LOOP('',(#3612,#3641,#3664,#3686));
#3612 = ORIENTED_EDGE('',*,*,#3613,.T.);
#3613 = EDGE_CURVE('',#3614,#3614,#3616,.T.);
#3614 = VERTEX_POINT('',#3615);
#3615 = CARTESIAN_POINT('',(116.,7.334634691717E-15,-15.5));
#3616 = SURFACE_CURVE('',#3617,(#3622,#3634),.PCURVE_S1.);
#3617 = CIRCLE('',#3618,116.);
#3618 = AXIS2_PLACEMENT_3D('',#3619,#3620,#3621);
#3619 = CARTESIAN_POINT('',(7.363973230484E-13,7.334634691717E-15,-15.5)
  );
#3620 = DIRECTION('',(0.,0.,1.));
#3621 = DIRECTION('',(1.,0.,-0.));
#3622 = PCURVE('',#3623,#3628);
#3623 = CYLINDRICAL_SURFACE('',#3624,116.);
#3624 = AXIS2_PLACEMENT_3D('',#3625,#3626,#3627);
#3625 = CARTESIAN_POINT('',(7.363973230484E-13,7.334634691717E-15,-15.5)
  );
#3626 = DIRECTION('',(-0.,-0.,-1.));
#3627 = DIRECTION('',(1.,0.,0.));
#3628 = DEFINITIONAL_REPRESENTATION('',(#3629),#3633);
#3629 = LINE('',#3630,#3631);
#3630 = CARTESIAN_POINT('',(6.28318530718,0.));
#3631 = VECTOR('',#3632,1.);
#3632 = DIRECTION('',(-1.,0.));
#3633 = ( GEOMETRIC_REPRESENTATION_CONTEXT(2) 
PARAMETRIC_REPRESENTATION_CONTEXT() REPRESENTATION_CONTEXT('2D SPACE',''
  ) );
#3634 = PCURVE('',#3547,#3635);
#3635 = DEFINITIONAL_REPRESENTATION('',(#3636),#3640);
#3636 = CIRCLE('',#3637,116.);
#3637 = AXIS2_PLACEMENT_2D('',#3638,#3639);
#3638 = CARTESIAN_POINT('',(7.454312501176E-13,4.628049418148E-15));
#3639 = DIRECTION('',(1.,0.));
#3640 = ( GEOMETRIC_REPRESENTATION_CONTEXT(2) 
PARAMETRIC_REPRESENTATION_CONTEXT() REPRESENTATION_CONTEXT('2D SPACE',''
  ) );
#3641 = ORIENTED_EDGE('',*,*,#3642,.T.);
#3642 = EDGE_CURVE('',#3614,#3643,#3645,.T.);
#3643 = VERTEX_POINT('',#3644);
#3644 = CARTESIAN_POINT('',(116.,7.334634691717E-15,15.5));
#3645 = SEAM_CURVE('',#3646,(#3650,#3657),.PCURVE_S1.);
#3646 = LINE('',#3647,#3648);
#3647 = CARTESIAN_POINT('',(116.,7.334634691717E-15,-15.5));
#3648 = VECTOR('',#3649,1.);
#3649 = DIRECTION('',(0.,0.,1.));
#3650 = PCURVE('',#3623,#3651);
#3651 = DEFINITIONAL_REPRESENTATION('',(#3652),#3656);
#3652 = LINE('',#3653,#3654);
#3653 = CARTESIAN_POINT('',(-4.138911435803E-13,0.));
#3654 = VECTOR('',#3655,1.);
#3655 = DIRECTION('',(-0.,-1.));
#3656 = ( GEOMETRIC_REPRESENTATION_CONTEXT(2) 
PARAMETRIC_REPRESENTATION_CONTEXT() REPRESENTATION_CONTEXT('2D SPACE',''
  ) );
#3657 = PCURVE('',#3623,#3658);
#3658 = DEFINITIONAL_REPRESENTATION('',(#3659),#3663);
#3659 = LINE('',#3660,#3661);
#3660 = CARTESIAN_POINT('',(6.28318530718,0.));
#3661 = VECTOR('',#3662,1.);
#3662 = DIRECTION('',(-0.,-1.));
#3663 = ( GEOMETRIC_REPRESENTATION_CONTEXT(2) 
PARAMETRIC_REPRESENTATION_CONTEXT() REPRESENTATION_CONTEXT('2D SPACE',''
  ) );
#3664 = ORIENTED_EDGE('',*,*,#3665,.F.);
#3665 = EDGE_CURVE('',#3643,#3643,#3666,.T.);
#3666 = SURFACE_CURVE('',#3667,(#3672,#3679),.PCURVE_S1.);
#3667 = CIRCLE('',#3668,116.);
#3668 = AXIS2_PLACEMENT_3D('',#3669,#3670,#3671);
#3669 = CARTESIAN_POINT('',(7.363973230484E-13,7.334634691717E-15,15.5)
  );
#3670 = DIRECTION('',(0.,0.,1.));
#3671 = DIRECTION('',(1.,0.,-0.));
#3672 = PCURVE('',#3623,#3673);
#3673 = DEFINITIONAL_REPRESENTATION('',(#3674),#3678);
#3674 = LINE('',#3675,#3676);
#3675 = CARTESIAN_POINT('',(6.28318530718,-31.));
#3676 = VECTOR('',#3677,1.);
#3677 = DIRECTION('',(-1.,0.));
#3678 = ( GEOMETRIC_REPRESENTATION_CONTEXT(2) 
PARAMETRIC_REPRESENTATION_CONTEXT() REPRESENTATION_CONTEXT('2D SPACE',''
  ) );
#3679 = PCURVE('',#3597,#3680);
#3680 = DEFINITIONAL_REPRESENTATION('',(#3681),#3685);
#3681 = CIRCLE('',#3682,116.);
#3682 = AXIS2_PLACEMENT_2D('',#3683,#3684);
#3683 = CARTESIAN_POINT('',(7.454312501176E-13,4.628049418148E-15));
#3684 = DIRECTION('',(1.,0.));
#3685 = ( GEOMETRIC_REPRESENTATION_CONTEXT(2) 
PARAMETRIC_REPRESENTATION_CONTEXT() REPRESENTATION_CONTEXT('2D SPACE',''
  ) );
#3686 = ORIENTED_EDGE('',*,*,#3642,.F.);
#3687 = ADVANCED_FACE('',(#3688,#3691),#3547,.F.);
#3688 = FACE_BOUND('',#3689,.F.);
#3689 = EDGE_LOOP('',(#3690));
#3690 = ORIENTED_EDGE('',*,*,#3525,.T.);
#3691 = FACE_BOUND('',#3692,.F.);
#3692 = EDGE_LOOP('',(#3693));
#3693 = ORIENTED_EDGE('',*,*,#3613,.F.);
#3694 = ADVANCED_FACE('',(#3695,#3698),#3597,.T.);
#3695 = FACE_BOUND('',#3696,.T.);
#3696 = EDGE_LOOP('',(#3697));
#3697 = ORIENTED_EDGE('',*,*,#3582,.T.);
#3698 = FACE_BOUND('',#3699,.T.);
#3699 = EDGE_LOOP('',(#3700));
#3700 = ORIENTED_EDGE('',*,*,#3665,.F.);
#3701 = ( GEOMETRIC_REPRESENTATION_CONTEXT(3) 
GLOBAL_UNCERTAINTY_ASSIGNED_CONTEXT((#3705)) 
GLOBAL_UNIT_ASSIGNED_CONTEXT((#3702,#3703,#3704)) REPRESENTATION_CONTEXT
('Context #1','3D Context with UNIT and UNCERTAINTY') );
#3702 = ( LENGTH_UNIT() NAMED_UNIT(*) SI_UNIT(.MILLI.,.METRE.) );
#3703 = ( NAMED_UNIT(*) PLANE_ANGLE_UNIT() SI_UNIT($,.RADIAN.) );
#3704 = ( NAMED_UNIT(*) SI_UNIT($,.STERADIAN.) SOLID_ANGLE_UNIT() );
#3705 = UNCERTAINTY_MEASURE_WITH_UNIT(LENGTH_MEASURE(1.E-07),#3702,
  'distance_accuracy_value','confusion accuracy');
#3706 = CONTEXT_DEPENDENT_SHAPE_REPRESENTATION(#3707,#3709);
#3707 = ( REPRESENTATION_RELATIONSHIP('','',#3518,#10) 
REPRESENTATION_RELATIONSHIP_WITH_TRANSFORMATION(#3708) 
SHAPE_REPRESENTATION_RELATIONSHIP() );
#3708 = ITEM_DEFINED_TRANSFORMATION('','',#11,#23);
#3709 = PRODUCT_DEFINITION_SHAPE('Placement','Placement of an item',
  #3710);
#3710 = NEXT_ASSEMBLY_USAGE_OCCURRENCE('3','03_az_bearing_envelope','',
  #5,#3513,$);
#3711 = PRODUCT_RELATED_PRODUCT_CATEGORY('part',$,(#3515));
#3712 = SHAPE_DEFINITION_REPRESENTATION(#3713,#3719);
#3713 = PRODUCT_DEFINITION_SHAPE('','',#3714);
#3714 = PRODUCT_DEFINITION('design','',#3715,#3718);
#3715 = PRODUCT_DEFINITION_FORMATION('','',#3716);
#3716 = PRODUCT('04_az_hollow_shaft','04_az_hollow_shaft','',(#3717));
#3717 = PRODUCT_CONTEXT('',#2,'mechanical');
#3718 = PRODUCT_DEFINITION_CONTEXT('part definition',#2,'design');
#3719 = ADVANCED_BREP_SHAPE_REPRESENTATION('',(#11,#3720),#3910);
#3720 = MANIFOLD_SOLID_BREP('',#3721);
#3721 = CLOSED_SHELL('',(#3722,#3810,#3849,#3883));
#3722 = ADVANCED_FACE('',(#3723),#3736,.T.);
#3723 = FACE_BOUND('',#3724,.T.);
#3724 = EDGE_LOOP('',(#3725,#3759,#3782,#3809));
#3725 = ORIENTED_EDGE('',*,*,#3726,.T.);
#3726 = EDGE_CURVE('',#3727,#3727,#3729,.T.);
#3727 = VERTEX_POINT('',#3728);
#3728 = CARTESIAN_POINT('',(37.,0.,-53.));
#3729 = SURFACE_CURVE('',#3730,(#3735,#3747),.PCURVE_S1.);
#3730 = CIRCLE('',#3731,37.);
#3731 = AXIS2_PLACEMENT_3D('',#3732,#3733,#3734);
#3732 = CARTESIAN_POINT('',(0.,0.,-53.));
#3733 = DIRECTION('',(0.,0.,1.));
#3734 = DIRECTION('',(1.,0.,-0.));
#3735 = PCURVE('',#3736,#3741);
#3736 = CYLINDRICAL_SURFACE('',#3737,37.);
#3737 = AXIS2_PLACEMENT_3D('',#3738,#3739,#3740);
#3738 = CARTESIAN_POINT('',(0.,0.,-53.));
#3739 = DIRECTION('',(-0.,-0.,-1.));
#3740 = DIRECTION('',(1.,0.,0.));
#3741 = DEFINITIONAL_REPRESENTATION('',(#3742),#3746);
#3742 = LINE('',#3743,#3744);
#3743 = CARTESIAN_POINT('',(6.28318530718,0.));
#3744 = VECTOR('',#3745,1.);
#3745 = DIRECTION('',(-1.,0.));
#3746 = ( GEOMETRIC_REPRESENTATION_CONTEXT(2) 
PARAMETRIC_REPRESENTATION_CONTEXT() REPRESENTATION_CONTEXT('2D SPACE',''
  ) );
#3747 = PCURVE('',#3748,#3753);
#3748 = PLANE('',#3749);
#3749 = AXIS2_PLACEMENT_3D('',#3750,#3751,#3752);
#3750 = CARTESIAN_POINT('',(-2.365301850879E-15,3.22020598281E-15,-53.)
  );
#3751 = DIRECTION('',(0.,0.,1.));
#3752 = DIRECTION('',(1.,0.,-0.));
#3753 = DEFINITIONAL_REPRESENTATION('',(#3754),#3758);
#3754 = CIRCLE('',#3755,37.);
#3755 = AXIS2_PLACEMENT_2D('',#3756,#3757);
#3756 = CARTESIAN_POINT('',(2.365301850879E-15,-3.22020598281E-15));
#3757 = DIRECTION('',(1.,0.));
#3758 = ( GEOMETRIC_REPRESENTATION_CONTEXT(2) 
PARAMETRIC_REPRESENTATION_CONTEXT() REPRESENTATION_CONTEXT('2D SPACE',''
  ) );
#3759 = ORIENTED_EDGE('',*,*,#3760,.T.);
#3760 = EDGE_CURVE('',#3727,#3761,#3763,.T.);
#3761 = VERTEX_POINT('',#3762);
#3762 = CARTESIAN_POINT('',(37.,0.,53.));
#3763 = SEAM_CURVE('',#3764,(#3768,#3775),.PCURVE_S1.);
#3764 = LINE('',#3765,#3766);
#3765 = CARTESIAN_POINT('',(37.,0.,-53.));
#3766 = VECTOR('',#3767,1.);
#3767 = DIRECTION('',(0.,0.,1.));
#3768 = PCURVE('',#3736,#3769);
#3769 = DEFINITIONAL_REPRESENTATION('',(#3770),#3774);
#3770 = LINE('',#3771,#3772);
#3771 = CARTESIAN_POINT('',(-4.138911435803E-13,0.));
#3772 = VECTOR('',#3773,1.);
#3773 = DIRECTION('',(-0.,-1.));
#3774 = ( GEOMETRIC_REPRESENTATION_CONTEXT(2) 
PARAMETRIC_REPRESENTATION_CONTEXT() REPRESENTATION_CONTEXT('2D SPACE',''
  ) );
#3775 = PCURVE('',#3736,#3776);
#3776 = DEFINITIONAL_REPRESENTATION('',(#3777),#3781);
#3777 = LINE('',#3778,#3779);
#3778 = CARTESIAN_POINT('',(6.28318530718,0.));
#3779 = VECTOR('',#3780,1.);
#3780 = DIRECTION('',(-0.,-1.));
#3781 = ( GEOMETRIC_REPRESENTATION_CONTEXT(2) 
PARAMETRIC_REPRESENTATION_CONTEXT() REPRESENTATION_CONTEXT('2D SPACE',''
  ) );
#3782 = ORIENTED_EDGE('',*,*,#3783,.F.);
#3783 = EDGE_CURVE('',#3761,#3761,#3784,.T.);
#3784 = SURFACE_CURVE('',#3785,(#3790,#3797),.PCURVE_S1.);
#3785 = CIRCLE('',#3786,37.);
#3786 = AXIS2_PLACEMENT_3D('',#3787,#3788,#3789);
#3787 = CARTESIAN_POINT('',(0.,0.,53.));
#3788 = DIRECTION('',(0.,0.,1.));
#3789 = DIRECTION('',(1.,0.,-0.));
#3790 = PCURVE('',#3736,#3791);
#3791 = DEFINITIONAL_REPRESENTATION('',(#3792),#3796);
#3792 = LINE('',#3793,#3794);
#3793 = CARTESIAN_POINT('',(6.28318530718,-106.));
#3794 = VECTOR('',#3795,1.);
#3795 = DIRECTION('',(-1.,0.));
#3796 = ( GEOMETRIC_REPRESENTATION_CONTEXT(2) 
PARAMETRIC_REPRESENTATION_CONTEXT() REPRESENTATION_CONTEXT('2D SPACE',''
  ) );
#3797 = PCURVE('',#3798,#3803);
#3798 = PLANE('',#3799);
#3799 = AXIS2_PLACEMENT_3D('',#3800,#3801,#3802);
#3800 = CARTESIAN_POINT('',(-2.365301850879E-15,3.22020598281E-15,53.));
#3801 = DIRECTION('',(0.,0.,1.));
#3802 = DIRECTION('',(1.,0.,-0.));
#3803 = DEFINITIONAL_REPRESENTATION('',(#3804),#3808);
#3804 = CIRCLE('',#3805,37.);
#3805 = AXIS2_PLACEMENT_2D('',#3806,#3807);
#3806 = CARTESIAN_POINT('',(2.365301850879E-15,-3.22020598281E-15));
#3807 = DIRECTION('',(1.,0.));
#3808 = ( GEOMETRIC_REPRESENTATION_CONTEXT(2) 
PARAMETRIC_REPRESENTATION_CONTEXT() REPRESENTATION_CONTEXT('2D SPACE',''
  ) );
#3809 = ORIENTED_EDGE('',*,*,#3760,.F.);
#3810 = ADVANCED_FACE('',(#3811,#3814),#3748,.F.);
#3811 = FACE_BOUND('',#3812,.F.);
#3812 = EDGE_LOOP('',(#3813));
#3813 = ORIENTED_EDGE('',*,*,#3726,.T.);
#3814 = FACE_BOUND('',#3815,.F.);
#3815 = EDGE_LOOP('',(#3816));
#3816 = ORIENTED_EDGE('',*,*,#3817,.T.);
#3817 = EDGE_CURVE('',#3818,#3818,#3820,.T.);
#3818 = VERTEX_POINT('',#3819);
#3819 = CARTESIAN_POINT('',(17.,0.,-53.));
#3820 = SURFACE_CURVE('',#3821,(#3826,#3837),.PCURVE_S1.);
#3821 = CIRCLE('',#3822,17.);
#3822 = AXIS2_PLACEMENT_3D('',#3823,#3824,#3825);
#3823 = CARTESIAN_POINT('',(0.,0.,-53.));
#3824 = DIRECTION('',(0.,0.,-1.));
#3825 = DIRECTION('',(1.,0.,0.));
#3826 = PCURVE('',#3748,#3827);
#3827 = DEFINITIONAL_REPRESENTATION('',(#3828),#3836);
#3828 = ( BOUNDED_CURVE() B_SPLINE_CURVE(2,(#3829,#3830,#3831,#3832,
#3833,#3834,#3835),.UNSPECIFIED.,.T.,.F.) B_SPLINE_CURVE_WITH_KNOTS((1,2
    ,2,2,2,1),(-2.094395102393,0.,2.094395102393,4.188790204786,
6.28318530718,8.377580409573),.UNSPECIFIED.) CURVE() 
GEOMETRIC_REPRESENTATION_ITEM() RATIONAL_B_SPLINE_CURVE((1.,0.5,1.,0.5,
1.,0.5,1.)) REPRESENTATION_ITEM('') );
#3829 = CARTESIAN_POINT('',(17.,-3.22020598281E-15));
#3830 = CARTESIAN_POINT('',(17.,-29.44486372867));
#3831 = CARTESIAN_POINT('',(-8.5,-14.72243186433));
#3832 = CARTESIAN_POINT('',(-34.,-7.384005099911E-15));
#3833 = CARTESIAN_POINT('',(-8.5,14.722431864335));
#3834 = CARTESIAN_POINT('',(17.,29.444863728671));
#3835 = CARTESIAN_POINT('',(17.,-3.22020598281E-15));
#3836 = ( GEOMETRIC_REPRESENTATION_CONTEXT(2) 
PARAMETRIC_REPRESENTATION_CONTEXT() REPRESENTATION_CONTEXT('2D SPACE',''
  ) );
#3837 = PCURVE('',#3838,#3843);
#3838 = CYLINDRICAL_SURFACE('',#3839,17.);
#3839 = AXIS2_PLACEMENT_3D('',#3840,#3841,#3842);
#3840 = CARTESIAN_POINT('',(0.,0.,-54.));
#3841 = DIRECTION('',(-0.,-0.,-1.));
#3842 = DIRECTION('',(1.,0.,0.));
#3843 = DEFINITIONAL_REPRESENTATION('',(#3844),#3848);
#3844 = LINE('',#3845,#3846);
#3845 = CARTESIAN_POINT('',(-4.138911435803E-13,-1.));
#3846 = VECTOR('',#3847,1.);
#3847 = DIRECTION('',(1.,-0.));
#3848 = ( GEOMETRIC_REPRESENTATION_CONTEXT(2) 
PARAMETRIC_REPRESENTATION_CONTEXT() REPRESENTATION_CONTEXT('2D SPACE',''
  ) );
#3849 = ADVANCED_FACE('',(#3850,#3853),#3798,.T.);
#3850 = FACE_BOUND('',#3851,.T.);
#3851 = EDGE_LOOP('',(#3852));
#3852 = ORIENTED_EDGE('',*,*,#3783,.T.);
#3853 = FACE_BOUND('',#3854,.T.);
#3854 = EDGE_LOOP('',(#3855));
#3855 = ORIENTED_EDGE('',*,*,#3856,.T.);
#3856 = EDGE_CURVE('',#3857,#3857,#3859,.T.);
#3857 = VERTEX_POINT('',#3858);
#3858 = CARTESIAN_POINT('',(17.,0.,53.));
#3859 = SURFACE_CURVE('',#3860,(#3865,#3876),.PCURVE_S1.);
#3860 = CIRCLE('',#3861,17.);
#3861 = AXIS2_PLACEMENT_3D('',#3862,#3863,#3864);
#3862 = CARTESIAN_POINT('',(0.,0.,53.));
#3863 = DIRECTION('',(0.,0.,-1.));
#3864 = DIRECTION('',(1.,0.,0.));
#3865 = PCURVE('',#3798,#3866);
#3866 = DEFINITIONAL_REPRESENTATION('',(#3867),#3875);
#3867 = ( BOUNDED_CURVE() B_SPLINE_CURVE(2,(#3868,#3869,#3870,#3871,
#3872,#3873,#3874),.UNSPECIFIED.,.T.,.F.) B_SPLINE_CURVE_WITH_KNOTS((1,2
    ,2,2,2,1),(-2.094395102393,0.,2.094395102393,4.188790204786,
6.28318530718,8.377580409573),.UNSPECIFIED.) CURVE() 
GEOMETRIC_REPRESENTATION_ITEM() RATIONAL_B_SPLINE_CURVE((1.,0.5,1.,0.5,
1.,0.5,1.)) REPRESENTATION_ITEM('') );
#3868 = CARTESIAN_POINT('',(17.,-3.22020598281E-15));
#3869 = CARTESIAN_POINT('',(17.,-29.44486372867));
#3870 = CARTESIAN_POINT('',(-8.5,-14.72243186433));
#3871 = CARTESIAN_POINT('',(-34.,-7.384005099911E-15));
#3872 = CARTESIAN_POINT('',(-8.5,14.722431864335));
#3873 = CARTESIAN_POINT('',(17.,29.444863728671));
#3874 = CARTESIAN_POINT('',(17.,-3.22020598281E-15));
#3875 = ( GEOMETRIC_REPRESENTATION_CONTEXT(2) 
PARAMETRIC_REPRESENTATION_CONTEXT() REPRESENTATION_CONTEXT('2D SPACE',''
  ) );
#3876 = PCURVE('',#3838,#3877);
#3877 = DEFINITIONAL_REPRESENTATION('',(#3878),#3882);
#3878 = LINE('',#3879,#3880);
#3879 = CARTESIAN_POINT('',(-4.138911435803E-13,-107.));
#3880 = VECTOR('',#3881,1.);
#3881 = DIRECTION('',(1.,-0.));
#3882 = ( GEOMETRIC_REPRESENTATION_CONTEXT(2) 
PARAMETRIC_REPRESENTATION_CONTEXT() REPRESENTATION_CONTEXT('2D SPACE',''
  ) );
#3883 = ADVANCED_FACE('',(#3884),#3838,.F.);
#3884 = FACE_BOUND('',#3885,.F.);
#3885 = EDGE_LOOP('',(#3886,#3907,#3908,#3909));
#3886 = ORIENTED_EDGE('',*,*,#3887,.T.);
#3887 = EDGE_CURVE('',#3818,#3857,#3888,.T.);
#3888 = SEAM_CURVE('',#3889,(#3893,#3900),.PCURVE_S1.);
#3889 = LINE('',#3890,#3891);
#3890 = CARTESIAN_POINT('',(17.,0.,-54.));
#3891 = VECTOR('',#3892,1.);
#3892 = DIRECTION('',(0.,0.,1.));
#3893 = PCURVE('',#3838,#3894);
#3894 = DEFINITIONAL_REPRESENTATION('',(#3895),#3899);
#3895 = LINE('',#3896,#3897);
#3896 = CARTESIAN_POINT('',(-4.138911435803E-13,0.));
#3897 = VECTOR('',#3898,1.);
#3898 = DIRECTION('',(-0.,-1.));
#3899 = ( GEOMETRIC_REPRESENTATION_CONTEXT(2) 
PARAMETRIC_REPRESENTATION_CONTEXT() REPRESENTATION_CONTEXT('2D SPACE',''
  ) );
#3900 = PCURVE('',#3838,#3901);
#3901 = DEFINITIONAL_REPRESENTATION('',(#3902),#3906);
#3902 = LINE('',#3903,#3904);
#3903 = CARTESIAN_POINT('',(6.28318530718,0.));
#3904 = VECTOR('',#3905,1.);
#3905 = DIRECTION('',(-0.,-1.));
#3906 = ( GEOMETRIC_REPRESENTATION_CONTEXT(2) 
PARAMETRIC_REPRESENTATION_CONTEXT() REPRESENTATION_CONTEXT('2D SPACE',''
  ) );
#3907 = ORIENTED_EDGE('',*,*,#3856,.T.);
#3908 = ORIENTED_EDGE('',*,*,#3887,.F.);
#3909 = ORIENTED_EDGE('',*,*,#3817,.F.);
#3910 = ( GEOMETRIC_REPRESENTATION_CONTEXT(3) 
GLOBAL_UNCERTAINTY_ASSIGNED_CONTEXT((#3914)) 
GLOBAL_UNIT_ASSIGNED_CONTEXT((#3911,#3912,#3913)) REPRESENTATION_CONTEXT
('Context #1','3D Context with UNIT and UNCERTAINTY') );
#3911 = ( LENGTH_UNIT() NAMED_UNIT(*) SI_UNIT(.MILLI.,.METRE.) );
#3912 = ( NAMED_UNIT(*) PLANE_ANGLE_UNIT() SI_UNIT($,.RADIAN.) );
#3913 = ( NAMED_UNIT(*) SI_UNIT($,.STERADIAN.) SOLID_ANGLE_UNIT() );
#3914 = UNCERTAINTY_MEASURE_WITH_UNIT(LENGTH_MEASURE(1.E-07),#3911,
  'distance_accuracy_value','confusion accuracy');
#3915 = CONTEXT_DEPENDENT_SHAPE_REPRESENTATION(#3916,#3918);
#3916 = ( REPRESENTATION_RELATIONSHIP('','',#3719,#10) 
REPRESENTATION_RELATIONSHIP_WITH_TRANSFORMATION(#3917) 
SHAPE_REPRESENTATION_RELATIONSHIP() );
#3917 = ITEM_DEFINED_TRANSFORMATION('','',#11,#27);
#3918 = PRODUCT_DEFINITION_SHAPE('Placement','Placement of an item',
  #3919);
#3919 = NEXT_ASSEMBLY_USAGE_OCCURRENCE('4','04_az_hollow_shaft','',#5,
  #3714,$);
#3920 = PRODUCT_RELATED_PRODUCT_CATEGORY('part',$,(#3716));
#3921 = SHAPE_DEFINITION_REPRESENTATION(#3922,#3928);
#3922 = PRODUCT_DEFINITION_SHAPE('','',#3923);
#3923 = PRODUCT_DEFINITION('design','',#3924,#3927);
#3924 = PRODUCT_DEFINITION_FORMATION('','',#3925);
#3925 = PRODUCT('31_az_shaft_hub','31_az_shaft_hub','',(#3926));
#3926 = PRODUCT_CONTEXT('',#2,'mechanical');
#3927 = PRODUCT_DEFINITION_CONTEXT('part definition',#2,'design');
#3928 = ADVANCED_BREP_SHAPE_REPRESENTATION('',(#11,#3929),#4663);
#3929 = MANIFOLD_SOLID_BREP('',#3930);
#3930 = CLOSED_SHELL('',(#3931,#4019,#4264,#4474,#4501,#4528,#4555,#4582
    ,#4609,#4636));
#3931 = ADVANCED_FACE('',(#3932),#3945,.T.);
#3932 = FACE_BOUND('',#3933,.T.);
#3933 = EDGE_LOOP('',(#3934,#3968,#3991,#4018));
#3934 = ORIENTED_EDGE('',*,*,#3935,.T.);
#3935 = EDGE_CURVE('',#3936,#3936,#3938,.T.);
#3936 = VERTEX_POINT('',#3937);
#3937 = CARTESIAN_POINT('',(75.,0.,-6.));
#3938 = SURFACE_CURVE('',#3939,(#3944,#3956),.PCURVE_S1.);
#3939 = CIRCLE('',#3940,75.);
#3940 = AXIS2_PLACEMENT_3D('',#3941,#3942,#3943);
#3941 = CARTESIAN_POINT('',(0.,0.,-6.));
#3942 = DIRECTION('',(0.,0.,1.));
#3943 = DIRECTION('',(1.,0.,-0.));
#3944 = PCURVE('',#3945,#3950);
#3945 = CYLINDRICAL_SURFACE('',#3946,75.);
#3946 = AXIS2_PLACEMENT_3D('',#3947,#3948,#3949);
#3947 = CARTESIAN_POINT('',(0.,0.,-6.));
#3948 = DIRECTION('',(-0.,-0.,-1.));
#3949 = DIRECTION('',(1.,0.,0.));
#3950 = DEFINITIONAL_REPRESENTATION('',(#3951),#3955);
#3951 = LINE('',#3952,#3953);
#3952 = CARTESIAN_POINT('',(6.28318530718,0.));
#3953 = VECTOR('',#3954,1.);
#3954 = DIRECTION('',(-1.,0.));
#3955 = ( GEOMETRIC_REPRESENTATION_CONTEXT(2) 
PARAMETRIC_REPRESENTATION_CONTEXT() REPRESENTATION_CONTEXT('2D SPACE',''
  ) );
#3956 = PCURVE('',#3957,#3962);
#3957 = PLANE('',#3958);
#3958 = AXIS2_PLACEMENT_3D('',#3959,#3960,#3961);
#3959 = CARTESIAN_POINT('',(-7.001293478602E-15,1.605911987866E-15,-6.)
  );
#3960 = DIRECTION('',(0.,0.,1.));
#3961 = DIRECTION('',(1.,0.,-0.));
#3962 = DEFINITIONAL_REPRESENTATION('',(#3963),#3967);
#3963 = CIRCLE('',#3964,75.);
#3964 = AXIS2_PLACEMENT_2D('',#3965,#3966);
#3965 = CARTESIAN_POINT('',(7.001293478602E-15,-1.605911987866E-15));
#3966 = DIRECTION('',(1.,0.));
#3967 = ( GEOMETRIC_REPRESENTATION_CONTEXT(2) 
PARAMETRIC_REPRESENTATION_CONTEXT() REPRESENTATION_CONTEXT('2D SPACE',''
  ) );
#3968 = ORIENTED_EDGE('',*,*,#3969,.T.);
#3969 = EDGE_CURVE('',#3936,#3970,#3972,.T.);
#3970 = VERTEX_POINT('',#3971);
#3971 = CARTESIAN_POINT('',(75.,0.,6.));
#3972 = SEAM_CURVE('',#3973,(#3977,#3984),.PCURVE_S1.);
#3973 = LINE('',#3974,#3975);
#3974 = CARTESIAN_POINT('',(75.,0.,-6.));
#3975 = VECTOR('',#3976,1.);
#3976 = DIRECTION('',(0.,0.,1.));
#3977 = PCURVE('',#3945,#3978);
#3978 = DEFINITIONAL_REPRESENTATION('',(#3979),#3983);
#3979 = LINE('',#3980,#3981);
#3980 = CARTESIAN_POINT('',(-4.138911435803E-13,0.));
#3981 = VECTOR('',#3982,1.);
#3982 = DIRECTION('',(-0.,-1.));
#3983 = ( GEOMETRIC_REPRESENTATION_CONTEXT(2) 
PARAMETRIC_REPRESENTATION_CONTEXT() REPRESENTATION_CONTEXT('2D SPACE',''
  ) );
#3984 = PCURVE('',#3945,#3985);
#3985 = DEFINITIONAL_REPRESENTATION('',(#3986),#3990);
#3986 = LINE('',#3987,#3988);
#3987 = CARTESIAN_POINT('',(6.28318530718,0.));
#3988 = VECTOR('',#3989,1.);
#3989 = DIRECTION('',(-0.,-1.));
#3990 = ( GEOMETRIC_REPRESENTATION_CONTEXT(2) 
PARAMETRIC_REPRESENTATION_CONTEXT() REPRESENTATION_CONTEXT('2D SPACE',''
  ) );
#3991 = ORIENTED_EDGE('',*,*,#3992,.F.);
#3992 = EDGE_CURVE('',#3970,#3970,#3993,.T.);
#3993 = SURFACE_CURVE('',#3994,(#3999,#4006),.PCURVE_S1.);
#3994 = CIRCLE('',#3995,75.);
#3995 = AXIS2_PLACEMENT_3D('',#3996,#3997,#3998);
#3996 = CARTESIAN_POINT('',(0.,0.,6.));
#3997 = DIRECTION('',(0.,0.,1.));
#3998 = DIRECTION('',(1.,0.,-0.));
#3999 = PCURVE('',#3945,#4000);
#4000 = DEFINITIONAL_REPRESENTATION('',(#4001),#4005);
#4001 = LINE('',#4002,#4003);
#4002 = CARTESIAN_POINT('',(6.28318530718,-12.));
#4003 = VECTOR('',#4004,1.);
#4004 = DIRECTION('',(-1.,0.));
#4005 = ( GEOMETRIC_REPRESENTATION_CONTEXT(2) 
PARAMETRIC_REPRESENTATION_CONTEXT() REPRESENTATION_CONTEXT('2D SPACE',''
  ) );
#4006 = PCURVE('',#4007,#4012);
#4007 = PLANE('',#4008);
#4008 = AXIS2_PLACEMENT_3D('',#4009,#4010,#4011);
#4009 = CARTESIAN_POINT('',(-7.001293478602E-15,1.605911987866E-15,6.));
#4010 = DIRECTION('',(0.,0.,1.));
#4011 = DIRECTION('',(1.,0.,-0.));
#4012 = DEFINITIONAL_REPRESENTATION('',(#4013),#4017);
#4013 = CIRCLE('',#4014,75.);
#4014 = AXIS2_PLACEMENT_2D('',#4015,#4016);
#4015 = CARTESIAN_POINT('',(7.001293478602E-15,-1.605911987866E-15));
#4016 = DIRECTION('',(1.,0.));
#4017 = ( GEOMETRIC_REPRESENTATION_CONTEXT(2) 
PARAMETRIC_REPRESENTATION_CONTEXT() REPRESENTATION_CONTEXT('2D SPACE',''
  ) );
#4018 = ORIENTED_EDGE('',*,*,#3969,.F.);
#4019 = ADVANCED_FACE('',(#4020,#4023,#4058,#4093,#4124,#4159,#4194,
    #4229),#3957,.F.);
#4020 = FACE_BOUND('',#4021,.F.);
#4021 = EDGE_LOOP('',(#4022));
#4022 = ORIENTED_EDGE('',*,*,#3935,.T.);
#4023 = FACE_BOUND('',#4024,.F.);
#4024 = EDGE_LOOP('',(#4025));
#4025 = ORIENTED_EDGE('',*,*,#4026,.T.);
#4026 = EDGE_CURVE('',#4027,#4027,#4029,.T.);
#4027 = VERTEX_POINT('',#4028);
#4028 = CARTESIAN_POINT('',(-26.,-51.96152422706,-6.));
#4029 = SURFACE_CURVE('',#4030,(#4035,#4046),.PCURVE_S1.);
#4030 = CIRCLE('',#4031,4.);
#4031 = AXIS2_PLACEMENT_3D('',#4032,#4033,#4034);
#4032 = CARTESIAN_POINT('',(-30.,-51.96152422706,-6.));
#4033 = DIRECTION('',(0.,0.,-1.));
#4034 = DIRECTION('',(1.,0.,0.));
#4035 = PCURVE('',#3957,#4036);
#4036 = DEFINITIONAL_REPRESENTATION('',(#4037),#4045);
#4037 = ( BOUNDED_CURVE() B_SPLINE_CURVE(2,(#4038,#4039,#4040,#4041,
#4042,#4043,#4044),.UNSPECIFIED.,.T.,.F.) B_SPLINE_CURVE_WITH_KNOTS((1,2
    ,2,2,2,1),(-2.094395102393,0.,2.094395102393,4.188790204786,
6.28318530718,8.377580409573),.UNSPECIFIED.) CURVE() 
GEOMETRIC_REPRESENTATION_ITEM() RATIONAL_B_SPLINE_CURVE((1.,0.5,1.,0.5,
1.,0.5,1.)) REPRESENTATION_ITEM('') );
#4038 = CARTESIAN_POINT('',(-26.,-51.96152422706));
#4039 = CARTESIAN_POINT('',(-26.,-58.88972745733));
#4040 = CARTESIAN_POINT('',(-32.,-55.42562584219));
#4041 = CARTESIAN_POINT('',(-38.,-51.96152422706));
#4042 = CARTESIAN_POINT('',(-32.,-48.49742261192));
#4043 = CARTESIAN_POINT('',(-26.,-45.03332099678));
#4044 = CARTESIAN_POINT('',(-26.,-51.96152422706));
#4045 = ( GEOMETRIC_REPRESENTATION_CONTEXT(2) 
PARAMETRIC_REPRESENTATION_CONTEXT() REPRESENTATION_CONTEXT('2D SPACE',''
  ) );
#4046 = PCURVE('',#4047,#4052);
#4047 = CYLINDRICAL_SURFACE('',#4048,4.);
#4048 = AXIS2_PLACEMENT_3D('',#4049,#4050,#4051);
#4049 = CARTESIAN_POINT('',(-30.,-51.96152422706,-7.));
#4050 = DIRECTION('',(-0.,-0.,-1.));
#4051 = DIRECTION('',(1.,0.,0.));
#4052 = DEFINITIONAL_REPRESENTATION('',(#4053),#4057);
#4053 = LINE('',#4054,#4055);
#4054 = CARTESIAN_POINT('',(-4.138911435803E-13,-1.));
#4055 = VECTOR('',#4056,1.);
#4056 = DIRECTION('',(1.,-0.));
#4057 = ( GEOMETRIC_REPRESENTATION_CONTEXT(2) 
PARAMETRIC_REPRESENTATION_CONTEXT() REPRESENTATION_CONTEXT('2D SPACE',''
  ) );
#4058 = FACE_BOUND('',#4059,.F.);
#4059 = EDGE_LOOP('',(#4060));
#4060 = ORIENTED_EDGE('',*,*,#4061,.T.);
#4061 = EDGE_CURVE('',#4062,#4062,#4064,.T.);
#4062 = VERTEX_POINT('',#4063);
#4063 = CARTESIAN_POINT('',(34.,-51.96152422706,-6.));
#4064 = SURFACE_CURVE('',#4065,(#4070,#4081),.PCURVE_S1.);
#4065 = CIRCLE('',#4066,4.);
#4066 = AXIS2_PLACEMENT_3D('',#4067,#4068,#4069);
#4067 = CARTESIAN_POINT('',(30.,-51.96152422706,-6.));
#4068 = DIRECTION('',(0.,0.,-1.));
#4069 = DIRECTION('',(1.,0.,0.));
#4070 = PCURVE('',#3957,#4071);
#4071 = DEFINITIONAL_REPRESENTATION('',(#4072),#4080);
#4072 = ( BOUNDED_CURVE() B_SPLINE_CURVE(2,(#4073,#4074,#4075,#4076,
#4077,#4078,#4079),.UNSPECIFIED.,.T.,.F.) B_SPLINE_CURVE_WITH_KNOTS((1,2
    ,2,2,2,1),(-2.094395102393,0.,2.094395102393,4.188790204786,
6.28318530718,8.377580409573),.UNSPECIFIED.) CURVE() 
GEOMETRIC_REPRESENTATION_ITEM() RATIONAL_B_SPLINE_CURVE((1.,0.5,1.,0.5,
1.,0.5,1.)) REPRESENTATION_ITEM('') );
#4073 = CARTESIAN_POINT('',(34.,-51.96152422706));
#4074 = CARTESIAN_POINT('',(34.,-58.88972745733));
#4075 = CARTESIAN_POINT('',(28.,-55.42562584219));
#4076 = CARTESIAN_POINT('',(22.,-51.96152422706));
#4077 = CARTESIAN_POINT('',(28.,-48.49742261192));
#4078 = CARTESIAN_POINT('',(34.,-45.03332099678));
#4079 = CARTESIAN_POINT('',(34.,-51.96152422706));
#4080 = ( GEOMETRIC_REPRESENTATION_CONTEXT(2) 
PARAMETRIC_REPRESENTATION_CONTEXT() REPRESENTATION_CONTEXT('2D SPACE',''
  ) );
#4081 = PCURVE('',#4082,#4087);
#4082 = CYLINDRICAL_SURFACE('',#4083,4.);
#4083 = AXIS2_PLACEMENT_3D('',#4084,#4085,#4086);
#4084 = CARTESIAN_POINT('',(30.,-51.96152422706,-7.));
#4085 = DIRECTION('',(-0.,-0.,-1.));
#4086 = DIRECTION('',(1.,0.,0.));
#4087 = DEFINITIONAL_REPRESENTATION('',(#4088),#4092);
#4088 = LINE('',#4089,#4090);
#4089 = CARTESIAN_POINT('',(-4.138911435803E-13,-1.));
#4090 = VECTOR('',#4091,1.);
#4091 = DIRECTION('',(1.,-0.));
#4092 = ( GEOMETRIC_REPRESENTATION_CONTEXT(2) 
PARAMETRIC_REPRESENTATION_CONTEXT() REPRESENTATION_CONTEXT('2D SPACE',''
  ) );
#4093 = FACE_BOUND('',#4094,.F.);
#4094 = EDGE_LOOP('',(#4095));
#4095 = ORIENTED_EDGE('',*,*,#4096,.F.);
#4096 = EDGE_CURVE('',#4097,#4097,#4099,.T.);
#4097 = VERTEX_POINT('',#4098);
#4098 = CARTESIAN_POINT('',(37.1,1.515824502955E-15,-6.));
#4099 = SURFACE_CURVE('',#4100,(#4105,#4112),.PCURVE_S1.);
#4100 = CIRCLE('',#4101,37.1);
#4101 = AXIS2_PLACEMENT_3D('',#4102,#4103,#4104);
#4102 = CARTESIAN_POINT('',(3.531871091885E-13,1.515824502955E-15,-6.));
#4103 = DIRECTION('',(0.,0.,1.));
#4104 = DIRECTION('',(1.,0.,-0.));
#4105 = PCURVE('',#3957,#4106);
#4106 = DEFINITIONAL_REPRESENTATION('',(#4107),#4111);
#4107 = CIRCLE('',#4108,37.1);
#4108 = AXIS2_PLACEMENT_2D('',#4109,#4110);
#4109 = CARTESIAN_POINT('',(3.601884026671E-13,-9.0087484911E-17));
#4110 = DIRECTION('',(1.,0.));
#4111 = ( GEOMETRIC_REPRESENTATION_CONTEXT(2) 
PARAMETRIC_REPRESENTATION_CONTEXT() REPRESENTATION_CONTEXT('2D SPACE',''
  ) );
#4112 = PCURVE('',#4113,#4118);
#4113 = CYLINDRICAL_SURFACE('',#4114,37.1);
#4114 = AXIS2_PLACEMENT_3D('',#4115,#4116,#4117);
#4115 = CARTESIAN_POINT('',(3.531871091885E-13,1.515824502955E-15,-6.));
#4116 = DIRECTION('',(-0.,-0.,-1.));
#4117 = DIRECTION('',(1.,0.,0.));
#4118 = DEFINITIONAL_REPRESENTATION('',(#4119),#4123);
#4119 = LINE('',#4120,#4121);
#4120 = CARTESIAN_POINT('',(6.28318530718,0.));
#4121 = VECTOR('',#4122,1.);
#4122 = DIRECTION('',(-1.,0.));
#4123 = ( GEOMETRIC_REPRESENTATION_CONTEXT(2) 
PARAMETRIC_REPRESENTATION_CONTEXT() REPRESENTATION_CONTEXT('2D SPACE',''
  ) );
#4124 = FACE_BOUND('',#4125,.F.);
#4125 = EDGE_LOOP('',(#4126));
#4126 = ORIENTED_EDGE('',*,*,#4127,.T.);
#4127 = EDGE_CURVE('',#4128,#4128,#4130,.T.);
#4128 = VERTEX_POINT('',#4129);
#4129 = CARTESIAN_POINT('',(64.,0.,-6.));
#4130 = SURFACE_CURVE('',#4131,(#4136,#4147),.PCURVE_S1.);
#4131 = CIRCLE('',#4132,4.);
#4132 = AXIS2_PLACEMENT_3D('',#4133,#4134,#4135);
#4133 = CARTESIAN_POINT('',(60.,0.,-6.));
#4134 = DIRECTION('',(0.,0.,-1.));
#4135 = DIRECTION('',(1.,0.,0.));
#4136 = PCURVE('',#3957,#4137);
#4137 = DEFINITIONAL_REPRESENTATION('',(#4138),#4146);
#4138 = ( BOUNDED_CURVE() B_SPLINE_CURVE(2,(#4139,#4140,#4141,#4142,
#4143,#4144,#4145),.UNSPECIFIED.,.T.,.F.) B_SPLINE_CURVE_WITH_KNOTS((1,2
    ,2,2,2,1),(-2.094395102393,0.,2.094395102393,4.188790204786,
6.28318530718,8.377580409573),.UNSPECIFIED.) CURVE() 
GEOMETRIC_REPRESENTATION_ITEM() RATIONAL_B_SPLINE_CURVE((1.,0.5,1.,0.5,
1.,0.5,1.)) REPRESENTATION_ITEM('') );
#4139 = CARTESIAN_POINT('',(64.,-1.605911987866E-15));
#4140 = CARTESIAN_POINT('',(64.,-6.928203230276));
#4141 = CARTESIAN_POINT('',(58.,-3.464101615138));
#4142 = CARTESIAN_POINT('',(52.,-2.585629427184E-15));
#4143 = CARTESIAN_POINT('',(58.,3.464101615138));
#4144 = CARTESIAN_POINT('',(64.,6.928203230276));
#4145 = CARTESIAN_POINT('',(64.,-1.605911987866E-15));
#4146 = ( GEOMETRIC_REPRESENTATION_CONTEXT(2) 
PARAMETRIC_REPRESENTATION_CONTEXT() REPRESENTATION_CONTEXT('2D SPACE',''
  ) );
#4147 = PCURVE('',#4148,#4153);
#4148 = CYLINDRICAL_SURFACE('',#4149,4.);
#4149 = AXIS2_PLACEMENT_3D('',#4150,#4151,#4152);
#4150 = CARTESIAN_POINT('',(60.,0.,-7.));
#4151 = DIRECTION('',(-0.,-0.,-1.));
#4152 = DIRECTION('',(1.,0.,0.));
#4153 = DEFINITIONAL_REPRESENTATION('',(#4154),#4158);
#4154 = LINE('',#4155,#4156);
#4155 = CARTESIAN_POINT('',(-4.138911435803E-13,-1.));
#4156 = VECTOR('',#4157,1.);
#4157 = DIRECTION('',(1.,-0.));
#4158 = ( GEOMETRIC_REPRESENTATION_CONTEXT(2) 
PARAMETRIC_REPRESENTATION_CONTEXT() REPRESENTATION_CONTEXT('2D SPACE',''
  ) );
#4159 = FACE_BOUND('',#4160,.F.);
#4160 = EDGE_LOOP('',(#4161));
#4161 = ORIENTED_EDGE('',*,*,#4162,.T.);
#4162 = EDGE_CURVE('',#4163,#4163,#4165,.T.);
#4163 = VERTEX_POINT('',#4164);
#4164 = CARTESIAN_POINT('',(-56.,7.347880794884E-15,-6.));
#4165 = SURFACE_CURVE('',#4166,(#4171,#4182),.PCURVE_S1.);
#4166 = CIRCLE('',#4167,4.);
#4167 = AXIS2_PLACEMENT_3D('',#4168,#4169,#4170);
#4168 = CARTESIAN_POINT('',(-60.,7.347880794884E-15,-6.));
#4169 = DIRECTION('',(0.,0.,-1.));
#4170 = DIRECTION('',(1.,0.,0.));
#4171 = PCURVE('',#3957,#4172);
#4172 = DEFINITIONAL_REPRESENTATION('',(#4173),#4181);
#4173 = ( BOUNDED_CURVE() B_SPLINE_CURVE(2,(#4174,#4175,#4176,#4177,
#4178,#4179,#4180),.UNSPECIFIED.,.T.,.F.) B_SPLINE_CURVE_WITH_KNOTS((1,2
    ,2,2,2,1),(-2.094395102393,0.,2.094395102393,4.188790204786,
6.28318530718,8.377580409573),.UNSPECIFIED.) CURVE() 
GEOMETRIC_REPRESENTATION_ITEM() RATIONAL_B_SPLINE_CURVE((1.,0.5,1.,0.5,
1.,0.5,1.)) REPRESENTATION_ITEM('') );
#4174 = CARTESIAN_POINT('',(-56.,5.741968807018E-15));
#4175 = CARTESIAN_POINT('',(-56.,-6.928203230276));
#4176 = CARTESIAN_POINT('',(-62.,-3.464101615138));
#4177 = CARTESIAN_POINT('',(-68.,4.7622513677E-15));
#4178 = CARTESIAN_POINT('',(-62.,3.464101615138));
#4179 = CARTESIAN_POINT('',(-56.,6.928203230276));
#4180 = CARTESIAN_POINT('',(-56.,5.741968807018E-15));
#4181 = ( GEOMETRIC_REPRESENTATION_CONTEXT(2) 
PARAMETRIC_REPRESENTATION_CONTEXT() REPRESENTATION_CONTEXT('2D SPACE',''
  ) );
#4182 = PCURVE('',#4183,#4188);
#4183 = CYLINDRICAL_SURFACE('',#4184,4.);
#4184 = AXIS2_PLACEMENT_3D('',#4185,#4186,#4187);
#4185 = CARTESIAN_POINT('',(-60.,7.347880794884E-15,-7.));
#4186 = DIRECTION('',(-0.,-0.,-1.));
#4187 = DIRECTION('',(1.,0.,0.));
#4188 = DEFINITIONAL_REPRESENTATION('',(#4189),#4193);
#4189 = LINE('',#4190,#4191);
#4190 = CARTESIAN_POINT('',(-4.138911435803E-13,-1.));
#4191 = VECTOR('',#4192,1.);
#4192 = DIRECTION('',(1.,-0.));
#4193 = ( GEOMETRIC_REPRESENTATION_CONTEXT(2) 
PARAMETRIC_REPRESENTATION_CONTEXT() REPRESENTATION_CONTEXT('2D SPACE',''
  ) );
#4194 = FACE_BOUND('',#4195,.F.);
#4195 = EDGE_LOOP('',(#4196));
#4196 = ORIENTED_EDGE('',*,*,#4197,.T.);
#4197 = EDGE_CURVE('',#4198,#4198,#4200,.T.);
#4198 = VERTEX_POINT('',#4199);
#4199 = CARTESIAN_POINT('',(-26.,51.961524227066,-6.));
#4200 = SURFACE_CURVE('',#4201,(#4206,#4217),.PCURVE_S1.);
#4201 = CIRCLE('',#4202,4.);
#4202 = AXIS2_PLACEMENT_3D('',#4203,#4204,#4205);
#4203 = CARTESIAN_POINT('',(-30.,51.961524227066,-6.));
#4204 = DIRECTION('',(0.,0.,-1.));
#4205 = DIRECTION('',(1.,0.,0.));
#4206 = PCURVE('',#3957,#4207);
#4207 = DEFINITIONAL_REPRESENTATION('',(#4208),#4216);
#4208 = ( BOUNDED_CURVE() B_SPLINE_CURVE(2,(#4209,#4210,#4211,#4212,
#4213,#4214,#4215),.UNSPECIFIED.,.T.,.F.) B_SPLINE_CURVE_WITH_KNOTS((1,2
    ,2,2,2,1),(-2.094395102393,0.,2.094395102393,4.188790204786,
6.28318530718,8.377580409573),.UNSPECIFIED.) CURVE() 
GEOMETRIC_REPRESENTATION_ITEM() RATIONAL_B_SPLINE_CURVE((1.,0.5,1.,0.5,
1.,0.5,1.)) REPRESENTATION_ITEM('') );
#4209 = CARTESIAN_POINT('',(-26.,51.961524227066));
#4210 = CARTESIAN_POINT('',(-26.,45.03332099679));
#4211 = CARTESIAN_POINT('',(-32.,48.497422611928));
#4212 = CARTESIAN_POINT('',(-38.,51.961524227066));
#4213 = CARTESIAN_POINT('',(-32.,55.425625842204));
#4214 = CARTESIAN_POINT('',(-26.,58.889727457342));
#4215 = CARTESIAN_POINT('',(-26.,51.961524227066));
#4216 = ( GEOMETRIC_REPRESENTATION_CONTEXT(2) 
PARAMETRIC_REPRESENTATION_CONTEXT() REPRESENTATION_CONTEXT('2D SPACE',''
  ) );
#4217 = PCURVE('',#4218,#4223);
#4218 = CYLINDRICAL_SURFACE('',#4219,4.);
#4219 = AXIS2_PLACEMENT_3D('',#4220,#4221,#4222);
#4220 = CARTESIAN_POINT('',(-30.,51.961524227066,-7.));
#4221 = DIRECTION('',(-0.,-0.,-1.));
#4222 = DIRECTION('',(1.,0.,0.));
#4223 = DEFINITIONAL_REPRESENTATION('',(#4224),#4228);
#4224 = LINE('',#4225,#4226);
#4225 = CARTESIAN_POINT('',(-4.138911435803E-13,-1.));
#4226 = VECTOR('',#4227,1.);
#4227 = DIRECTION('',(1.,-0.));
#4228 = ( GEOMETRIC_REPRESENTATION_CONTEXT(2) 
PARAMETRIC_REPRESENTATION_CONTEXT() REPRESENTATION_CONTEXT('2D SPACE',''
  ) );
#4229 = FACE_BOUND('',#4230,.F.);
#4230 = EDGE_LOOP('',(#4231));
#4231 = ORIENTED_EDGE('',*,*,#4232,.T.);
#4232 = EDGE_CURVE('',#4233,#4233,#4235,.T.);
#4233 = VERTEX_POINT('',#4234);
#4234 = CARTESIAN_POINT('',(34.,51.961524227066,-6.));
#4235 = SURFACE_CURVE('',#4236,(#4241,#4252),.PCURVE_S1.);
#4236 = CIRCLE('',#4237,4.);
#4237 = AXIS2_PLACEMENT_3D('',#4238,#4239,#4240);
#4238 = CARTESIAN_POINT('',(30.,51.961524227066,-6.));
#4239 = DIRECTION('',(0.,0.,-1.));
#4240 = DIRECTION('',(1.,0.,0.));
#4241 = PCURVE('',#3957,#4242);
#4242 = DEFINITIONAL_REPRESENTATION('',(#4243),#4251);
#4243 = ( BOUNDED_CURVE() B_SPLINE_CURVE(2,(#4244,#4245,#4246,#4247,
#4248,#4249,#4250),.UNSPECIFIED.,.T.,.F.) B_SPLINE_CURVE_WITH_KNOTS((1,2
    ,2,2,2,1),(-2.094395102393,0.,2.094395102393,4.188790204786,
6.28318530718,8.377580409573),.UNSPECIFIED.) CURVE() 
GEOMETRIC_REPRESENTATION_ITEM() RATIONAL_B_SPLINE_CURVE((1.,0.5,1.,0.5,
1.,0.5,1.)) REPRESENTATION_ITEM('') );
#4244 = CARTESIAN_POINT('',(34.,51.961524227066));
#4245 = CARTESIAN_POINT('',(34.,45.03332099679));
#4246 = CARTESIAN_POINT('',(28.,48.497422611928));
#4247 = CARTESIAN_POINT('',(22.,51.961524227066));
#4248 = CARTESIAN_POINT('',(28.,55.425625842204));
#4249 = CARTESIAN_POINT('',(34.,58.889727457342));
#4250 = CARTESIAN_POINT('',(34.,51.961524227066));
#4251 = ( GEOMETRIC_REPRESENTATION_CONTEXT(2) 
PARAMETRIC_REPRESENTATION_CONTEXT() REPRESENTATION_CONTEXT('2D SPACE',''
  ) );
#4252 = PCURVE('',#4253,#4258);
#4253 = CYLINDRICAL_SURFACE('',#4254,4.);
#4254 = AXIS2_PLACEMENT_3D('',#4255,#4256,#4257);
#4255 = CARTESIAN_POINT('',(30.,51.961524227066,-7.));
#4256 = DIRECTION('',(-0.,-0.,-1.));
#4257 = DIRECTION('',(1.,0.,0.));
#4258 = DEFINITIONAL_REPRESENTATION('',(#4259),#4263);
#4259 = LINE('',#4260,#4261);
#4260 = CARTESIAN_POINT('',(-4.138911435803E-13,-1.));
#4261 = VECTOR('',#4262,1.);
#4262 = DIRECTION('',(1.,-0.));
#4263 = ( GEOMETRIC_REPRESENTATION_CONTEXT(2) 
PARAMETRIC_REPRESENTATION_CONTEXT() REPRESENTATION_CONTEXT('2D SPACE',''
  ) );
#4264 = ADVANCED_FACE('',(#4265,#4268,#4298,#4328,#4354,#4384,#4414,
    #4444),#4007,.T.);
#4265 = FACE_BOUND('',#4266,.T.);
#4266 = EDGE_LOOP('',(#4267));
#4267 = ORIENTED_EDGE('',*,*,#3992,.T.);
#4268 = FACE_BOUND('',#4269,.T.);
#4269 = EDGE_LOOP('',(#4270));
#4270 = ORIENTED_EDGE('',*,*,#4271,.T.);
#4271 = EDGE_CURVE('',#4272,#4272,#4274,.T.);
#4272 = VERTEX_POINT('',#4273);
#4273 = CARTESIAN_POINT('',(-26.,-51.96152422706,6.));
#4274 = SURFACE_CURVE('',#4275,(#4280,#4291),.PCURVE_S1.);
#4275 = CIRCLE('',#4276,4.);
#4276 = AXIS2_PLACEMENT_3D('',#4277,#4278,#4279);
#4277 = CARTESIAN_POINT('',(-30.,-51.96152422706,6.));
#4278 = DIRECTION('',(0.,0.,-1.));
#4279 = DIRECTION('',(1.,0.,0.));
#4280 = PCURVE('',#4007,#4281);
#4281 = DEFINITIONAL_REPRESENTATION('',(#4282),#4290);
#4282 = ( BOUNDED_CURVE() B_SPLINE_CURVE(2,(#4283,#4284,#4285,#4286,
#4287,#4288,#4289),.UNSPECIFIED.,.T.,.F.) B_SPLINE_CURVE_WITH_KNOTS((1,2
    ,2,2,2,1),(-2.094395102393,0.,2.094395102393,4.188790204786,
6.28318530718,8.377580409573),.UNSPECIFIED.) CURVE() 
GEOMETRIC_REPRESENTATION_ITEM() RATIONAL_B_SPLINE_CURVE((1.,0.5,1.,0.5,
1.,0.5,1.)) REPRESENTATION_ITEM('') );
#4283 = CARTESIAN_POINT('',(-26.,-51.96152422706));
#4284 = CARTESIAN_POINT('',(-26.,-58.88972745733));
#4285 = CARTESIAN_POINT('',(-32.,-55.42562584219));
#4286 = CARTESIAN_POINT('',(-38.,-51.96152422706));
#4287 = CARTESIAN_POINT('',(-32.,-48.49742261192));
#4288 = CARTESIAN_POINT('',(-26.,-45.03332099678));
#4289 = CARTESIAN_POINT('',(-26.,-51.96152422706));
#4290 = ( GEOMETRIC_REPRESENTATION_CONTEXT(2) 
PARAMETRIC_REPRESENTATION_CONTEXT() REPRESENTATION_CONTEXT('2D SPACE',''
  ) );
#4291 = PCURVE('',#4047,#4292);
#4292 = DEFINITIONAL_REPRESENTATION('',(#4293),#4297);
#4293 = LINE('',#4294,#4295);
#4294 = CARTESIAN_POINT('',(-4.138911435803E-13,-13.));
#4295 = VECTOR('',#4296,1.);
#4296 = DIRECTION('',(1.,-0.));
#4297 = ( GEOMETRIC_REPRESENTATION_CONTEXT(2) 
PARAMETRIC_REPRESENTATION_CONTEXT() REPRESENTATION_CONTEXT('2D SPACE',''
  ) );
#4298 = FACE_BOUND('',#4299,.T.);
#4299 = EDGE_LOOP('',(#4300));
#4300 = ORIENTED_EDGE('',*,*,#4301,.T.);
#4301 = EDGE_CURVE('',#4302,#4302,#4304,.T.);
#4302 = VERTEX_POINT('',#4303);
#4303 = CARTESIAN_POINT('',(34.,-51.96152422706,6.));
#4304 = SURFACE_CURVE('',#4305,(#4310,#4321),.PCURVE_S1.);
#4305 = CIRCLE('',#4306,4.);
#4306 = AXIS2_PLACEMENT_3D('',#4307,#4308,#4309);
#4307 = CARTESIAN_POINT('',(30.,-51.96152422706,6.));
#4308 = DIRECTION('',(0.,0.,-1.));
#4309 = DIRECTION('',(1.,0.,0.));
#4310 = PCURVE('',#4007,#4311);
#4311 = DEFINITIONAL_REPRESENTATION('',(#4312),#4320);
#4312 = ( BOUNDED_CURVE() B_SPLINE_CURVE(2,(#4313,#4314,#4315,#4316,
#4317,#4318,#4319),.UNSPECIFIED.,.T.,.F.) B_SPLINE_CURVE_WITH_KNOTS((1,2
    ,2,2,2,1),(-2.094395102393,0.,2.094395102393,4.188790204786,
6.28318530718,8.377580409573),.UNSPECIFIED.) CURVE() 
GEOMETRIC_REPRESENTATION_ITEM() RATIONAL_B_SPLINE_CURVE((1.,0.5,1.,0.5,
1.,0.5,1.)) REPRESENTATION_ITEM('') );
#4313 = CARTESIAN_POINT('',(34.,-51.96152422706));
#4314 = CARTESIAN_POINT('',(34.,-58.88972745733));
#4315 = CARTESIAN_POINT('',(28.,-55.42562584219));
#4316 = CARTESIAN_POINT('',(22.,-51.96152422706));
#4317 = CARTESIAN_POINT('',(28.,-48.49742261192));
#4318 = CARTESIAN_POINT('',(34.,-45.03332099678));
#4319 = CARTESIAN_POINT('',(34.,-51.96152422706));
#4320 = ( GEOMETRIC_REPRESENTATION_CONTEXT(2) 
PARAMETRIC_REPRESENTATION_CONTEXT() REPRESENTATION_CONTEXT('2D SPACE',''
  ) );
#4321 = PCURVE('',#4082,#4322);
#4322 = DEFINITIONAL_REPRESENTATION('',(#4323),#4327);
#4323 = LINE('',#4324,#4325);
#4324 = CARTESIAN_POINT('',(-4.138911435803E-13,-13.));
#4325 = VECTOR('',#4326,1.);
#4326 = DIRECTION('',(1.,-0.));
#4327 = ( GEOMETRIC_REPRESENTATION_CONTEXT(2) 
PARAMETRIC_REPRESENTATION_CONTEXT() REPRESENTATION_CONTEXT('2D SPACE',''
  ) );
#4328 = FACE_BOUND('',#4329,.T.);
#4329 = EDGE_LOOP('',(#4330));
#4330 = ORIENTED_EDGE('',*,*,#4331,.F.);
#4331 = EDGE_CURVE('',#4332,#4332,#4334,.T.);
#4332 = VERTEX_POINT('',#4333);
#4333 = CARTESIAN_POINT('',(37.1,1.515824502955E-15,6.));
#4334 = SURFACE_CURVE('',#4335,(#4340,#4347),.PCURVE_S1.);
#4335 = CIRCLE('',#4336,37.1);
#4336 = AXIS2_PLACEMENT_3D('',#4337,#4338,#4339);
#4337 = CARTESIAN_POINT('',(3.531871091885E-13,1.515824502955E-15,6.));
#4338 = DIRECTION('',(0.,0.,1.));
#4339 = DIRECTION('',(1.,0.,-0.));
#4340 = PCURVE('',#4007,#4341);
#4341 = DEFINITIONAL_REPRESENTATION('',(#4342),#4346);
#4342 = CIRCLE('',#4343,37.1);
#4343 = AXIS2_PLACEMENT_2D('',#4344,#4345);
#4344 = CARTESIAN_POINT('',(3.601884026671E-13,-9.0087484911E-17));
#4345 = DIRECTION('',(1.,0.));
#4346 = ( GEOMETRIC_REPRESENTATION_CONTEXT(2) 
PARAMETRIC_REPRESENTATION_CONTEXT() REPRESENTATION_CONTEXT('2D SPACE',''
  ) );
#4347 = PCURVE('',#4113,#4348);
#4348 = DEFINITIONAL_REPRESENTATION('',(#4349),#4353);
#4349 = LINE('',#4350,#4351);
#4350 = CARTESIAN_POINT('',(6.28318530718,-12.));
#4351 = VECTOR('',#4352,1.);
#4352 = DIRECTION('',(-1.,0.));
#4353 = ( GEOMETRIC_REPRESENTATION_CONTEXT(2) 
PARAMETRIC_REPRESENTATION_CONTEXT() REPRESENTATION_CONTEXT('2D SPACE',''
  ) );
#4354 = FACE_BOUND('',#4355,.T.);
#4355 = EDGE_LOOP('',(#4356));
#4356 = ORIENTED_EDGE('',*,*,#4357,.T.);
#4357 = EDGE_CURVE('',#4358,#4358,#4360,.T.);
#4358 = VERTEX_POINT('',#4359);
#4359 = CARTESIAN_POINT('',(64.,0.,6.));
#4360 = SURFACE_CURVE('',#4361,(#4366,#4377),.PCURVE_S1.);
#4361 = CIRCLE('',#4362,4.);
#4362 = AXIS2_PLACEMENT_3D('',#4363,#4364,#4365);
#4363 = CARTESIAN_POINT('',(60.,0.,6.));
#4364 = DIRECTION('',(0.,0.,-1.));
#4365 = DIRECTION('',(1.,0.,0.));
#4366 = PCURVE('',#4007,#4367);
#4367 = DEFINITIONAL_REPRESENTATION('',(#4368),#4376);
#4368 = ( BOUNDED_CURVE() B_SPLINE_CURVE(2,(#4369,#4370,#4371,#4372,
#4373,#4374,#4375),.UNSPECIFIED.,.T.,.F.) B_SPLINE_CURVE_WITH_KNOTS((1,2
    ,2,2,2,1),(-2.094395102393,0.,2.094395102393,4.188790204786,
6.28318530718,8.377580409573),.UNSPECIFIED.) CURVE() 
GEOMETRIC_REPRESENTATION_ITEM() RATIONAL_B_SPLINE_CURVE((1.,0.5,1.,0.5,
1.,0.5,1.)) REPRESENTATION_ITEM('') );
#4369 = CARTESIAN_POINT('',(64.,-1.605911987866E-15));
#4370 = CARTESIAN_POINT('',(64.,-6.928203230276));
#4371 = CARTESIAN_POINT('',(58.,-3.464101615138));
#4372 = CARTESIAN_POINT('',(52.,-2.585629427184E-15));
#4373 = CARTESIAN_POINT('',(58.,3.464101615138));
#4374 = CARTESIAN_POINT('',(64.,6.928203230276));
#4375 = CARTESIAN_POINT('',(64.,-1.605911987866E-15));
#4376 = ( GEOMETRIC_REPRESENTATION_CONTEXT(2) 
PARAMETRIC_REPRESENTATION_CONTEXT() REPRESENTATION_CONTEXT('2D SPACE',''
  ) );
#4377 = PCURVE('',#4148,#4378);
#4378 = DEFINITIONAL_REPRESENTATION('',(#4379),#4383);
#4379 = LINE('',#4380,#4381);
#4380 = CARTESIAN_POINT('',(-4.138911435803E-13,-13.));
#4381 = VECTOR('',#4382,1.);
#4382 = DIRECTION('',(1.,-0.));
#4383 = ( GEOMETRIC_REPRESENTATION_CONTEXT(2) 
PARAMETRIC_REPRESENTATION_CONTEXT() REPRESENTATION_CONTEXT('2D SPACE',''
  ) );
#4384 = FACE_BOUND('',#4385,.T.);
#4385 = EDGE_LOOP('',(#4386));
#4386 = ORIENTED_EDGE('',*,*,#4387,.T.);
#4387 = EDGE_CURVE('',#4388,#4388,#4390,.T.);
#4388 = VERTEX_POINT('',#4389);
#4389 = CARTESIAN_POINT('',(-56.,7.347880794884E-15,6.));
#4390 = SURFACE_CURVE('',#4391,(#4396,#4407),.PCURVE_S1.);
#4391 = CIRCLE('',#4392,4.);
#4392 = AXIS2_PLACEMENT_3D('',#4393,#4394,#4395);
#4393 = CARTESIAN_POINT('',(-60.,7.347880794884E-15,6.));
#4394 = DIRECTION('',(0.,0.,-1.));
#4395 = DIRECTION('',(1.,0.,0.));
#4396 = PCURVE('',#4007,#4397);
#4397 = DEFINITIONAL_REPRESENTATION('',(#4398),#4406);
#4398 = ( BOUNDED_CURVE() B_SPLINE_CURVE(2,(#4399,#4400,#4401,#4402,
#4403,#4404,#4405),.UNSPECIFIED.,.T.,.F.) B_SPLINE_CURVE_WITH_KNOTS((1,2
    ,2,2,2,1),(-2.094395102393,0.,2.094395102393,4.188790204786,
6.28318530718,8.377580409573),.UNSPECIFIED.) CURVE() 
GEOMETRIC_REPRESENTATION_ITEM() RATIONAL_B_SPLINE_CURVE((1.,0.5,1.,0.5,
1.,0.5,1.)) REPRESENTATION_ITEM('') );
#4399 = CARTESIAN_POINT('',(-56.,5.741968807018E-15));
#4400 = CARTESIAN_POINT('',(-56.,-6.928203230276));
#4401 = CARTESIAN_POINT('',(-62.,-3.464101615138));
#4402 = CARTESIAN_POINT('',(-68.,4.7622513677E-15));
#4403 = CARTESIAN_POINT('',(-62.,3.464101615138));
#4404 = CARTESIAN_POINT('',(-56.,6.928203230276));
#4405 = CARTESIAN_POINT('',(-56.,5.741968807018E-15));
#4406 = ( GEOMETRIC_REPRESENTATION_CONTEXT(2) 
PARAMETRIC_REPRESENTATION_CONTEXT() REPRESENTATION_CONTEXT('2D SPACE',''
  ) );
#4407 = PCURVE('',#4183,#4408);
#4408 = DEFINITIONAL_REPRESENTATION('',(#4409),#4413);
#4409 = LINE('',#4410,#4411);
#4410 = CARTESIAN_POINT('',(-4.138911435803E-13,-13.));
#4411 = VECTOR('',#4412,1.);
#4412 = DIRECTION('',(1.,-0.));
#4413 = ( GEOMETRIC_REPRESENTATION_CONTEXT(2) 
PARAMETRIC_REPRESENTATION_CONTEXT() REPRESENTATION_CONTEXT('2D SPACE',''
  ) );
#4414 = FACE_BOUND('',#4415,.T.);
#4415 = EDGE_LOOP('',(#4416));
#4416 = ORIENTED_EDGE('',*,*,#4417,.T.);
#4417 = EDGE_CURVE('',#4418,#4418,#4420,.T.);
#4418 = VERTEX_POINT('',#4419);
#4419 = CARTESIAN_POINT('',(-26.,51.961524227066,6.));
#4420 = SURFACE_CURVE('',#4421,(#4426,#4437),.PCURVE_S1.);
#4421 = CIRCLE('',#4422,4.);
#4422 = AXIS2_PLACEMENT_3D('',#4423,#4424,#4425);
#4423 = CARTESIAN_POINT('',(-30.,51.961524227066,6.));
#4424 = DIRECTION('',(0.,0.,-1.));
#4425 = DIRECTION('',(1.,0.,0.));
#4426 = PCURVE('',#4007,#4427);
#4427 = DEFINITIONAL_REPRESENTATION('',(#4428),#4436);
#4428 = ( BOUNDED_CURVE() B_SPLINE_CURVE(2,(#4429,#4430,#4431,#4432,
#4433,#4434,#4435),.UNSPECIFIED.,.T.,.F.) B_SPLINE_CURVE_WITH_KNOTS((1,2
    ,2,2,2,1),(-2.094395102393,0.,2.094395102393,4.188790204786,
6.28318530718,8.377580409573),.UNSPECIFIED.) CURVE() 
GEOMETRIC_REPRESENTATION_ITEM() RATIONAL_B_SPLINE_CURVE((1.,0.5,1.,0.5,
1.,0.5,1.)) REPRESENTATION_ITEM('') );
#4429 = CARTESIAN_POINT('',(-26.,51.961524227066));
#4430 = CARTESIAN_POINT('',(-26.,45.03332099679));
#4431 = CARTESIAN_POINT('',(-32.,48.497422611928));
#4432 = CARTESIAN_POINT('',(-38.,51.961524227066));
#4433 = CARTESIAN_POINT('',(-32.,55.425625842204));
#4434 = CARTESIAN_POINT('',(-26.,58.889727457342));
#4435 = CARTESIAN_POINT('',(-26.,51.961524227066));
#4436 = ( GEOMETRIC_REPRESENTATION_CONTEXT(2) 
PARAMETRIC_REPRESENTATION_CONTEXT() REPRESENTATION_CONTEXT('2D SPACE',''
  ) );
#4437 = PCURVE('',#4218,#4438);
#4438 = DEFINITIONAL_REPRESENTATION('',(#4439),#4443);
#4439 = LINE('',#4440,#4441);
#4440 = CARTESIAN_POINT('',(-4.138911435803E-13,-13.));
#4441 = VECTOR('',#4442,1.);
#4442 = DIRECTION('',(1.,-0.));
#4443 = ( GEOMETRIC_REPRESENTATION_CONTEXT(2) 
PARAMETRIC_REPRESENTATION_CONTEXT() REPRESENTATION_CONTEXT('2D SPACE',''
  ) );
#4444 = FACE_BOUND('',#4445,.T.);
#4445 = EDGE_LOOP('',(#4446));
#4446 = ORIENTED_EDGE('',*,*,#4447,.T.);
#4447 = EDGE_CURVE('',#4448,#4448,#4450,.T.);
#4448 = VERTEX_POINT('',#4449);
#4449 = CARTESIAN_POINT('',(34.,51.961524227066,6.));
#4450 = SURFACE_CURVE('',#4451,(#4456,#4467),.PCURVE_S1.);
#4451 = CIRCLE('',#4452,4.);
#4452 = AXIS2_PLACEMENT_3D('',#4453,#4454,#4455);
#4453 = CARTESIAN_POINT('',(30.,51.961524227066,6.));
#4454 = DIRECTION('',(0.,0.,-1.));
#4455 = DIRECTION('',(1.,0.,0.));
#4456 = PCURVE('',#4007,#4457);
#4457 = DEFINITIONAL_REPRESENTATION('',(#4458),#4466);
#4458 = ( BOUNDED_CURVE() B_SPLINE_CURVE(2,(#4459,#4460,#4461,#4462,
#4463,#4464,#4465),.UNSPECIFIED.,.T.,.F.) B_SPLINE_CURVE_WITH_KNOTS((1,2
    ,2,2,2,1),(-2.094395102393,0.,2.094395102393,4.188790204786,
6.28318530718,8.377580409573),.UNSPECIFIED.) CURVE() 
GEOMETRIC_REPRESENTATION_ITEM() RATIONAL_B_SPLINE_CURVE((1.,0.5,1.,0.5,
1.,0.5,1.)) REPRESENTATION_ITEM('') );
#4459 = CARTESIAN_POINT('',(34.,51.961524227066));
#4460 = CARTESIAN_POINT('',(34.,45.03332099679));
#4461 = CARTESIAN_POINT('',(28.,48.497422611928));
#4462 = CARTESIAN_POINT('',(22.,51.961524227066));
#4463 = CARTESIAN_POINT('',(28.,55.425625842204));
#4464 = CARTESIAN_POINT('',(34.,58.889727457342));
#4465 = CARTESIAN_POINT('',(34.,51.961524227066));
#4466 = ( GEOMETRIC_REPRESENTATION_CONTEXT(2) 
PARAMETRIC_REPRESENTATION_CONTEXT() REPRESENTATION_CONTEXT('2D SPACE',''
  ) );
#4467 = PCURVE('',#4253,#4468);
#4468 = DEFINITIONAL_REPRESENTATION('',(#4469),#4473);
#4469 = LINE('',#4470,#4471);
#4470 = CARTESIAN_POINT('',(-4.138911435803E-13,-13.));
#4471 = VECTOR('',#4472,1.);
#4472 = DIRECTION('',(1.,-0.));
#4473 = ( GEOMETRIC_REPRESENTATION_CONTEXT(2) 
PARAMETRIC_REPRESENTATION_CONTEXT() REPRESENTATION_CONTEXT('2D SPACE',''
  ) );
#4474 = ADVANCED_FACE('',(#4475),#4047,.F.);
#4475 = FACE_BOUND('',#4476,.F.);
#4476 = EDGE_LOOP('',(#4477,#4498,#4499,#4500));
#4477 = ORIENTED_EDGE('',*,*,#4478,.T.);
#4478 = EDGE_CURVE('',#4027,#4272,#4479,.T.);
#4479 = SEAM_CURVE('',#4480,(#4484,#4491),.PCURVE_S1.);
#4480 = LINE('',#4481,#4482);
#4481 = CARTESIAN_POINT('',(-26.,-51.96152422706,-7.));
#4482 = VECTOR('',#4483,1.);
#4483 = DIRECTION('',(0.,0.,1.));
#4484 = PCURVE('',#4047,#4485);
#4485 = DEFINITIONAL_REPRESENTATION('',(#4486),#4490);
#4486 = LINE('',#4487,#4488);
#4487 = CARTESIAN_POINT('',(-4.138911435803E-13,0.));
#4488 = VECTOR('',#4489,1.);
#4489 = DIRECTION('',(-0.,-1.));
#4490 = ( GEOMETRIC_REPRESENTATION_CONTEXT(2) 
PARAMETRIC_REPRESENTATION_CONTEXT() REPRESENTATION_CONTEXT('2D SPACE',''
  ) );
#4491 = PCURVE('',#4047,#4492);
#4492 = DEFINITIONAL_REPRESENTATION('',(#4493),#4497);
#4493 = LINE('',#4494,#4495);
#4494 = CARTESIAN_POINT('',(6.28318530718,0.));
#4495 = VECTOR('',#4496,1.);
#4496 = DIRECTION('',(-0.,-1.));
#4497 = ( GEOMETRIC_REPRESENTATION_CONTEXT(2) 
PARAMETRIC_REPRESENTATION_CONTEXT() REPRESENTATION_CONTEXT('2D SPACE',''
  ) );
#4498 = ORIENTED_EDGE('',*,*,#4271,.T.);
#4499 = ORIENTED_EDGE('',*,*,#4478,.F.);
#4500 = ORIENTED_EDGE('',*,*,#4026,.F.);
#4501 = ADVANCED_FACE('',(#4502),#4082,.F.);
#4502 = FACE_BOUND('',#4503,.F.);
#4503 = EDGE_LOOP('',(#4504,#4525,#4526,#4527));
#4504 = ORIENTED_EDGE('',*,*,#4505,.T.);
#4505 = EDGE_CURVE('',#4062,#4302,#4506,.T.);
#4506 = SEAM_CURVE('',#4507,(#4511,#4518),.PCURVE_S1.);
#4507 = LINE('',#4508,#4509);
#4508 = CARTESIAN_POINT('',(34.,-51.96152422706,-7.));
#4509 = VECTOR('',#4510,1.);
#4510 = DIRECTION('',(0.,0.,1.));
#4511 = PCURVE('',#4082,#4512);
#4512 = DEFINITIONAL_REPRESENTATION('',(#4513),#4517);
#4513 = LINE('',#4514,#4515);
#4514 = CARTESIAN_POINT('',(-4.138911435803E-13,0.));
#4515 = VECTOR('',#4516,1.);
#4516 = DIRECTION('',(-0.,-1.));
#4517 = ( GEOMETRIC_REPRESENTATION_CONTEXT(2) 
PARAMETRIC_REPRESENTATION_CONTEXT() REPRESENTATION_CONTEXT('2D SPACE',''
  ) );
#4518 = PCURVE('',#4082,#4519);
#4519 = DEFINITIONAL_REPRESENTATION('',(#4520),#4524);
#4520 = LINE('',#4521,#4522);
#4521 = CARTESIAN_POINT('',(6.28318530718,0.));
#4522 = VECTOR('',#4523,1.);
#4523 = DIRECTION('',(-0.,-1.));
#4524 = ( GEOMETRIC_REPRESENTATION_CONTEXT(2) 
PARAMETRIC_REPRESENTATION_CONTEXT() REPRESENTATION_CONTEXT('2D SPACE',''
  ) );
#4525 = ORIENTED_EDGE('',*,*,#4301,.T.);
#4526 = ORIENTED_EDGE('',*,*,#4505,.F.);
#4527 = ORIENTED_EDGE('',*,*,#4061,.F.);
#4528 = ADVANCED_FACE('',(#4529),#4113,.F.);
#4529 = FACE_BOUND('',#4530,.F.);
#4530 = EDGE_LOOP('',(#4531,#4532,#4553,#4554));
#4531 = ORIENTED_EDGE('',*,*,#4096,.T.);
#4532 = ORIENTED_EDGE('',*,*,#4533,.T.);
#4533 = EDGE_CURVE('',#4097,#4332,#4534,.T.);
#4534 = SEAM_CURVE('',#4535,(#4539,#4546),.PCURVE_S1.);
#4535 = LINE('',#4536,#4537);
#4536 = CARTESIAN_POINT('',(37.1,1.515824502955E-15,-6.));
#4537 = VECTOR('',#4538,1.);
#4538 = DIRECTION('',(0.,0.,1.));
#4539 = PCURVE('',#4113,#4540);
#4540 = DEFINITIONAL_REPRESENTATION('',(#4541),#4545);
#4541 = LINE('',#4542,#4543);
#4542 = CARTESIAN_POINT('',(-4.138911435803E-13,0.));
#4543 = VECTOR('',#4544,1.);
#4544 = DIRECTION('',(-0.,-1.));
#4545 = ( GEOMETRIC_REPRESENTATION_CONTEXT(2) 
PARAMETRIC_REPRESENTATION_CONTEXT() REPRESENTATION_CONTEXT('2D SPACE',''
  ) );
#4546 = PCURVE('',#4113,#4547);
#4547 = DEFINITIONAL_REPRESENTATION('',(#4548),#4552);
#4548 = LINE('',#4549,#4550);
#4549 = CARTESIAN_POINT('',(6.28318530718,0.));
#4550 = VECTOR('',#4551,1.);
#4551 = DIRECTION('',(-0.,-1.));
#4552 = ( GEOMETRIC_REPRESENTATION_CONTEXT(2) 
PARAMETRIC_REPRESENTATION_CONTEXT() REPRESENTATION_CONTEXT('2D SPACE',''
  ) );
#4553 = ORIENTED_EDGE('',*,*,#4331,.F.);
#4554 = ORIENTED_EDGE('',*,*,#4533,.F.);
#4555 = ADVANCED_FACE('',(#4556),#4148,.F.);
#4556 = FACE_BOUND('',#4557,.F.);
#4557 = EDGE_LOOP('',(#4558,#4579,#4580,#4581));
#4558 = ORIENTED_EDGE('',*,*,#4559,.T.);
#4559 = EDGE_CURVE('',#4128,#4358,#4560,.T.);
#4560 = SEAM_CURVE('',#4561,(#4565,#4572),.PCURVE_S1.);
#4561 = LINE('',#4562,#4563);
#4562 = CARTESIAN_POINT('',(64.,0.,-7.));
#4563 = VECTOR('',#4564,1.);
#4564 = DIRECTION('',(0.,0.,1.));
#4565 = PCURVE('',#4148,#4566);
#4566 = DEFINITIONAL_REPRESENTATION('',(#4567),#4571);
#4567 = LINE('',#4568,#4569);
#4568 = CARTESIAN_POINT('',(-4.138911435803E-13,0.));
#4569 = VECTOR('',#4570,1.);
#4570 = DIRECTION('',(-0.,-1.));
#4571 = ( GEOMETRIC_REPRESENTATION_CONTEXT(2) 
PARAMETRIC_REPRESENTATION_CONTEXT() REPRESENTATION_CONTEXT('2D SPACE',''
  ) );
#4572 = PCURVE('',#4148,#4573);
#4573 = DEFINITIONAL_REPRESENTATION('',(#4574),#4578);
#4574 = LINE('',#4575,#4576);
#4575 = CARTESIAN_POINT('',(6.28318530718,0.));
#4576 = VECTOR('',#4577,1.);
#4577 = DIRECTION('',(-0.,-1.));
#4578 = ( GEOMETRIC_REPRESENTATION_CONTEXT(2) 
PARAMETRIC_REPRESENTATION_CONTEXT() REPRESENTATION_CONTEXT('2D SPACE',''
  ) );
#4579 = ORIENTED_EDGE('',*,*,#4357,.T.);
#4580 = ORIENTED_EDGE('',*,*,#4559,.F.);
#4581 = ORIENTED_EDGE('',*,*,#4127,.F.);
#4582 = ADVANCED_FACE('',(#4583),#4183,.F.);
#4583 = FACE_BOUND('',#4584,.F.);
#4584 = EDGE_LOOP('',(#4585,#4606,#4607,#4608));
#4585 = ORIENTED_EDGE('',*,*,#4586,.T.);
#4586 = EDGE_CURVE('',#4163,#4388,#4587,.T.);
#4587 = SEAM_CURVE('',#4588,(#4592,#4599),.PCURVE_S1.);
#4588 = LINE('',#4589,#4590);
#4589 = CARTESIAN_POINT('',(-56.,7.347880794884E-15,-7.));
#4590 = VECTOR('',#4591,1.);
#4591 = DIRECTION('',(0.,0.,1.));
#4592 = PCURVE('',#4183,#4593);
#4593 = DEFINITIONAL_REPRESENTATION('',(#4594),#4598);
#4594 = LINE('',#4595,#4596);
#4595 = CARTESIAN_POINT('',(-4.138911435803E-13,0.));
#4596 = VECTOR('',#4597,1.);
#4597 = DIRECTION('',(-0.,-1.));
#4598 = ( GEOMETRIC_REPRESENTATION_CONTEXT(2) 
PARAMETRIC_REPRESENTATION_CONTEXT() REPRESENTATION_CONTEXT('2D SPACE',''
  ) );
#4599 = PCURVE('',#4183,#4600);
#4600 = DEFINITIONAL_REPRESENTATION('',(#4601),#4605);
#4601 = LINE('',#4602,#4603);
#4602 = CARTESIAN_POINT('',(6.28318530718,0.));
#4603 = VECTOR('',#4604,1.);
#4604 = DIRECTION('',(-0.,-1.));
#4605 = ( GEOMETRIC_REPRESENTATION_CONTEXT(2) 
PARAMETRIC_REPRESENTATION_CONTEXT() REPRESENTATION_CONTEXT('2D SPACE',''
  ) );
#4606 = ORIENTED_EDGE('',*,*,#4387,.T.);
#4607 = ORIENTED_EDGE('',*,*,#4586,.F.);
#4608 = ORIENTED_EDGE('',*,*,#4162,.F.);
#4609 = ADVANCED_FACE('',(#4610),#4218,.F.);
#4610 = FACE_BOUND('',#4611,.F.);
#4611 = EDGE_LOOP('',(#4612,#4633,#4634,#4635));
#4612 = ORIENTED_EDGE('',*,*,#4613,.T.);
#4613 = EDGE_CURVE('',#4198,#4418,#4614,.T.);
#4614 = SEAM_CURVE('',#4615,(#4619,#4626),.PCURVE_S1.);
#4615 = LINE('',#4616,#4617);
#4616 = CARTESIAN_POINT('',(-26.,51.961524227066,-7.));
#4617 = VECTOR('',#4618,1.);
#4618 = DIRECTION('',(0.,0.,1.));
#4619 = PCURVE('',#4218,#4620);
#4620 = DEFINITIONAL_REPRESENTATION('',(#4621),#4625);
#4621 = LINE('',#4622,#4623);
#4622 = CARTESIAN_POINT('',(-4.138911435803E-13,0.));
#4623 = VECTOR('',#4624,1.);
#4624 = DIRECTION('',(-0.,-1.));
#4625 = ( GEOMETRIC_REPRESENTATION_CONTEXT(2) 
PARAMETRIC_REPRESENTATION_CONTEXT() REPRESENTATION_CONTEXT('2D SPACE',''
  ) );
#4626 = PCURVE('',#4218,#4627);
#4627 = DEFINITIONAL_REPRESENTATION('',(#4628),#4632);
#4628 = LINE('',#4629,#4630);
#4629 = CARTESIAN_POINT('',(6.28318530718,0.));
#4630 = VECTOR('',#4631,1.);
#4631 = DIRECTION('',(-0.,-1.));
#4632 = ( GEOMETRIC_REPRESENTATION_CONTEXT(2) 
PARAMETRIC_REPRESENTATION_CONTEXT() REPRESENTATION_CONTEXT('2D SPACE',''
  ) );
#4633 = ORIENTED_EDGE('',*,*,#4417,.T.);
#4634 = ORIENTED_EDGE('',*,*,#4613,.F.);
#4635 = ORIENTED_EDGE('',*,*,#4197,.F.);
#4636 = ADVANCED_FACE('',(#4637),#4253,.F.);
#4637 = FACE_BOUND('',#4638,.F.);
#4638 = EDGE_LOOP('',(#4639,#4660,#4661,#4662));
#4639 = ORIENTED_EDGE('',*,*,#4640,.T.);
#4640 = EDGE_CURVE('',#4233,#4448,#4641,.T.);
#4641 = SEAM_CURVE('',#4642,(#4646,#4653),.PCURVE_S1.);
#4642 = LINE('',#4643,#4644);
#4643 = CARTESIAN_POINT('',(34.,51.961524227066,-7.));
#4644 = VECTOR('',#4645,1.);
#4645 = DIRECTION('',(0.,0.,1.));
#4646 = PCURVE('',#4253,#4647);
#4647 = DEFINITIONAL_REPRESENTATION('',(#4648),#4652);
#4648 = LINE('',#4649,#4650);
#4649 = CARTESIAN_POINT('',(-4.138911435803E-13,0.));
#4650 = VECTOR('',#4651,1.);
#4651 = DIRECTION('',(-0.,-1.));
#4652 = ( GEOMETRIC_REPRESENTATION_CONTEXT(2) 
PARAMETRIC_REPRESENTATION_CONTEXT() REPRESENTATION_CONTEXT('2D SPACE',''
  ) );
#4653 = PCURVE('',#4253,#4654);
#4654 = DEFINITIONAL_REPRESENTATION('',(#4655),#4659);
#4655 = LINE('',#4656,#4657);
#4656 = CARTESIAN_POINT('',(6.28318530718,0.));
#4657 = VECTOR('',#4658,1.);
#4658 = DIRECTION('',(-0.,-1.));
#4659 = ( GEOMETRIC_REPRESENTATION_CONTEXT(2) 
PARAMETRIC_REPRESENTATION_CONTEXT() REPRESENTATION_CONTEXT('2D SPACE',''
  ) );
#4660 = ORIENTED_EDGE('',*,*,#4447,.T.);
#4661 = ORIENTED_EDGE('',*,*,#4640,.F.);
#4662 = ORIENTED_EDGE('',*,*,#4232,.F.);
#4663 = ( GEOMETRIC_REPRESENTATION_CONTEXT(3) 
GLOBAL_UNCERTAINTY_ASSIGNED_CONTEXT((#4667)) 
GLOBAL_UNIT_ASSIGNED_CONTEXT((#4664,#4665,#4666)) REPRESENTATION_CONTEXT
('Context #1','3D Context with UNIT and UNCERTAINTY') );
#4664 = ( LENGTH_UNIT() NAMED_UNIT(*) SI_UNIT(.MILLI.,.METRE.) );
#4665 = ( NAMED_UNIT(*) PLANE_ANGLE_UNIT() SI_UNIT($,.RADIAN.) );
#4666 = ( NAMED_UNIT(*) SI_UNIT($,.STERADIAN.) SOLID_ANGLE_UNIT() );
#4667 = UNCERTAINTY_MEASURE_WITH_UNIT(LENGTH_MEASURE(1.E-07),#4664,
  'distance_accuracy_value','confusion accuracy');
#4668 = CONTEXT_DEPENDENT_SHAPE_REPRESENTATION(#4669,#4671);
#4669 = ( REPRESENTATION_RELATIONSHIP('','',#3928,#10) 
REPRESENTATION_RELATIONSHIP_WITH_TRANSFORMATION(#4670) 
SHAPE_REPRESENTATION_RELATIONSHIP() );
#4670 = ITEM_DEFINED_TRANSFORMATION('','',#11,#31);
#4671 = PRODUCT_DEFINITION_SHAPE('Placement','Placement of an item',
  #4672);
#4672 = NEXT_ASSEMBLY_USAGE_OCCURRENCE('5','31_az_shaft_hub','',#5,#3923
  ,$);
#4673 = PRODUCT_RELATED_PRODUCT_CATEGORY('part',$,(#3925));
#4674 = SHAPE_DEFINITION_REPRESENTATION(#4675,#4681);
#4675 = PRODUCT_DEFINITION_SHAPE('','',#4676);
#4676 = PRODUCT_DEFINITION('design','',#4677,#4680);
#4677 = PRODUCT_DEFINITION_FORMATION('','',#4678);
#4678 = PRODUCT('05_az_drive_ring','05_az_drive_ring','',(#4679));
#4679 = PRODUCT_CONTEXT('',#2,'mechanical');
#4680 = PRODUCT_DEFINITION_CONTEXT('part definition',#2,'design');
#4681 = ADVANCED_BREP_SHAPE_REPRESENTATION('',(#11,#4682),#5600);
#4682 = MANIFOLD_SOLID_BREP('',#4683);
#4683 = CLOSED_SHELL('',(#4684,#4772,#5087,#5357,#5384,#5411,#5438,#5465
    ,#5492,#5519,#5546,#5573));
#4684 = ADVANCED_FACE('',(#4685),#4698,.T.);
#4685 = FACE_BOUND('',#4686,.T.);
#4686 = EDGE_LOOP('',(#4687,#4721,#4744,#4771));
#4687 = ORIENTED_EDGE('',*,*,#4688,.T.);
#4688 = EDGE_CURVE('',#4689,#4689,#4691,.T.);
#4689 = VERTEX_POINT('',#4690);
#4690 = CARTESIAN_POINT('',(187.,0.,-5.5));
#4691 = SURFACE_CURVE('',#4692,(#4697,#4709),.PCURVE_S1.);
#4692 = CIRCLE('',#4693,187.);
#4693 = AXIS2_PLACEMENT_3D('',#4694,#4695,#4696);
#4694 = CARTESIAN_POINT('',(0.,0.,-5.5));
#4695 = DIRECTION('',(0.,0.,1.));
#4696 = DIRECTION('',(1.,0.,-0.));
#4697 = PCURVE('',#4698,#4703);
#4698 = CYLINDRICAL_SURFACE('',#4699,187.);
#4699 = AXIS2_PLACEMENT_3D('',#4700,#4701,#4702);
#4700 = CARTESIAN_POINT('',(0.,0.,-5.5));
#4701 = DIRECTION('',(-0.,-0.,-1.));
#4702 = DIRECTION('',(1.,0.,0.));
#4703 = DEFINITIONAL_REPRESENTATION('',(#4704),#4708);
#4704 = LINE('',#4705,#4706);
#4705 = CARTESIAN_POINT('',(6.28318530718,0.));
#4706 = VECTOR('',#4707,1.);
#4707 = DIRECTION('',(-1.,0.));
#4708 = ( GEOMETRIC_REPRESENTATION_CONTEXT(2) 
PARAMETRIC_REPRESENTATION_CONTEXT() REPRESENTATION_CONTEXT('2D SPACE',''
  ) );
#4709 = PCURVE('',#4710,#4715);
#4710 = PLANE('',#4711);
#4711 = AXIS2_PLACEMENT_3D('',#4712,#4713,#4714);
#4712 = CARTESIAN_POINT('',(-1.123202162343E-14,1.483041153217E-14,-5.5)
  );
#4713 = DIRECTION('',(0.,0.,1.));
#4714 = DIRECTION('',(1.,0.,-0.));
#4715 = DEFINITIONAL_REPRESENTATION('',(#4716),#4720);
#4716 = CIRCLE('',#4717,187.);
#4717 = AXIS2_PLACEMENT_2D('',#4718,#4719);
#4718 = CARTESIAN_POINT('',(1.123202162343E-14,-1.483041153217E-14));
#4719 = DIRECTION('',(1.,0.));
#4720 = ( GEOMETRIC_REPRESENTATION_CONTEXT(2) 
PARAMETRIC_REPRESENTATION_CONTEXT() REPRESENTATION_CONTEXT('2D SPACE',''
  ) );
#4721 = ORIENTED_EDGE('',*,*,#4722,.T.);
#4722 = EDGE_CURVE('',#4689,#4723,#4725,.T.);
#4723 = VERTEX_POINT('',#4724);
#4724 = CARTESIAN_POINT('',(187.,0.,5.5));
#4725 = SEAM_CURVE('',#4726,(#4730,#4737),.PCURVE_S1.);
#4726 = LINE('',#4727,#4728);
#4727 = CARTESIAN_POINT('',(187.,0.,-5.5));
#4728 = VECTOR('',#4729,1.);
#4729 = DIRECTION('',(0.,0.,1.));
#4730 = PCURVE('',#4698,#4731);
#4731 = DEFINITIONAL_REPRESENTATION('',(#4732),#4736);
#4732 = LINE('',#4733,#4734);
#4733 = CARTESIAN_POINT('',(-4.138911435803E-13,0.));
#4734 = VECTOR('',#4735,1.);
#4735 = DIRECTION('',(-0.,-1.));
#4736 = ( GEOMETRIC_REPRESENTATION_CONTEXT(2) 
PARAMETRIC_REPRESENTATION_CONTEXT() REPRESENTATION_CONTEXT('2D SPACE',''
  ) );
#4737 = PCURVE('',#4698,#4738);
#4738 = DEFINITIONAL_REPRESENTATION('',(#4739),#4743);
#4739 = LINE('',#4740,#4741);
#4740 = CARTESIAN_POINT('',(6.28318530718,0.));
#4741 = VECTOR('',#4742,1.);
#4742 = DIRECTION('',(-0.,-1.));
#4743 = ( GEOMETRIC_REPRESENTATION_CONTEXT(2) 
PARAMETRIC_REPRESENTATION_CONTEXT() REPRESENTATION_CONTEXT('2D SPACE',''
  ) );
#4744 = ORIENTED_EDGE('',*,*,#4745,.F.);
#4745 = EDGE_CURVE('',#4723,#4723,#4746,.T.);
#4746 = SURFACE_CURVE('',#4747,(#4752,#4759),.PCURVE_S1.);
#4747 = CIRCLE('',#4748,187.);
#4748 = AXIS2_PLACEMENT_3D('',#4749,#4750,#4751);
#4749 = CARTESIAN_POINT('',(0.,0.,5.5));
#4750 = DIRECTION('',(0.,0.,1.));
#4751 = DIRECTION('',(1.,0.,-0.));
#4752 = PCURVE('',#4698,#4753);
#4753 = DEFINITIONAL_REPRESENTATION('',(#4754),#4758);
#4754 = LINE('',#4755,#4756);
#4755 = CARTESIAN_POINT('',(6.28318530718,-11.));
#4756 = VECTOR('',#4757,1.);
#4757 = DIRECTION('',(-1.,0.));
#4758 = ( GEOMETRIC_REPRESENTATION_CONTEXT(2) 
PARAMETRIC_REPRESENTATION_CONTEXT() REPRESENTATION_CONTEXT('2D SPACE',''
  ) );
#4759 = PCURVE('',#4760,#4765);
#4760 = PLANE('',#4761);
#4761 = AXIS2_PLACEMENT_3D('',#4762,#4763,#4764);
#4762 = CARTESIAN_POINT('',(-1.123202162343E-14,1.483041153217E-14,5.5)
  );
#4763 = DIRECTION('',(0.,0.,1.));
#4764 = DIRECTION('',(1.,0.,-0.));
#4765 = DEFINITIONAL_REPRESENTATION('',(#4766),#4770);
#4766 = CIRCLE('',#4767,187.);
#4767 = AXIS2_PLACEMENT_2D('',#4768,#4769);
#4768 = CARTESIAN_POINT('',(1.123202162343E-14,-1.483041153217E-14));
#4769 = DIRECTION('',(1.,0.));
#4770 = ( GEOMETRIC_REPRESENTATION_CONTEXT(2) 
PARAMETRIC_REPRESENTATION_CONTEXT() REPRESENTATION_CONTEXT('2D SPACE',''
  ) );
#4771 = ORIENTED_EDGE('',*,*,#4722,.F.);
#4772 = ADVANCED_FACE('',(#4773,#4776,#4811,#4846,#4881,#4916,#4951,
    #4986,#5017,#5052),#4710,.F.);
#4773 = FACE_BOUND('',#4774,.F.);
#4774 = EDGE_LOOP('',(#4775));
#4775 = ORIENTED_EDGE('',*,*,#4688,.T.);
#4776 = FACE_BOUND('',#4777,.F.);
#4777 = EDGE_LOOP('',(#4778));
#4778 = ORIENTED_EDGE('',*,*,#4779,.T.);
#4779 = EDGE_CURVE('',#4780,#4780,#4782,.T.);
#4780 = VERTEX_POINT('',#4781);
#4781 = CARTESIAN_POINT('',(-61.58691723152,-160.7550386569,-5.5));
#4782 = SURFACE_CURVE('',#4783,(#4788,#4799),.PCURVE_S1.);
#4783 = CIRCLE('',#4784,5.);
#4784 = AXIS2_PLACEMENT_3D('',#4785,#4786,#4787);
#4785 = CARTESIAN_POINT('',(-66.58691723152,-160.7550386569,-5.5));
#4786 = DIRECTION('',(0.,0.,-1.));
#4787 = DIRECTION('',(1.,0.,0.));
#4788 = PCURVE('',#4710,#4789);
#4789 = DEFINITIONAL_REPRESENTATION('',(#4790),#4798);
#4790 = ( BOUNDED_CURVE() B_SPLINE_CURVE(2,(#4791,#4792,#4793,#4794,
#4795,#4796,#4797),.UNSPECIFIED.,.T.,.F.) B_SPLINE_CURVE_WITH_KNOTS((1,2
    ,2,2,2,1),(-2.094395102393,0.,2.094395102393,4.188790204786,
6.28318530718,8.377580409573),.UNSPECIFIED.) CURVE() 
GEOMETRIC_REPRESENTATION_ITEM() RATIONAL_B_SPLINE_CURVE((1.,0.5,1.,0.5,
1.,0.5,1.)) REPRESENTATION_ITEM('') );
#4791 = CARTESIAN_POINT('',(-61.58691723152,-160.7550386569));
#4792 = CARTESIAN_POINT('',(-61.58691723152,-169.4152926947));
#4793 = CARTESIAN_POINT('',(-69.08691723152,-165.0851656758));
#4794 = CARTESIAN_POINT('',(-76.58691723152,-160.7550386569));
#4795 = CARTESIAN_POINT('',(-69.08691723152,-156.4249116379));
#4796 = CARTESIAN_POINT('',(-61.58691723152,-152.094784619));
#4797 = CARTESIAN_POINT('',(-61.58691723152,-160.7550386569));
#4798 = ( GEOMETRIC_REPRESENTATION_CONTEXT(2) 
PARAMETRIC_REPRESENTATION_CONTEXT() REPRESENTATION_CONTEXT('2D SPACE',''
  ) );
#4799 = PCURVE('',#4800,#4805);
#4800 = CYLINDRICAL_SURFACE('',#4801,5.);
#4801 = AXIS2_PLACEMENT_3D('',#4802,#4803,#4804);
#4802 = CARTESIAN_POINT('',(-66.58691723152,-160.7550386569,-6.5));
#4803 = DIRECTION('',(-0.,-0.,-1.));
#4804 = DIRECTION('',(1.,0.,0.));
#4805 = DEFINITIONAL_REPRESENTATION('',(#4806),#4810);
#4806 = LINE('',#4807,#4808);
#4807 = CARTESIAN_POINT('',(-4.138911435803E-13,-1.));
#4808 = VECTOR('',#4809,1.);
#4809 = DIRECTION('',(1.,-0.));
#4810 = ( GEOMETRIC_REPRESENTATION_CONTEXT(2) 
PARAMETRIC_REPRESENTATION_CONTEXT() REPRESENTATION_CONTEXT('2D SPACE',''
  ) );
#4811 = FACE_BOUND('',#4812,.F.);
#4812 = EDGE_LOOP('',(#4813));
#4813 = ORIENTED_EDGE('',*,*,#4814,.T.);
#4814 = EDGE_CURVE('',#4815,#4815,#4817,.T.);
#4815 = VERTEX_POINT('',#4816);
#4816 = CARTESIAN_POINT('',(-155.7550386569,-66.58691723152,-5.5));
#4817 = SURFACE_CURVE('',#4818,(#4823,#4834),.PCURVE_S1.);
#4818 = CIRCLE('',#4819,5.);
#4819 = AXIS2_PLACEMENT_3D('',#4820,#4821,#4822);
#4820 = CARTESIAN_POINT('',(-160.7550386569,-66.58691723152,-5.5));
#4821 = DIRECTION('',(0.,0.,-1.));
#4822 = DIRECTION('',(1.,0.,0.));
#4823 = PCURVE('',#4710,#4824);
#4824 = DEFINITIONAL_REPRESENTATION('',(#4825),#4833);
#4825 = ( BOUNDED_CURVE() B_SPLINE_CURVE(2,(#4826,#4827,#4828,#4829,
#4830,#4831,#4832),.UNSPECIFIED.,.T.,.F.) B_SPLINE_CURVE_WITH_KNOTS((1,2
    ,2,2,2,1),(-2.094395102393,0.,2.094395102393,4.188790204786,
6.28318530718,8.377580409573),.UNSPECIFIED.) CURVE() 
GEOMETRIC_REPRESENTATION_ITEM() RATIONAL_B_SPLINE_CURVE((1.,0.5,1.,0.5,
1.,0.5,1.)) REPRESENTATION_ITEM('') );
#4826 = CARTESIAN_POINT('',(-155.7550386569,-66.58691723152));
#4827 = CARTESIAN_POINT('',(-155.7550386569,-75.24717126936));
#4828 = CARTESIAN_POINT('',(-163.2550386569,-70.91704425044));
#4829 = CARTESIAN_POINT('',(-170.7550386569,-66.58691723152));
#4830 = CARTESIAN_POINT('',(-163.2550386569,-62.25679021259));
#4831 = CARTESIAN_POINT('',(-155.7550386569,-57.92666319367));
#4832 = CARTESIAN_POINT('',(-155.7550386569,-66.58691723152));
#4833 = ( GEOMETRIC_REPRESENTATION_CONTEXT(2) 
PARAMETRIC_REPRESENTATION_CONTEXT() REPRESENTATION_CONTEXT('2D SPACE',''
  ) );
#4834 = PCURVE('',#4835,#4840);
#4835 = CYLINDRICAL_SURFACE('',#4836,5.);
#4836 = AXIS2_PLACEMENT_3D('',#4837,#4838,#4839);
#4837 = CARTESIAN_POINT('',(-160.7550386569,-66.58691723152,-6.5));
#4838 = DIRECTION('',(-0.,-0.,-1.));
#4839 = DIRECTION('',(1.,0.,0.));
#4840 = DEFINITIONAL_REPRESENTATION('',(#4841),#4845);
#4841 = LINE('',#4842,#4843);
#4842 = CARTESIAN_POINT('',(-4.138911435803E-13,-1.));
#4843 = VECTOR('',#4844,1.);
#4844 = DIRECTION('',(1.,-0.));
#4845 = ( GEOMETRIC_REPRESENTATION_CONTEXT(2) 
PARAMETRIC_REPRESENTATION_CONTEXT() REPRESENTATION_CONTEXT('2D SPACE',''
  ) );
#4846 = FACE_BOUND('',#4847,.F.);
#4847 = EDGE_LOOP('',(#4848));
#4848 = ORIENTED_EDGE('',*,*,#4849,.T.);
#4849 = EDGE_CURVE('',#4850,#4850,#4852,.T.);
#4850 = VERTEX_POINT('',#4851);
#4851 = CARTESIAN_POINT('',(71.586917231526,-160.7550386569,-5.5));
#4852 = SURFACE_CURVE('',#4853,(#4858,#4869),.PCURVE_S1.);
#4853 = CIRCLE('',#4854,5.);
#4854 = AXIS2_PLACEMENT_3D('',#4855,#4856,#4857);
#4855 = CARTESIAN_POINT('',(66.586917231526,-160.7550386569,-5.5));
#4856 = DIRECTION('',(0.,0.,-1.));
#4857 = DIRECTION('',(1.,0.,0.));
#4858 = PCURVE('',#4710,#4859);
#4859 = DEFINITIONAL_REPRESENTATION('',(#4860),#4868);
#4860 = ( BOUNDED_CURVE() B_SPLINE_CURVE(2,(#4861,#4862,#4863,#4864,
#4865,#4866,#4867),.UNSPECIFIED.,.T.,.F.) B_SPLINE_CURVE_WITH_KNOTS((1,2
    ,2,2,2,1),(-2.094395102393,0.,2.094395102393,4.188790204786,
6.28318530718,8.377580409573),.UNSPECIFIED.) CURVE() 
GEOMETRIC_REPRESENTATION_ITEM() RATIONAL_B_SPLINE_CURVE((1.,0.5,1.,0.5,
1.,0.5,1.)) REPRESENTATION_ITEM('') );
#4861 = CARTESIAN_POINT('',(71.586917231526,-160.7550386569));
#4862 = CARTESIAN_POINT('',(71.586917231526,-169.4152926947));
#4863 = CARTESIAN_POINT('',(64.086917231526,-165.0851656758));
#4864 = CARTESIAN_POINT('',(56.586917231526,-160.7550386569));
#4865 = CARTESIAN_POINT('',(64.086917231526,-156.4249116379));
#4866 = CARTESIAN_POINT('',(71.586917231526,-152.094784619));
#4867 = CARTESIAN_POINT('',(71.586917231526,-160.7550386569));
#4868 = ( GEOMETRIC_REPRESENTATION_CONTEXT(2) 
PARAMETRIC_REPRESENTATION_CONTEXT() REPRESENTATION_CONTEXT('2D SPACE',''
  ) );
#4869 = PCURVE('',#4870,#4875);
#4870 = CYLINDRICAL_SURFACE('',#4871,5.);
#4871 = AXIS2_PLACEMENT_3D('',#4872,#4873,#4874);
#4872 = CARTESIAN_POINT('',(66.586917231526,-160.7550386569,-6.5));
#4873 = DIRECTION('',(-0.,-0.,-1.));
#4874 = DIRECTION('',(1.,0.,0.));
#4875 = DEFINITIONAL_REPRESENTATION('',(#4876),#4880);
#4876 = LINE('',#4877,#4878);
#4877 = CARTESIAN_POINT('',(-4.138911435803E-13,-1.));
#4878 = VECTOR('',#4879,1.);
#4879 = DIRECTION('',(1.,-0.));
#4880 = ( GEOMETRIC_REPRESENTATION_CONTEXT(2) 
PARAMETRIC_REPRESENTATION_CONTEXT() REPRESENTATION_CONTEXT('2D SPACE',''
  ) );
#4881 = FACE_BOUND('',#4882,.F.);
#4882 = EDGE_LOOP('',(#4883));
#4883 = ORIENTED_EDGE('',*,*,#4884,.T.);
#4884 = EDGE_CURVE('',#4885,#4885,#4887,.T.);
#4885 = VERTEX_POINT('',#4886);
#4886 = CARTESIAN_POINT('',(165.75503865696,-66.58691723152,-5.5));
#4887 = SURFACE_CURVE('',#4888,(#4893,#4904),.PCURVE_S1.);
#4888 = CIRCLE('',#4889,5.);
#4889 = AXIS2_PLACEMENT_3D('',#4890,#4891,#4892);
#4890 = CARTESIAN_POINT('',(160.75503865696,-66.58691723152,-5.5));
#4891 = DIRECTION('',(0.,0.,-1.));
#4892 = DIRECTION('',(1.,0.,0.));
#4893 = PCURVE('',#4710,#4894);
#4894 = DEFINITIONAL_REPRESENTATION('',(#4895),#4903);
#4895 = ( BOUNDED_CURVE() B_SPLINE_CURVE(2,(#4896,#4897,#4898,#4899,
#4900,#4901,#4902),.UNSPECIFIED.,.T.,.F.) B_SPLINE_CURVE_WITH_KNOTS((1,2
    ,2,2,2,1),(-2.094395102393,0.,2.094395102393,4.188790204786,
6.28318530718,8.377580409573),.UNSPECIFIED.) CURVE() 
GEOMETRIC_REPRESENTATION_ITEM() RATIONAL_B_SPLINE_CURVE((1.,0.5,1.,0.5,
1.,0.5,1.)) REPRESENTATION_ITEM('') );
#4896 = CARTESIAN_POINT('',(165.75503865696,-66.58691723152));
#4897 = CARTESIAN_POINT('',(165.75503865696,-75.24717126936));
#4898 = CARTESIAN_POINT('',(158.25503865696,-70.91704425044));
#4899 = CARTESIAN_POINT('',(150.75503865696,-66.58691723152));
#4900 = CARTESIAN_POINT('',(158.25503865696,-62.25679021259));
#4901 = CARTESIAN_POINT('',(165.75503865696,-57.92666319367));
#4902 = CARTESIAN_POINT('',(165.75503865696,-66.58691723152));
#4903 = ( GEOMETRIC_REPRESENTATION_CONTEXT(2) 
PARAMETRIC_REPRESENTATION_CONTEXT() REPRESENTATION_CONTEXT('2D SPACE',''
  ) );
#4904 = PCURVE('',#4905,#4910);
#4905 = CYLINDRICAL_SURFACE('',#4906,5.);
#4906 = AXIS2_PLACEMENT_3D('',#4907,#4908,#4909);
#4907 = CARTESIAN_POINT('',(160.75503865696,-66.58691723152,-6.5));
#4908 = DIRECTION('',(-0.,-0.,-1.));
#4909 = DIRECTION('',(1.,0.,0.));
#4910 = DEFINITIONAL_REPRESENTATION('',(#4911),#4915);
#4911 = LINE('',#4912,#4913);
#4912 = CARTESIAN_POINT('',(-4.138911435803E-13,-1.));
#4913 = VECTOR('',#4914,1.);
#4914 = DIRECTION('',(1.,-0.));
#4915 = ( GEOMETRIC_REPRESENTATION_CONTEXT(2) 
PARAMETRIC_REPRESENTATION_CONTEXT() REPRESENTATION_CONTEXT('2D SPACE',''
  ) );
#4916 = FACE_BOUND('',#4917,.F.);
#4917 = EDGE_LOOP('',(#4918));
#4918 = ORIENTED_EDGE('',*,*,#4919,.T.);
#4919 = EDGE_CURVE('',#4920,#4920,#4922,.T.);
#4920 = VERTEX_POINT('',#4921);
#4921 = CARTESIAN_POINT('',(-155.7550386569,66.586917231526,-5.5));
#4922 = SURFACE_CURVE('',#4923,(#4928,#4939),.PCURVE_S1.);
#4923 = CIRCLE('',#4924,5.);
#4924 = AXIS2_PLACEMENT_3D('',#4925,#4926,#4927);
#4925 = CARTESIAN_POINT('',(-160.7550386569,66.586917231526,-5.5));
#4926 = DIRECTION('',(0.,0.,-1.));
#4927 = DIRECTION('',(1.,0.,0.));
#4928 = PCURVE('',#4710,#4929);
#4929 = DEFINITIONAL_REPRESENTATION('',(#4930),#4938);
#4930 = ( BOUNDED_CURVE() B_SPLINE_CURVE(2,(#4931,#4932,#4933,#4934,
#4935,#4936,#4937),.UNSPECIFIED.,.T.,.F.) B_SPLINE_CURVE_WITH_KNOTS((1,2
    ,2,2,2,1),(-2.094395102393,0.,2.094395102393,4.188790204786,
6.28318530718,8.377580409573),.UNSPECIFIED.) CURVE() 
GEOMETRIC_REPRESENTATION_ITEM() RATIONAL_B_SPLINE_CURVE((1.,0.5,1.,0.5,
1.,0.5,1.)) REPRESENTATION_ITEM('') );
#4931 = CARTESIAN_POINT('',(-155.7550386569,66.586917231526));
#4932 = CARTESIAN_POINT('',(-155.7550386569,57.926663193682));
#4933 = CARTESIAN_POINT('',(-163.2550386569,62.256790212604));
#4934 = CARTESIAN_POINT('',(-170.7550386569,66.586917231526));
#4935 = CARTESIAN_POINT('',(-163.2550386569,70.917044250448));
#4936 = CARTESIAN_POINT('',(-155.7550386569,75.24717126937));
#4937 = CARTESIAN_POINT('',(-155.7550386569,66.586917231526));
#4938 = ( GEOMETRIC_REPRESENTATION_CONTEXT(2) 
PARAMETRIC_REPRESENTATION_CONTEXT() REPRESENTATION_CONTEXT('2D SPACE',''
  ) );
#4939 = PCURVE('',#4940,#4945);
#4940 = CYLINDRICAL_SURFACE('',#4941,5.);
#4941 = AXIS2_PLACEMENT_3D('',#4942,#4943,#4944);
#4942 = CARTESIAN_POINT('',(-160.7550386569,66.586917231526,-6.5));
#4943 = DIRECTION('',(-0.,-0.,-1.));
#4944 = DIRECTION('',(1.,0.,0.));
#4945 = DEFINITIONAL_REPRESENTATION('',(#4946),#4950);
#4946 = LINE('',#4947,#4948);
#4947 = CARTESIAN_POINT('',(-4.138911435803E-13,-1.));
#4948 = VECTOR('',#4949,1.);
#4949 = DIRECTION('',(1.,-0.));
#4950 = ( GEOMETRIC_REPRESENTATION_CONTEXT(2) 
PARAMETRIC_REPRESENTATION_CONTEXT() REPRESENTATION_CONTEXT('2D SPACE',''
  ) );
#4951 = FACE_BOUND('',#4952,.F.);
#4952 = EDGE_LOOP('',(#4953));
#4953 = ORIENTED_EDGE('',*,*,#4954,.T.);
#4954 = EDGE_CURVE('',#4955,#4955,#4957,.T.);
#4955 = VERTEX_POINT('',#4956);
#4956 = CARTESIAN_POINT('',(-61.58691723152,160.75503865696,-5.5));
#4957 = SURFACE_CURVE('',#4958,(#4963,#4974),.PCURVE_S1.);
#4958 = CIRCLE('',#4959,5.);
#4959 = AXIS2_PLACEMENT_3D('',#4960,#4961,#4962);
#4960 = CARTESIAN_POINT('',(-66.58691723152,160.75503865696,-5.5));
#4961 = DIRECTION('',(0.,0.,-1.));
#4962 = DIRECTION('',(1.,0.,0.));
#4963 = PCURVE('',#4710,#4964);
#4964 = DEFINITIONAL_REPRESENTATION('',(#4965),#4973);
#4965 = ( BOUNDED_CURVE() B_SPLINE_CURVE(2,(#4966,#4967,#4968,#4969,
#4970,#4971,#4972),.UNSPECIFIED.,.T.,.F.) B_SPLINE_CURVE_WITH_KNOTS((1,2
    ,2,2,2,1),(-2.094395102393,0.,2.094395102393,4.188790204786,
6.28318530718,8.377580409573),.UNSPECIFIED.) CURVE() 
GEOMETRIC_REPRESENTATION_ITEM() RATIONAL_B_SPLINE_CURVE((1.,0.5,1.,0.5,
1.,0.5,1.)) REPRESENTATION_ITEM('') );
#4966 = CARTESIAN_POINT('',(-61.58691723152,160.75503865696));
#4967 = CARTESIAN_POINT('',(-61.58691723152,152.09478461911));
#4968 = CARTESIAN_POINT('',(-69.08691723152,156.42491163803));
#4969 = CARTESIAN_POINT('',(-76.58691723152,160.75503865696));
#4970 = CARTESIAN_POINT('',(-69.08691723152,165.08516567588));
#4971 = CARTESIAN_POINT('',(-61.58691723152,169.4152926948));
#4972 = CARTESIAN_POINT('',(-61.58691723152,160.75503865696));
#4973 = ( GEOMETRIC_REPRESENTATION_CONTEXT(2) 
PARAMETRIC_REPRESENTATION_CONTEXT() REPRESENTATION_CONTEXT('2D SPACE',''
  ) );
#4974 = PCURVE('',#4975,#4980);
#4975 = CYLINDRICAL_SURFACE('',#4976,5.);
#4976 = AXIS2_PLACEMENT_3D('',#4977,#4978,#4979);
#4977 = CARTESIAN_POINT('',(-66.58691723152,160.75503865696,-6.5));
#4978 = DIRECTION('',(-0.,-0.,-1.));
#4979 = DIRECTION('',(1.,0.,0.));
#4980 = DEFINITIONAL_REPRESENTATION('',(#4981),#4985);
#4981 = LINE('',#4982,#4983);
#4982 = CARTESIAN_POINT('',(-4.138911435803E-13,-1.));
#4983 = VECTOR('',#4984,1.);
#4984 = DIRECTION('',(1.,-0.));
#4985 = ( GEOMETRIC_REPRESENTATION_CONTEXT(2) 
PARAMETRIC_REPRESENTATION_CONTEXT() REPRESENTATION_CONTEXT('2D SPACE',''
  ) );
#4986 = FACE_BOUND('',#4987,.F.);
#4987 = EDGE_LOOP('',(#4988));
#4988 = ORIENTED_EDGE('',*,*,#4989,.F.);
#4989 = EDGE_CURVE('',#4990,#4990,#4992,.T.);
#4990 = VERTEX_POINT('',#4991);
#4991 = CARTESIAN_POINT('',(160.,2.431804015436E-15,-5.5));
#4992 = SURFACE_CURVE('',#4993,(#4998,#5005),.PCURVE_S1.);
#4993 = CIRCLE('',#4994,160.);
#4994 = AXIS2_PLACEMENT_3D('',#4995,#4996,#4997);
#4995 = CARTESIAN_POINT('',(8.949038776803E-13,2.431804015436E-15,-5.5)
  );
#4996 = DIRECTION('',(0.,0.,1.));
#4997 = DIRECTION('',(1.,0.,-0.));
#4998 = PCURVE('',#4710,#4999);
#4999 = DEFINITIONAL_REPRESENTATION('',(#5000),#5004);
#5000 = CIRCLE('',#5001,160.);
#5001 = AXIS2_PLACEMENT_2D('',#5002,#5003);
#5002 = CARTESIAN_POINT('',(9.061358993037E-13,-1.239860751673E-14));
#5003 = DIRECTION('',(1.,0.));
#5004 = ( GEOMETRIC_REPRESENTATION_CONTEXT(2) 
PARAMETRIC_REPRESENTATION_CONTEXT() REPRESENTATION_CONTEXT('2D SPACE',''
  ) );
#5005 = PCURVE('',#5006,#5011);
#5006 = CYLINDRICAL_SURFACE('',#5007,160.);
#5007 = AXIS2_PLACEMENT_3D('',#5008,#5009,#5010);
#5008 = CARTESIAN_POINT('',(8.949038776803E-13,2.431804015436E-15,-5.5)
  );
#5009 = DIRECTION('',(-0.,-0.,-1.));
#5010 = DIRECTION('',(1.,0.,0.));
#5011 = DEFINITIONAL_REPRESENTATION('',(#5012),#5016);
#5012 = LINE('',#5013,#5014);
#5013 = CARTESIAN_POINT('',(6.28318530718,0.));
#5014 = VECTOR('',#5015,1.);
#5015 = DIRECTION('',(-1.,0.));
#5016 = ( GEOMETRIC_REPRESENTATION_CONTEXT(2) 
PARAMETRIC_REPRESENTATION_CONTEXT() REPRESENTATION_CONTEXT('2D SPACE',''
  ) );
#5017 = FACE_BOUND('',#5018,.F.);
#5018 = EDGE_LOOP('',(#5019));
#5019 = ORIENTED_EDGE('',*,*,#5020,.T.);
#5020 = EDGE_CURVE('',#5021,#5021,#5023,.T.);
#5021 = VERTEX_POINT('',#5022);
#5022 = CARTESIAN_POINT('',(165.75503865696,66.586917231526,-5.5));
#5023 = SURFACE_CURVE('',#5024,(#5029,#5040),.PCURVE_S1.);
#5024 = CIRCLE('',#5025,5.);
#5025 = AXIS2_PLACEMENT_3D('',#5026,#5027,#5028);
#5026 = CARTESIAN_POINT('',(160.75503865696,66.586917231526,-5.5));
#5027 = DIRECTION('',(0.,0.,-1.));
#5028 = DIRECTION('',(1.,0.,0.));
#5029 = PCURVE('',#4710,#5030);
#5030 = DEFINITIONAL_REPRESENTATION('',(#5031),#5039);
#5031 = ( BOUNDED_CURVE() B_SPLINE_CURVE(2,(#5032,#5033,#5034,#5035,
#5036,#5037,#5038),.UNSPECIFIED.,.T.,.F.) B_SPLINE_CURVE_WITH_KNOTS((1,2
    ,2,2,2,1),(-2.094395102393,0.,2.094395102393,4.188790204786,
6.28318530718,8.377580409573),.UNSPECIFIED.) CURVE() 
GEOMETRIC_REPRESENTATION_ITEM() RATIONAL_B_SPLINE_CURVE((1.,0.5,1.,0.5,
1.,0.5,1.)) REPRESENTATION_ITEM('') );
#5032 = CARTESIAN_POINT('',(165.75503865696,66.586917231526));
#5033 = CARTESIAN_POINT('',(165.75503865696,57.926663193682));
#5034 = CARTESIAN_POINT('',(158.25503865696,62.256790212604));
#5035 = CARTESIAN_POINT('',(150.75503865696,66.586917231526));
#5036 = CARTESIAN_POINT('',(158.25503865696,70.917044250448));
#5037 = CARTESIAN_POINT('',(165.75503865696,75.24717126937));
#5038 = CARTESIAN_POINT('',(165.75503865696,66.586917231526));
#5039 = ( GEOMETRIC_REPRESENTATION_CONTEXT(2) 
PARAMETRIC_REPRESENTATION_CONTEXT() REPRESENTATION_CONTEXT('2D SPACE',''
  ) );
#5040 = PCURVE('',#5041,#5046);
#5041 = CYLINDRICAL_SURFACE('',#5042,5.);
#5042 = AXIS2_PLACEMENT_3D('',#5043,#5044,#5045);
#5043 = CARTESIAN_POINT('',(160.75503865696,66.586917231526,-6.5));
#5044 = DIRECTION('',(-0.,-0.,-1.));
#5045 = DIRECTION('',(1.,0.,0.));
#5046 = DEFINITIONAL_REPRESENTATION('',(#5047),#5051);
#5047 = LINE('',#5048,#5049);
#5048 = CARTESIAN_POINT('',(-4.138911435803E-13,-1.));
#5049 = VECTOR('',#5050,1.);
#5050 = DIRECTION('',(1.,-0.));
#5051 = ( GEOMETRIC_REPRESENTATION_CONTEXT(2) 
PARAMETRIC_REPRESENTATION_CONTEXT() REPRESENTATION_CONTEXT('2D SPACE',''
  ) );
#5052 = FACE_BOUND('',#5053,.F.);
#5053 = EDGE_LOOP('',(#5054));
#5054 = ORIENTED_EDGE('',*,*,#5055,.T.);
#5055 = EDGE_CURVE('',#5056,#5056,#5058,.T.);
#5056 = VERTEX_POINT('',#5057);
#5057 = CARTESIAN_POINT('',(71.586917231526,160.75503865696,-5.5));
#5058 = SURFACE_CURVE('',#5059,(#5064,#5075),.PCURVE_S1.);
#5059 = CIRCLE('',#5060,5.);
#5060 = AXIS2_PLACEMENT_3D('',#5061,#5062,#5063);
#5061 = CARTESIAN_POINT('',(66.586917231526,160.75503865696,-5.5));
#5062 = DIRECTION('',(0.,0.,-1.));
#5063 = DIRECTION('',(1.,0.,0.));
#5064 = PCURVE('',#4710,#5065);
#5065 = DEFINITIONAL_REPRESENTATION('',(#5066),#5074);
#5066 = ( BOUNDED_CURVE() B_SPLINE_CURVE(2,(#5067,#5068,#5069,#5070,
#5071,#5072,#5073),.UNSPECIFIED.,.T.,.F.) B_SPLINE_CURVE_WITH_KNOTS((1,2
    ,2,2,2,1),(-2.094395102393,0.,2.094395102393,4.188790204786,
6.28318530718,8.377580409573),.UNSPECIFIED.) CURVE() 
GEOMETRIC_REPRESENTATION_ITEM() RATIONAL_B_SPLINE_CURVE((1.,0.5,1.,0.5,
1.,0.5,1.)) REPRESENTATION_ITEM('') );
#5067 = CARTESIAN_POINT('',(71.586917231526,160.75503865696));
#5068 = CARTESIAN_POINT('',(71.586917231526,152.09478461911));
#5069 = CARTESIAN_POINT('',(64.086917231526,156.42491163803));
#5070 = CARTESIAN_POINT('',(56.586917231526,160.75503865696));
#5071 = CARTESIAN_POINT('',(64.086917231526,165.08516567588));
#5072 = CARTESIAN_POINT('',(71.586917231526,169.4152926948));
#5073 = CARTESIAN_POINT('',(71.586917231526,160.75503865696));
#5074 = ( GEOMETRIC_REPRESENTATION_CONTEXT(2) 
PARAMETRIC_REPRESENTATION_CONTEXT() REPRESENTATION_CONTEXT('2D SPACE',''
  ) );
#5075 = PCURVE('',#5076,#5081);
#5076 = CYLINDRICAL_SURFACE('',#5077,5.);
#5077 = AXIS2_PLACEMENT_3D('',#5078,#5079,#5080);
#5078 = CARTESIAN_POINT('',(66.586917231526,160.75503865696,-6.5));
#5079 = DIRECTION('',(-0.,-0.,-1.));
#5080 = DIRECTION('',(1.,0.,0.));
#5081 = DEFINITIONAL_REPRESENTATION('',(#5082),#5086);
#5082 = LINE('',#5083,#5084);
#5083 = CARTESIAN_POINT('',(-4.138911435803E-13,-1.));
#5084 = VECTOR('',#5085,1.);
#5085 = DIRECTION('',(1.,-0.));
#5086 = ( GEOMETRIC_REPRESENTATION_CONTEXT(2) 
PARAMETRIC_REPRESENTATION_CONTEXT() REPRESENTATION_CONTEXT('2D SPACE',''
  ) );
#5087 = ADVANCED_FACE('',(#5088,#5091,#5121,#5151,#5181,#5211,#5241,
    #5271,#5297,#5327),#4760,.T.);
#5088 = FACE_BOUND('',#5089,.T.);
#5089 = EDGE_LOOP('',(#5090));
#5090 = ORIENTED_EDGE('',*,*,#4745,.T.);
#5091 = FACE_BOUND('',#5092,.T.);
#5092 = EDGE_LOOP('',(#5093));
#5093 = ORIENTED_EDGE('',*,*,#5094,.T.);
#5094 = EDGE_CURVE('',#5095,#5095,#5097,.T.);
#5095 = VERTEX_POINT('',#5096);
#5096 = CARTESIAN_POINT('',(-61.58691723152,-160.7550386569,5.5));
#5097 = SURFACE_CURVE('',#5098,(#5103,#5114),.PCURVE_S1.);
#5098 = CIRCLE('',#5099,5.);
#5099 = AXIS2_PLACEMENT_3D('',#5100,#5101,#5102);
#5100 = CARTESIAN_POINT('',(-66.58691723152,-160.7550386569,5.5));
#5101 = DIRECTION('',(0.,0.,-1.));
#5102 = DIRECTION('',(1.,0.,0.));
#5103 = PCURVE('',#4760,#5104);
#5104 = DEFINITIONAL_REPRESENTATION('',(#5105),#5113);
#5105 = ( BOUNDED_CURVE() B_SPLINE_CURVE(2,(#5106,#5107,#5108,#5109,
#5110,#5111,#5112),.UNSPECIFIED.,.T.,.F.) B_SPLINE_CURVE_WITH_KNOTS((1,2
    ,2,2,2,1),(-2.094395102393,0.,2.094395102393,4.188790204786,
6.28318530718,8.377580409573),.UNSPECIFIED.) CURVE() 
GEOMETRIC_REPRESENTATION_ITEM() RATIONAL_B_SPLINE_CURVE((1.,0.5,1.,0.5,
1.,0.5,1.)) REPRESENTATION_ITEM('') );
#5106 = CARTESIAN_POINT('',(-61.58691723152,-160.7550386569));
#5107 = CARTESIAN_POINT('',(-61.58691723152,-169.4152926947));
#5108 = CARTESIAN_POINT('',(-69.08691723152,-165.0851656758));
#5109 = CARTESIAN_POINT('',(-76.58691723152,-160.7550386569));
#5110 = CARTESIAN_POINT('',(-69.08691723152,-156.4249116379));
#5111 = CARTESIAN_POINT('',(-61.58691723152,-152.094784619));
#5112 = CARTESIAN_POINT('',(-61.58691723152,-160.7550386569));
#5113 = ( GEOMETRIC_REPRESENTATION_CONTEXT(2) 
PARAMETRIC_REPRESENTATION_CONTEXT() REPRESENTATION_CONTEXT('2D SPACE',''
  ) );
#5114 = PCURVE('',#4800,#5115);
#5115 = DEFINITIONAL_REPRESENTATION('',(#5116),#5120);
#5116 = LINE('',#5117,#5118);
#5117 = CARTESIAN_POINT('',(-4.138911435803E-13,-12.));
#5118 = VECTOR('',#5119,1.);
#5119 = DIRECTION('',(1.,-0.));
#5120 = ( GEOMETRIC_REPRESENTATION_CONTEXT(2) 
PARAMETRIC_REPRESENTATION_CONTEXT() REPRESENTATION_CONTEXT('2D SPACE',''
  ) );
#5121 = FACE_BOUND('',#5122,.T.);
#5122 = EDGE_LOOP('',(#5123));
#5123 = ORIENTED_EDGE('',*,*,#5124,.T.);
#5124 = EDGE_CURVE('',#5125,#5125,#5127,.T.);
#5125 = VERTEX_POINT('',#5126);
#5126 = CARTESIAN_POINT('',(-155.7550386569,-66.58691723152,5.5));
#5127 = SURFACE_CURVE('',#5128,(#5133,#5144),.PCURVE_S1.);
#5128 = CIRCLE('',#5129,5.);
#5129 = AXIS2_PLACEMENT_3D('',#5130,#5131,#5132);
#5130 = CARTESIAN_POINT('',(-160.7550386569,-66.58691723152,5.5));
#5131 = DIRECTION('',(0.,0.,-1.));
#5132 = DIRECTION('',(1.,0.,0.));
#5133 = PCURVE('',#4760,#5134);
#5134 = DEFINITIONAL_REPRESENTATION('',(#5135),#5143);
#5135 = ( BOUNDED_CURVE() B_SPLINE_CURVE(2,(#5136,#5137,#5138,#5139,
#5140,#5141,#5142),.UNSPECIFIED.,.T.,.F.) B_SPLINE_CURVE_WITH_KNOTS((1,2
    ,2,2,2,1),(-2.094395102393,0.,2.094395102393,4.188790204786,
6.28318530718,8.377580409573),.UNSPECIFIED.) CURVE() 
GEOMETRIC_REPRESENTATION_ITEM() RATIONAL_B_SPLINE_CURVE((1.,0.5,1.,0.5,
1.,0.5,1.)) REPRESENTATION_ITEM('') );
#5136 = CARTESIAN_POINT('',(-155.7550386569,-66.58691723152));
#5137 = CARTESIAN_POINT('',(-155.7550386569,-75.24717126936));
#5138 = CARTESIAN_POINT('',(-163.2550386569,-70.91704425044));
#5139 = CARTESIAN_POINT('',(-170.7550386569,-66.58691723152));
#5140 = CARTESIAN_POINT('',(-163.2550386569,-62.25679021259));
#5141 = CARTESIAN_POINT('',(-155.7550386569,-57.92666319367));
#5142 = CARTESIAN_POINT('',(-155.7550386569,-66.58691723152));
#5143 = ( GEOMETRIC_REPRESENTATION_CONTEXT(2) 
PARAMETRIC_REPRESENTATION_CONTEXT() REPRESENTATION_CONTEXT('2D SPACE',''
  ) );
#5144 = PCURVE('',#4835,#5145);
#5145 = DEFINITIONAL_REPRESENTATION('',(#5146),#5150);
#5146 = LINE('',#5147,#5148);
#5147 = CARTESIAN_POINT('',(-4.138911435803E-13,-12.));
#5148 = VECTOR('',#5149,1.);
#5149 = DIRECTION('',(1.,-0.));
#5150 = ( GEOMETRIC_REPRESENTATION_CONTEXT(2) 
PARAMETRIC_REPRESENTATION_CONTEXT() REPRESENTATION_CONTEXT('2D SPACE',''
  ) );
#5151 = FACE_BOUND('',#5152,.T.);
#5152 = EDGE_LOOP('',(#5153));
#5153 = ORIENTED_EDGE('',*,*,#5154,.T.);
#5154 = EDGE_CURVE('',#5155,#5155,#5157,.T.);
#5155 = VERTEX_POINT('',#5156);
#5156 = CARTESIAN_POINT('',(71.586917231526,-160.7550386569,5.5));
#5157 = SURFACE_CURVE('',#5158,(#5163,#5174),.PCURVE_S1.);
#5158 = CIRCLE('',#5159,5.);
#5159 = AXIS2_PLACEMENT_3D('',#5160,#5161,#5162);
#5160 = CARTESIAN_POINT('',(66.586917231526,-160.7550386569,5.5));
#5161 = DIRECTION('',(0.,0.,-1.));
#5162 = DIRECTION('',(1.,0.,0.));
#5163 = PCURVE('',#4760,#5164);
#5164 = DEFINITIONAL_REPRESENTATION('',(#5165),#5173);
#5165 = ( BOUNDED_CURVE() B_SPLINE_CURVE(2,(#5166,#5167,#5168,#5169,
#5170,#5171,#5172),.UNSPECIFIED.,.T.,.F.) B_SPLINE_CURVE_WITH_KNOTS((1,2
    ,2,2,2,1),(-2.094395102393,0.,2.094395102393,4.188790204786,
6.28318530718,8.377580409573),.UNSPECIFIED.) CURVE() 
GEOMETRIC_REPRESENTATION_ITEM() RATIONAL_B_SPLINE_CURVE((1.,0.5,1.,0.5,
1.,0.5,1.)) REPRESENTATION_ITEM('') );
#5166 = CARTESIAN_POINT('',(71.586917231526,-160.7550386569));
#5167 = CARTESIAN_POINT('',(71.586917231526,-169.4152926947));
#5168 = CARTESIAN_POINT('',(64.086917231526,-165.0851656758));
#5169 = CARTESIAN_POINT('',(56.586917231526,-160.7550386569));
#5170 = CARTESIAN_POINT('',(64.086917231526,-156.4249116379));
#5171 = CARTESIAN_POINT('',(71.586917231526,-152.094784619));
#5172 = CARTESIAN_POINT('',(71.586917231526,-160.7550386569));
#5173 = ( GEOMETRIC_REPRESENTATION_CONTEXT(2) 
PARAMETRIC_REPRESENTATION_CONTEXT() REPRESENTATION_CONTEXT('2D SPACE',''
  ) );
#5174 = PCURVE('',#4870,#5175);
#5175 = DEFINITIONAL_REPRESENTATION('',(#5176),#5180);
#5176 = LINE('',#5177,#5178);
#5177 = CARTESIAN_POINT('',(-4.138911435803E-13,-12.));
#5178 = VECTOR('',#5179,1.);
#5179 = DIRECTION('',(1.,-0.));
#5180 = ( GEOMETRIC_REPRESENTATION_CONTEXT(2) 
PARAMETRIC_REPRESENTATION_CONTEXT() REPRESENTATION_CONTEXT('2D SPACE',''
  ) );
#5181 = FACE_BOUND('',#5182,.T.);
#5182 = EDGE_LOOP('',(#5183));
#5183 = ORIENTED_EDGE('',*,*,#5184,.T.);
#5184 = EDGE_CURVE('',#5185,#5185,#5187,.T.);
#5185 = VERTEX_POINT('',#5186);
#5186 = CARTESIAN_POINT('',(165.75503865696,-66.58691723152,5.5));
#5187 = SURFACE_CURVE('',#5188,(#5193,#5204),.PCURVE_S1.);
#5188 = CIRCLE('',#5189,5.);
#5189 = AXIS2_PLACEMENT_3D('',#5190,#5191,#5192);
#5190 = CARTESIAN_POINT('',(160.75503865696,-66.58691723152,5.5));
#5191 = DIRECTION('',(0.,0.,-1.));
#5192 = DIRECTION('',(1.,0.,0.));
#5193 = PCURVE('',#4760,#5194);
#5194 = DEFINITIONAL_REPRESENTATION('',(#5195),#5203);
#5195 = ( BOUNDED_CURVE() B_SPLINE_CURVE(2,(#5196,#5197,#5198,#5199,
#5200,#5201,#5202),.UNSPECIFIED.,.T.,.F.) B_SPLINE_CURVE_WITH_KNOTS((1,2
    ,2,2,2,1),(-2.094395102393,0.,2.094395102393,4.188790204786,
6.28318530718,8.377580409573),.UNSPECIFIED.) CURVE() 
GEOMETRIC_REPRESENTATION_ITEM() RATIONAL_B_SPLINE_CURVE((1.,0.5,1.,0.5,
1.,0.5,1.)) REPRESENTATION_ITEM('') );
#5196 = CARTESIAN_POINT('',(165.75503865696,-66.58691723152));
#5197 = CARTESIAN_POINT('',(165.75503865696,-75.24717126936));
#5198 = CARTESIAN_POINT('',(158.25503865696,-70.91704425044));
#5199 = CARTESIAN_POINT('',(150.75503865696,-66.58691723152));
#5200 = CARTESIAN_POINT('',(158.25503865696,-62.25679021259));
#5201 = CARTESIAN_POINT('',(165.75503865696,-57.92666319367));
#5202 = CARTESIAN_POINT('',(165.75503865696,-66.58691723152));
#5203 = ( GEOMETRIC_REPRESENTATION_CONTEXT(2) 
PARAMETRIC_REPRESENTATION_CONTEXT() REPRESENTATION_CONTEXT('2D SPACE',''
  ) );
#5204 = PCURVE('',#4905,#5205);
#5205 = DEFINITIONAL_REPRESENTATION('',(#5206),#5210);
#5206 = LINE('',#5207,#5208);
#5207 = CARTESIAN_POINT('',(-4.138911435803E-13,-12.));
#5208 = VECTOR('',#5209,1.);
#5209 = DIRECTION('',(1.,-0.));
#5210 = ( GEOMETRIC_REPRESENTATION_CONTEXT(2) 
PARAMETRIC_REPRESENTATION_CONTEXT() REPRESENTATION_CONTEXT('2D SPACE',''
  ) );
#5211 = FACE_BOUND('',#5212,.T.);
#5212 = EDGE_LOOP('',(#5213));
#5213 = ORIENTED_EDGE('',*,*,#5214,.T.);
#5214 = EDGE_CURVE('',#5215,#5215,#5217,.T.);
#5215 = VERTEX_POINT('',#5216);
#5216 = CARTESIAN_POINT('',(-155.7550386569,66.586917231526,5.5));
#5217 = SURFACE_CURVE('',#5218,(#5223,#5234),.PCURVE_S1.);
#5218 = CIRCLE('',#5219,5.);
#5219 = AXIS2_PLACEMENT_3D('',#5220,#5221,#5222);
#5220 = CARTESIAN_POINT('',(-160.7550386569,66.586917231526,5.5));
#5221 = DIRECTION('',(0.,0.,-1.));
#5222 = DIRECTION('',(1.,0.,0.));
#5223 = PCURVE('',#4760,#5224);
#5224 = DEFINITIONAL_REPRESENTATION('',(#5225),#5233);
#5225 = ( BOUNDED_CURVE() B_SPLINE_CURVE(2,(#5226,#5227,#5228,#5229,
#5230,#5231,#5232),.UNSPECIFIED.,.T.,.F.) B_SPLINE_CURVE_WITH_KNOTS((1,2
    ,2,2,2,1),(-2.094395102393,0.,2.094395102393,4.188790204786,
6.28318530718,8.377580409573),.UNSPECIFIED.) CURVE() 
GEOMETRIC_REPRESENTATION_ITEM() RATIONAL_B_SPLINE_CURVE((1.,0.5,1.,0.5,
1.,0.5,1.)) REPRESENTATION_ITEM('') );
#5226 = CARTESIAN_POINT('',(-155.7550386569,66.586917231526));
#5227 = CARTESIAN_POINT('',(-155.7550386569,57.926663193682));
#5228 = CARTESIAN_POINT('',(-163.2550386569,62.256790212604));
#5229 = CARTESIAN_POINT('',(-170.7550386569,66.586917231526));
#5230 = CARTESIAN_POINT('',(-163.2550386569,70.917044250448));
#5231 = CARTESIAN_POINT('',(-155.7550386569,75.24717126937));
#5232 = CARTESIAN_POINT('',(-155.7550386569,66.586917231526));
#5233 = ( GEOMETRIC_REPRESENTATION_CONTEXT(2) 
PARAMETRIC_REPRESENTATION_CONTEXT() REPRESENTATION_CONTEXT('2D SPACE',''
  ) );
#5234 = PCURVE('',#4940,#5235);
#5235 = DEFINITIONAL_REPRESENTATION('',(#5236),#5240);
#5236 = LINE('',#5237,#5238);
#5237 = CARTESIAN_POINT('',(-4.138911435803E-13,-12.));
#5238 = VECTOR('',#5239,1.);
#5239 = DIRECTION('',(1.,-0.));
#5240 = ( GEOMETRIC_REPRESENTATION_CONTEXT(2) 
PARAMETRIC_REPRESENTATION_CONTEXT() REPRESENTATION_CONTEXT('2D SPACE',''
  ) );
#5241 = FACE_BOUND('',#5242,.T.);
#5242 = EDGE_LOOP('',(#5243));
#5243 = ORIENTED_EDGE('',*,*,#5244,.T.);
#5244 = EDGE_CURVE('',#5245,#5245,#5247,.T.);
#5245 = VERTEX_POINT('',#5246);
#5246 = CARTESIAN_POINT('',(-61.58691723152,160.75503865696,5.5));
#5247 = SURFACE_CURVE('',#5248,(#5253,#5264),.PCURVE_S1.);
#5248 = CIRCLE('',#5249,5.);
#5249 = AXIS2_PLACEMENT_3D('',#5250,#5251,#5252);
#5250 = CARTESIAN_POINT('',(-66.58691723152,160.75503865696,5.5));
#5251 = DIRECTION('',(0.,0.,-1.));
#5252 = DIRECTION('',(1.,0.,0.));
#5253 = PCURVE('',#4760,#5254);
#5254 = DEFINITIONAL_REPRESENTATION('',(#5255),#5263);
#5255 = ( BOUNDED_CURVE() B_SPLINE_CURVE(2,(#5256,#5257,#5258,#5259,
#5260,#5261,#5262),.UNSPECIFIED.,.T.,.F.) B_SPLINE_CURVE_WITH_KNOTS((1,2
    ,2,2,2,1),(-2.094395102393,0.,2.094395102393,4.188790204786,
6.28318530718,8.377580409573),.UNSPECIFIED.) CURVE() 
GEOMETRIC_REPRESENTATION_ITEM() RATIONAL_B_SPLINE_CURVE((1.,0.5,1.,0.5,
1.,0.5,1.)) REPRESENTATION_ITEM('') );
#5256 = CARTESIAN_POINT('',(-61.58691723152,160.75503865696));
#5257 = CARTESIAN_POINT('',(-61.58691723152,152.09478461911));
#5258 = CARTESIAN_POINT('',(-69.08691723152,156.42491163803));
#5259 = CARTESIAN_POINT('',(-76.58691723152,160.75503865696));
#5260 = CARTESIAN_POINT('',(-69.08691723152,165.08516567588));
#5261 = CARTESIAN_POINT('',(-61.58691723152,169.4152926948));
#5262 = CARTESIAN_POINT('',(-61.58691723152,160.75503865696));
#5263 = ( GEOMETRIC_REPRESENTATION_CONTEXT(2) 
PARAMETRIC_REPRESENTATION_CONTEXT() REPRESENTATION_CONTEXT('2D SPACE',''
  ) );
#5264 = PCURVE('',#4975,#5265);
#5265 = DEFINITIONAL_REPRESENTATION('',(#5266),#5270);
#5266 = LINE('',#5267,#5268);
#5267 = CARTESIAN_POINT('',(-4.138911435803E-13,-12.));
#5268 = VECTOR('',#5269,1.);
#5269 = DIRECTION('',(1.,-0.));
#5270 = ( GEOMETRIC_REPRESENTATION_CONTEXT(2) 
PARAMETRIC_REPRESENTATION_CONTEXT() REPRESENTATION_CONTEXT('2D SPACE',''
  ) );
#5271 = FACE_BOUND('',#5272,.T.);
#5272 = EDGE_LOOP('',(#5273));
#5273 = ORIENTED_EDGE('',*,*,#5274,.F.);
#5274 = EDGE_CURVE('',#5275,#5275,#5277,.T.);
#5275 = VERTEX_POINT('',#5276);
#5276 = CARTESIAN_POINT('',(160.,2.431804015436E-15,5.5));
#5277 = SURFACE_CURVE('',#5278,(#5283,#5290),.PCURVE_S1.);
#5278 = CIRCLE('',#5279,160.);
#5279 = AXIS2_PLACEMENT_3D('',#5280,#5281,#5282);
#5280 = CARTESIAN_POINT('',(8.949038776803E-13,2.431804015436E-15,5.5));
#5281 = DIRECTION('',(0.,0.,1.));
#5282 = DIRECTION('',(1.,0.,-0.));
#5283 = PCURVE('',#4760,#5284);
#5284 = DEFINITIONAL_REPRESENTATION('',(#5285),#5289);
#5285 = CIRCLE('',#5286,160.);
#5286 = AXIS2_PLACEMENT_2D('',#5287,#5288);
#5287 = CARTESIAN_POINT('',(9.061358993037E-13,-1.239860751673E-14));
#5288 = DIRECTION('',(1.,0.));
#5289 = ( GEOMETRIC_REPRESENTATION_CONTEXT(2) 
PARAMETRIC_REPRESENTATION_CONTEXT() REPRESENTATION_CONTEXT('2D SPACE',''
  ) );
#5290 = PCURVE('',#5006,#5291);
#5291 = DEFINITIONAL_REPRESENTATION('',(#5292),#5296);
#5292 = LINE('',#5293,#5294);
#5293 = CARTESIAN_POINT('',(6.28318530718,-11.));
#5294 = VECTOR('',#5295,1.);
#5295 = DIRECTION('',(-1.,0.));
#5296 = ( GEOMETRIC_REPRESENTATION_CONTEXT(2) 
PARAMETRIC_REPRESENTATION_CONTEXT() REPRESENTATION_CONTEXT('2D SPACE',''
  ) );
#5297 = FACE_BOUND('',#5298,.T.);
#5298 = EDGE_LOOP('',(#5299));
#5299 = ORIENTED_EDGE('',*,*,#5300,.T.);
#5300 = EDGE_CURVE('',#5301,#5301,#5303,.T.);
#5301 = VERTEX_POINT('',#5302);
#5302 = CARTESIAN_POINT('',(165.75503865696,66.586917231526,5.5));
#5303 = SURFACE_CURVE('',#5304,(#5309,#5320),.PCURVE_S1.);
#5304 = CIRCLE('',#5305,5.);
#5305 = AXIS2_PLACEMENT_3D('',#5306,#5307,#5308);
#5306 = CARTESIAN_POINT('',(160.75503865696,66.586917231526,5.5));
#5307 = DIRECTION('',(0.,0.,-1.));
#5308 = DIRECTION('',(1.,0.,0.));
#5309 = PCURVE('',#4760,#5310);
#5310 = DEFINITIONAL_REPRESENTATION('',(#5311),#5319);
#5311 = ( BOUNDED_CURVE() B_SPLINE_CURVE(2,(#5312,#5313,#5314,#5315,
#5316,#5317,#5318),.UNSPECIFIED.,.T.,.F.) B_SPLINE_CURVE_WITH_KNOTS((1,2
    ,2,2,2,1),(-2.094395102393,0.,2.094395102393,4.188790204786,
6.28318530718,8.377580409573),.UNSPECIFIED.) CURVE() 
GEOMETRIC_REPRESENTATION_ITEM() RATIONAL_B_SPLINE_CURVE((1.,0.5,1.,0.5,
1.,0.5,1.)) REPRESENTATION_ITEM('') );
#5312 = CARTESIAN_POINT('',(165.75503865696,66.586917231526));
#5313 = CARTESIAN_POINT('',(165.75503865696,57.926663193682));
#5314 = CARTESIAN_POINT('',(158.25503865696,62.256790212604));
#5315 = CARTESIAN_POINT('',(150.75503865696,66.586917231526));
#5316 = CARTESIAN_POINT('',(158.25503865696,70.917044250448));
#5317 = CARTESIAN_POINT('',(165.75503865696,75.24717126937));
#5318 = CARTESIAN_POINT('',(165.75503865696,66.586917231526));
#5319 = ( GEOMETRIC_REPRESENTATION_CONTEXT(2) 
PARAMETRIC_REPRESENTATION_CONTEXT() REPRESENTATION_CONTEXT('2D SPACE',''
  ) );
#5320 = PCURVE('',#5041,#5321);
#5321 = DEFINITIONAL_REPRESENTATION('',(#5322),#5326);
#5322 = LINE('',#5323,#5324);
#5323 = CARTESIAN_POINT('',(-4.138911435803E-13,-12.));
#5324 = VECTOR('',#5325,1.);
#5325 = DIRECTION('',(1.,-0.));
#5326 = ( GEOMETRIC_REPRESENTATION_CONTEXT(2) 
PARAMETRIC_REPRESENTATION_CONTEXT() REPRESENTATION_CONTEXT('2D SPACE',''
  ) );
#5327 = FACE_BOUND('',#5328,.T.);
#5328 = EDGE_LOOP('',(#5329));
#5329 = ORIENTED_EDGE('',*,*,#5330,.T.);
#5330 = EDGE_CURVE('',#5331,#5331,#5333,.T.);
#5331 = VERTEX_POINT('',#5332);
#5332 = CARTESIAN_POINT('',(71.586917231526,160.75503865696,5.5));
#5333 = SURFACE_CURVE('',#5334,(#5339,#5350),.PCURVE_S1.);
#5334 = CIRCLE('',#5335,5.);
#5335 = AXIS2_PLACEMENT_3D('',#5336,#5337,#5338);
#5336 = CARTESIAN_POINT('',(66.586917231526,160.75503865696,5.5));
#5337 = DIRECTION('',(0.,0.,-1.));
#5338 = DIRECTION('',(1.,0.,0.));
#5339 = PCURVE('',#4760,#5340);
#5340 = DEFINITIONAL_REPRESENTATION('',(#5341),#5349);
#5341 = ( BOUNDED_CURVE() B_SPLINE_CURVE(2,(#5342,#5343,#5344,#5345,
#5346,#5347,#5348),.UNSPECIFIED.,.T.,.F.) B_SPLINE_CURVE_WITH_KNOTS((1,2
    ,2,2,2,1),(-2.094395102393,0.,2.094395102393,4.188790204786,
6.28318530718,8.377580409573),.UNSPECIFIED.) CURVE() 
GEOMETRIC_REPRESENTATION_ITEM() RATIONAL_B_SPLINE_CURVE((1.,0.5,1.,0.5,
1.,0.5,1.)) REPRESENTATION_ITEM('') );
#5342 = CARTESIAN_POINT('',(71.586917231526,160.75503865696));
#5343 = CARTESIAN_POINT('',(71.586917231526,152.09478461911));
#5344 = CARTESIAN_POINT('',(64.086917231526,156.42491163803));
#5345 = CARTESIAN_POINT('',(56.586917231526,160.75503865696));
#5346 = CARTESIAN_POINT('',(64.086917231526,165.08516567588));
#5347 = CARTESIAN_POINT('',(71.586917231526,169.4152926948));
#5348 = CARTESIAN_POINT('',(71.586917231526,160.75503865696));
#5349 = ( GEOMETRIC_REPRESENTATION_CONTEXT(2) 
PARAMETRIC_REPRESENTATION_CONTEXT() REPRESENTATION_CONTEXT('2D SPACE',''
  ) );
#5350 = PCURVE('',#5076,#5351);
#5351 = DEFINITIONAL_REPRESENTATION('',(#5352),#5356);
#5352 = LINE('',#5353,#5354);
#5353 = CARTESIAN_POINT('',(-4.138911435803E-13,-12.));
#5354 = VECTOR('',#5355,1.);
#5355 = DIRECTION('',(1.,-0.));
#5356 = ( GEOMETRIC_REPRESENTATION_CONTEXT(2) 
PARAMETRIC_REPRESENTATION_CONTEXT() REPRESENTATION_CONTEXT('2D SPACE',''
  ) );
#5357 = ADVANCED_FACE('',(#5358),#4800,.F.);
#5358 = FACE_BOUND('',#5359,.F.);
#5359 = EDGE_LOOP('',(#5360,#5381,#5382,#5383));
#5360 = ORIENTED_EDGE('',*,*,#5361,.T.);
#5361 = EDGE_CURVE('',#4780,#5095,#5362,.T.);
#5362 = SEAM_CURVE('',#5363,(#5367,#5374),.PCURVE_S1.);
#5363 = LINE('',#5364,#5365);
#5364 = CARTESIAN_POINT('',(-61.58691723152,-160.7550386569,-6.5));
#5365 = VECTOR('',#5366,1.);
#5366 = DIRECTION('',(0.,0.,1.));
#5367 = PCURVE('',#4800,#5368);
#5368 = DEFINITIONAL_REPRESENTATION('',(#5369),#5373);
#5369 = LINE('',#5370,#5371);
#5370 = CARTESIAN_POINT('',(-4.138911435803E-13,0.));
#5371 = VECTOR('',#5372,1.);
#5372 = DIRECTION('',(-0.,-1.));
#5373 = ( GEOMETRIC_REPRESENTATION_CONTEXT(2) 
PARAMETRIC_REPRESENTATION_CONTEXT() REPRESENTATION_CONTEXT('2D SPACE',''
  ) );
#5374 = PCURVE('',#4800,#5375);
#5375 = DEFINITIONAL_REPRESENTATION('',(#5376),#5380);
#5376 = LINE('',#5377,#5378);
#5377 = CARTESIAN_POINT('',(6.28318530718,0.));
#5378 = VECTOR('',#5379,1.);
#5379 = DIRECTION('',(-0.,-1.));
#5380 = ( GEOMETRIC_REPRESENTATION_CONTEXT(2) 
PARAMETRIC_REPRESENTATION_CONTEXT() REPRESENTATION_CONTEXT('2D SPACE',''
  ) );
#5381 = ORIENTED_EDGE('',*,*,#5094,.T.);
#5382 = ORIENTED_EDGE('',*,*,#5361,.F.);
#5383 = ORIENTED_EDGE('',*,*,#4779,.F.);
#5384 = ADVANCED_FACE('',(#5385),#4835,.F.);
#5385 = FACE_BOUND('',#5386,.F.);
#5386 = EDGE_LOOP('',(#5387,#5408,#5409,#5410));
#5387 = ORIENTED_EDGE('',*,*,#5388,.T.);
#5388 = EDGE_CURVE('',#4815,#5125,#5389,.T.);
#5389 = SEAM_CURVE('',#5390,(#5394,#5401),.PCURVE_S1.);
#5390 = LINE('',#5391,#5392);
#5391 = CARTESIAN_POINT('',(-155.7550386569,-66.58691723152,-6.5));
#5392 = VECTOR('',#5393,1.);
#5393 = DIRECTION('',(0.,0.,1.));
#5394 = PCURVE('',#4835,#5395);
#5395 = DEFINITIONAL_REPRESENTATION('',(#5396),#5400);
#5396 = LINE('',#5397,#5398);
#5397 = CARTESIAN_POINT('',(-4.138911435803E-13,0.));
#5398 = VECTOR('',#5399,1.);
#5399 = DIRECTION('',(-0.,-1.));
#5400 = ( GEOMETRIC_REPRESENTATION_CONTEXT(2) 
PARAMETRIC_REPRESENTATION_CONTEXT() REPRESENTATION_CONTEXT('2D SPACE',''
  ) );
#5401 = PCURVE('',#4835,#5402);
#5402 = DEFINITIONAL_REPRESENTATION('',(#5403),#5407);
#5403 = LINE('',#5404,#5405);
#5404 = CARTESIAN_POINT('',(6.28318530718,0.));
#5405 = VECTOR('',#5406,1.);
#5406 = DIRECTION('',(-0.,-1.));
#5407 = ( GEOMETRIC_REPRESENTATION_CONTEXT(2) 
PARAMETRIC_REPRESENTATION_CONTEXT() REPRESENTATION_CONTEXT('2D SPACE',''
  ) );
#5408 = ORIENTED_EDGE('',*,*,#5124,.T.);
#5409 = ORIENTED_EDGE('',*,*,#5388,.F.);
#5410 = ORIENTED_EDGE('',*,*,#4814,.F.);
#5411 = ADVANCED_FACE('',(#5412),#4870,.F.);
#5412 = FACE_BOUND('',#5413,.F.);
#5413 = EDGE_LOOP('',(#5414,#5435,#5436,#5437));
#5414 = ORIENTED_EDGE('',*,*,#5415,.T.);
#5415 = EDGE_CURVE('',#4850,#5155,#5416,.T.);
#5416 = SEAM_CURVE('',#5417,(#5421,#5428),.PCURVE_S1.);
#5417 = LINE('',#5418,#5419);
#5418 = CARTESIAN_POINT('',(71.586917231526,-160.7550386569,-6.5));
#5419 = VECTOR('',#5420,1.);
#5420 = DIRECTION('',(0.,0.,1.));
#5421 = PCURVE('',#4870,#5422);
#5422 = DEFINITIONAL_REPRESENTATION('',(#5423),#5427);
#5423 = LINE('',#5424,#5425);
#5424 = CARTESIAN_POINT('',(-4.138911435803E-13,0.));
#5425 = VECTOR('',#5426,1.);
#5426 = DIRECTION('',(-0.,-1.));
#5427 = ( GEOMETRIC_REPRESENTATION_CONTEXT(2) 
PARAMETRIC_REPRESENTATION_CONTEXT() REPRESENTATION_CONTEXT('2D SPACE',''
  ) );
#5428 = PCURVE('',#4870,#5429);
#5429 = DEFINITIONAL_REPRESENTATION('',(#5430),#5434);
#5430 = LINE('',#5431,#5432);
#5431 = CARTESIAN_POINT('',(6.28318530718,0.));
#5432 = VECTOR('',#5433,1.);
#5433 = DIRECTION('',(-0.,-1.));
#5434 = ( GEOMETRIC_REPRESENTATION_CONTEXT(2) 
PARAMETRIC_REPRESENTATION_CONTEXT() REPRESENTATION_CONTEXT('2D SPACE',''
  ) );
#5435 = ORIENTED_EDGE('',*,*,#5154,.T.);
#5436 = ORIENTED_EDGE('',*,*,#5415,.F.);
#5437 = ORIENTED_EDGE('',*,*,#4849,.F.);
#5438 = ADVANCED_FACE('',(#5439),#4905,.F.);
#5439 = FACE_BOUND('',#5440,.F.);
#5440 = EDGE_LOOP('',(#5441,#5462,#5463,#5464));
#5441 = ORIENTED_EDGE('',*,*,#5442,.T.);
#5442 = EDGE_CURVE('',#4885,#5185,#5443,.T.);
#5443 = SEAM_CURVE('',#5444,(#5448,#5455),.PCURVE_S1.);
#5444 = LINE('',#5445,#5446);
#5445 = CARTESIAN_POINT('',(165.75503865696,-66.58691723152,-6.5));
#5446 = VECTOR('',#5447,1.);
#5447 = DIRECTION('',(0.,0.,1.));
#5448 = PCURVE('',#4905,#5449);
#5449 = DEFINITIONAL_REPRESENTATION('',(#5450),#5454);
#5450 = LINE('',#5451,#5452);
#5451 = CARTESIAN_POINT('',(-4.138911435803E-13,0.));
#5452 = VECTOR('',#5453,1.);
#5453 = DIRECTION('',(-0.,-1.));
#5454 = ( GEOMETRIC_REPRESENTATION_CONTEXT(2) 
PARAMETRIC_REPRESENTATION_CONTEXT() REPRESENTATION_CONTEXT('2D SPACE',''
  ) );
#5455 = PCURVE('',#4905,#5456);
#5456 = DEFINITIONAL_REPRESENTATION('',(#5457),#5461);
#5457 = LINE('',#5458,#5459);
#5458 = CARTESIAN_POINT('',(6.28318530718,0.));
#5459 = VECTOR('',#5460,1.);
#5460 = DIRECTION('',(-0.,-1.));
#5461 = ( GEOMETRIC_REPRESENTATION_CONTEXT(2) 
PARAMETRIC_REPRESENTATION_CONTEXT() REPRESENTATION_CONTEXT('2D SPACE',''
  ) );
#5462 = ORIENTED_EDGE('',*,*,#5184,.T.);
#5463 = ORIENTED_EDGE('',*,*,#5442,.F.);
#5464 = ORIENTED_EDGE('',*,*,#4884,.F.);
#5465 = ADVANCED_FACE('',(#5466),#4940,.F.);
#5466 = FACE_BOUND('',#5467,.F.);
#5467 = EDGE_LOOP('',(#5468,#5489,#5490,#5491));
#5468 = ORIENTED_EDGE('',*,*,#5469,.T.);
#5469 = EDGE_CURVE('',#4920,#5215,#5470,.T.);
#5470 = SEAM_CURVE('',#5471,(#5475,#5482),.PCURVE_S1.);
#5471 = LINE('',#5472,#5473);
#5472 = CARTESIAN_POINT('',(-155.7550386569,66.586917231526,-6.5));
#5473 = VECTOR('',#5474,1.);
#5474 = DIRECTION('',(0.,0.,1.));
#5475 = PCURVE('',#4940,#5476);
#5476 = DEFINITIONAL_REPRESENTATION('',(#5477),#5481);
#5477 = LINE('',#5478,#5479);
#5478 = CARTESIAN_POINT('',(-4.138911435803E-13,0.));
#5479 = VECTOR('',#5480,1.);
#5480 = DIRECTION('',(-0.,-1.));
#5481 = ( GEOMETRIC_REPRESENTATION_CONTEXT(2) 
PARAMETRIC_REPRESENTATION_CONTEXT() REPRESENTATION_CONTEXT('2D SPACE',''
  ) );
#5482 = PCURVE('',#4940,#5483);
#5483 = DEFINITIONAL_REPRESENTATION('',(#5484),#5488);
#5484 = LINE('',#5485,#5486);
#5485 = CARTESIAN_POINT('',(6.28318530718,0.));
#5486 = VECTOR('',#5487,1.);
#5487 = DIRECTION('',(-0.,-1.));
#5488 = ( GEOMETRIC_REPRESENTATION_CONTEXT(2) 
PARAMETRIC_REPRESENTATION_CONTEXT() REPRESENTATION_CONTEXT('2D SPACE',''
  ) );
#5489 = ORIENTED_EDGE('',*,*,#5214,.T.);
#5490 = ORIENTED_EDGE('',*,*,#5469,.F.);
#5491 = ORIENTED_EDGE('',*,*,#4919,.F.);
#5492 = ADVANCED_FACE('',(#5493),#4975,.F.);
#5493 = FACE_BOUND('',#5494,.F.);
#5494 = EDGE_LOOP('',(#5495,#5516,#5517,#5518));
#5495 = ORIENTED_EDGE('',*,*,#5496,.T.);
#5496 = EDGE_CURVE('',#4955,#5245,#5497,.T.);
#5497 = SEAM_CURVE('',#5498,(#5502,#5509),.PCURVE_S1.);
#5498 = LINE('',#5499,#5500);
#5499 = CARTESIAN_POINT('',(-61.58691723152,160.75503865696,-6.5));
#5500 = VECTOR('',#5501,1.);
#5501 = DIRECTION('',(0.,0.,1.));
#5502 = PCURVE('',#4975,#5503);
#5503 = DEFINITIONAL_REPRESENTATION('',(#5504),#5508);
#5504 = LINE('',#5505,#5506);
#5505 = CARTESIAN_POINT('',(-4.138911435803E-13,0.));
#5506 = VECTOR('',#5507,1.);
#5507 = DIRECTION('',(-0.,-1.));
#5508 = ( GEOMETRIC_REPRESENTATION_CONTEXT(2) 
PARAMETRIC_REPRESENTATION_CONTEXT() REPRESENTATION_CONTEXT('2D SPACE',''
  ) );
#5509 = PCURVE('',#4975,#5510);
#5510 = DEFINITIONAL_REPRESENTATION('',(#5511),#5515);
#5511 = LINE('',#5512,#5513);
#5512 = CARTESIAN_POINT('',(6.28318530718,0.));
#5513 = VECTOR('',#5514,1.);
#5514 = DIRECTION('',(-0.,-1.));
#5515 = ( GEOMETRIC_REPRESENTATION_CONTEXT(2) 
PARAMETRIC_REPRESENTATION_CONTEXT() REPRESENTATION_CONTEXT('2D SPACE',''
  ) );
#5516 = ORIENTED_EDGE('',*,*,#5244,.T.);
#5517 = ORIENTED_EDGE('',*,*,#5496,.F.);
#5518 = ORIENTED_EDGE('',*,*,#4954,.F.);
#5519 = ADVANCED_FACE('',(#5520),#5006,.F.);
#5520 = FACE_BOUND('',#5521,.F.);
#5521 = EDGE_LOOP('',(#5522,#5523,#5544,#5545));
#5522 = ORIENTED_EDGE('',*,*,#4989,.T.);
#5523 = ORIENTED_EDGE('',*,*,#5524,.T.);
#5524 = EDGE_CURVE('',#4990,#5275,#5525,.T.);
#5525 = SEAM_CURVE('',#5526,(#5530,#5537),.PCURVE_S1.);
#5526 = LINE('',#5527,#5528);
#5527 = CARTESIAN_POINT('',(160.,2.431804015436E-15,-5.5));
#5528 = VECTOR('',#5529,1.);
#5529 = DIRECTION('',(0.,0.,1.));
#5530 = PCURVE('',#5006,#5531);
#5531 = DEFINITIONAL_REPRESENTATION('',(#5532),#5536);
#5532 = LINE('',#5533,#5534);
#5533 = CARTESIAN_POINT('',(-4.138911435803E-13,0.));
#5534 = VECTOR('',#5535,1.);
#5535 = DIRECTION('',(-0.,-1.));
#5536 = ( GEOMETRIC_REPRESENTATION_CONTEXT(2) 
PARAMETRIC_REPRESENTATION_CONTEXT() REPRESENTATION_CONTEXT('2D SPACE',''
  ) );
#5537 = PCURVE('',#5006,#5538);
#5538 = DEFINITIONAL_REPRESENTATION('',(#5539),#5543);
#5539 = LINE('',#5540,#5541);
#5540 = CARTESIAN_POINT('',(6.28318530718,0.));
#5541 = VECTOR('',#5542,1.);
#5542 = DIRECTION('',(-0.,-1.));
#5543 = ( GEOMETRIC_REPRESENTATION_CONTEXT(2) 
PARAMETRIC_REPRESENTATION_CONTEXT() REPRESENTATION_CONTEXT('2D SPACE',''
  ) );
#5544 = ORIENTED_EDGE('',*,*,#5274,.F.);
#5545 = ORIENTED_EDGE('',*,*,#5524,.F.);
#5546 = ADVANCED_FACE('',(#5547),#5041,.F.);
#5547 = FACE_BOUND('',#5548,.F.);
#5548 = EDGE_LOOP('',(#5549,#5570,#5571,#5572));
#5549 = ORIENTED_EDGE('',*,*,#5550,.T.);
#5550 = EDGE_CURVE('',#5021,#5301,#5551,.T.);
#5551 = SEAM_CURVE('',#5552,(#5556,#5563),.PCURVE_S1.);
#5552 = LINE('',#5553,#5554);
#5553 = CARTESIAN_POINT('',(165.75503865696,66.586917231526,-6.5));
#5554 = VECTOR('',#5555,1.);
#5555 = DIRECTION('',(0.,0.,1.));
#5556 = PCURVE('',#5041,#5557);
#5557 = DEFINITIONAL_REPRESENTATION('',(#5558),#5562);
#5558 = LINE('',#5559,#5560);
#5559 = CARTESIAN_POINT('',(-4.138911435803E-13,0.));
#5560 = VECTOR('',#5561,1.);
#5561 = DIRECTION('',(-0.,-1.));
#5562 = ( GEOMETRIC_REPRESENTATION_CONTEXT(2) 
PARAMETRIC_REPRESENTATION_CONTEXT() REPRESENTATION_CONTEXT('2D SPACE',''
  ) );
#5563 = PCURVE('',#5041,#5564);
#5564 = DEFINITIONAL_REPRESENTATION('',(#5565),#5569);
#5565 = LINE('',#5566,#5567);
#5566 = CARTESIAN_POINT('',(6.28318530718,0.));
#5567 = VECTOR('',#5568,1.);
#5568 = DIRECTION('',(-0.,-1.));
#5569 = ( GEOMETRIC_REPRESENTATION_CONTEXT(2) 
PARAMETRIC_REPRESENTATION_CONTEXT() REPRESENTATION_CONTEXT('2D SPACE',''
  ) );
#5570 = ORIENTED_EDGE('',*,*,#5300,.T.);
#5571 = ORIENTED_EDGE('',*,*,#5550,.F.);
#5572 = ORIENTED_EDGE('',*,*,#5020,.F.);
#5573 = ADVANCED_FACE('',(#5574),#5076,.F.);
#5574 = FACE_BOUND('',#5575,.F.);
#5575 = EDGE_LOOP('',(#5576,#5597,#5598,#5599));
#5576 = ORIENTED_EDGE('',*,*,#5577,.T.);
#5577 = EDGE_CURVE('',#5056,#5331,#5578,.T.);
#5578 = SEAM_CURVE('',#5579,(#5583,#5590),.PCURVE_S1.);
#5579 = LINE('',#5580,#5581);
#5580 = CARTESIAN_POINT('',(71.586917231526,160.75503865696,-6.5));
#5581 = VECTOR('',#5582,1.);
#5582 = DIRECTION('',(0.,0.,1.));
#5583 = PCURVE('',#5076,#5584);
#5584 = DEFINITIONAL_REPRESENTATION('',(#5585),#5589);
#5585 = LINE('',#5586,#5587);
#5586 = CARTESIAN_POINT('',(-4.138911435803E-13,0.));
#5587 = VECTOR('',#5588,1.);
#5588 = DIRECTION('',(-0.,-1.));
#5589 = ( GEOMETRIC_REPRESENTATION_CONTEXT(2) 
PARAMETRIC_REPRESENTATION_CONTEXT() REPRESENTATION_CONTEXT('2D SPACE',''
  ) );
#5590 = PCURVE('',#5076,#5591);
#5591 = DEFINITIONAL_REPRESENTATION('',(#5592),#5596);
#5592 = LINE('',#5593,#5594);
#5593 = CARTESIAN_POINT('',(6.28318530718,0.));
#5594 = VECTOR('',#5595,1.);
#5595 = DIRECTION('',(-0.,-1.));
#5596 = ( GEOMETRIC_REPRESENTATION_CONTEXT(2) 
PARAMETRIC_REPRESENTATION_CONTEXT() REPRESENTATION_CONTEXT('2D SPACE',''
  ) );
#5597 = ORIENTED_EDGE('',*,*,#5330,.T.);
#5598 = ORIENTED_EDGE('',*,*,#5577,.F.);
#5599 = ORIENTED_EDGE('',*,*,#5055,.F.);
#5600 = ( GEOMETRIC_REPRESENTATION_CONTEXT(3) 
GLOBAL_UNCERTAINTY_ASSIGNED_CONTEXT((#5604)) 
GLOBAL_UNIT_ASSIGNED_CONTEXT((#5601,#5602,#5603)) REPRESENTATION_CONTEXT
('Context #1','3D Context with UNIT and UNCERTAINTY') );
#5601 = ( LENGTH_UNIT() NAMED_UNIT(*) SI_UNIT(.MILLI.,.METRE.) );
#5602 = ( NAMED_UNIT(*) PLANE_ANGLE_UNIT() SI_UNIT($,.RADIAN.) );
#5603 = ( NAMED_UNIT(*) SI_UNIT($,.STERADIAN.) SOLID_ANGLE_UNIT() );
#5604 = UNCERTAINTY_MEASURE_WITH_UNIT(LENGTH_MEASURE(1.E-07),#5601,
  'distance_accuracy_value','confusion accuracy');
#5605 = CONTEXT_DEPENDENT_SHAPE_REPRESENTATION(#5606,#5608);
#5606 = ( REPRESENTATION_RELATIONSHIP('','',#4681,#10) 
REPRESENTATION_RELATIONSHIP_WITH_TRANSFORMATION(#5607) 
SHAPE_REPRESENTATION_RELATIONSHIP() );
#5607 = ITEM_DEFINED_TRANSFORMATION('','',#11,#35);
#5608 = PRODUCT_DEFINITION_SHAPE('Placement','Placement of an item',
  #5609);
#5609 = NEXT_ASSEMBLY_USAGE_OCCURRENCE('6','05_az_drive_ring','',#5,
  #4676,$);
#5610 = PRODUCT_RELATED_PRODUCT_CATEGORY('part',$,(#4678));
#5611 = SHAPE_DEFINITION_REPRESENTATION(#5612,#5618);
#5612 = PRODUCT_DEFINITION_SHAPE('','',#5613);
#5613 = PRODUCT_DEFINITION('design','',#5614,#5617);
#5614 = PRODUCT_DEFINITION_FORMATION('','',#5615);
#5615 = PRODUCT('06_az_rotating_turntable','06_az_rotating_turntable',''
  ,(#5616));
#5616 = PRODUCT_CONTEXT('',#2,'mechanical');
#5617 = PRODUCT_DEFINITION_CONTEXT('part definition',#2,'design');
#5618 = ADVANCED_BREP_SHAPE_REPRESENTATION('',(#11,#5619),#7465);
#5619 = MANIFOLD_SOLID_BREP('',#5620);
#5620 = CLOSED_SHELL('',(#5621,#5709,#6378,#6952,#6979,#7006,#7033,#7060
    ,#7087,#7114,#7141,#7168,#7195,#7222,#7249,#7276,#7303,#7330,#7357,
    #7384,#7411,#7438));
#5621 = ADVANCED_FACE('',(#5622),#5635,.T.);
#5622 = FACE_BOUND('',#5623,.T.);
#5623 = EDGE_LOOP('',(#5624,#5658,#5681,#5708));
#5624 = ORIENTED_EDGE('',*,*,#5625,.T.);
#5625 = EDGE_CURVE('',#5626,#5626,#5628,.T.);
#5626 = VERTEX_POINT('',#5627);
#5627 = CARTESIAN_POINT('',(192.,0.,-7.5));
#5628 = SURFACE_CURVE('',#5629,(#5634,#5646),.PCURVE_S1.);
#5629 = CIRCLE('',#5630,192.);
#5630 = AXIS2_PLACEMENT_3D('',#5631,#5632,#5633);
#5631 = CARTESIAN_POINT('',(0.,0.,-7.5));
#5632 = DIRECTION('',(0.,0.,1.));
#5633 = DIRECTION('',(1.,0.,-0.));
#5634 = PCURVE('',#5635,#5640);
#5635 = CYLINDRICAL_SURFACE('',#5636,192.);
#5636 = AXIS2_PLACEMENT_3D('',#5637,#5638,#5639);
#5637 = CARTESIAN_POINT('',(0.,0.,-7.5));
#5638 = DIRECTION('',(-0.,-0.,-1.));
#5639 = DIRECTION('',(1.,0.,0.));
#5640 = DEFINITIONAL_REPRESENTATION('',(#5641),#5645);
#5641 = LINE('',#5642,#5643);
#5642 = CARTESIAN_POINT('',(6.28318530718,0.));
#5643 = VECTOR('',#5644,1.);
#5644 = DIRECTION('',(-1.,0.));
#5645 = ( GEOMETRIC_REPRESENTATION_CONTEXT(2) 
PARAMETRIC_REPRESENTATION_CONTEXT() REPRESENTATION_CONTEXT('2D SPACE',''
  ) );
#5646 = PCURVE('',#5647,#5652);
#5647 = PLANE('',#5648);
#5648 = AXIS2_PLACEMENT_3D('',#5649,#5650,#5651);
#5649 = CARTESIAN_POINT('',(-1.093952106032E-14,-5.447254743328E-16,-7.5
    ));
#5650 = DIRECTION('',(0.,0.,1.));
#5651 = DIRECTION('',(1.,0.,-0.));
#5652 = DEFINITIONAL_REPRESENTATION('',(#5653),#5657);
#5653 = CIRCLE('',#5654,192.);
#5654 = AXIS2_PLACEMENT_2D('',#5655,#5656);
#5655 = CARTESIAN_POINT('',(1.093952106032E-14,5.447254743328E-16));
#5656 = DIRECTION('',(1.,0.));
#5657 = ( GEOMETRIC_REPRESENTATION_CONTEXT(2) 
PARAMETRIC_REPRESENTATION_CONTEXT() REPRESENTATION_CONTEXT('2D SPACE',''
  ) );
#5658 = ORIENTED_EDGE('',*,*,#5659,.T.);
#5659 = EDGE_CURVE('',#5626,#5660,#5662,.T.);
#5660 = VERTEX_POINT('',#5661);
#5661 = CARTESIAN_POINT('',(192.,0.,7.5));
#5662 = SEAM_CURVE('',#5663,(#5667,#5674),.PCURVE_S1.);
#5663 = LINE('',#5664,#5665);
#5664 = CARTESIAN_POINT('',(192.,0.,-7.5));
#5665 = VECTOR('',#5666,1.);
#5666 = DIRECTION('',(0.,0.,1.));
#5667 = PCURVE('',#5635,#5668);
#5668 = DEFINITIONAL_REPRESENTATION('',(#5669),#5673);
#5669 = LINE('',#5670,#5671);
#5670 = CARTESIAN_POINT('',(-4.138911435803E-13,0.));
#5671 = VECTOR('',#5672,1.);
#5672 = DIRECTION('',(-0.,-1.));
#5673 = ( GEOMETRIC_REPRESENTATION_CONTEXT(2) 
PARAMETRIC_REPRESENTATION_CONTEXT() REPRESENTATION_CONTEXT('2D SPACE',''
  ) );
#5674 = PCURVE('',#5635,#5675);
#5675 = DEFINITIONAL_REPRESENTATION('',(#5676),#5680);
#5676 = LINE('',#5677,#5678);
#5677 = CARTESIAN_POINT('',(6.28318530718,0.));
#5678 = VECTOR('',#5679,1.);
#5679 = DIRECTION('',(-0.,-1.));
#5680 = ( GEOMETRIC_REPRESENTATION_CONTEXT(2) 
PARAMETRIC_REPRESENTATION_CONTEXT() REPRESENTATION_CONTEXT('2D SPACE',''
  ) );
#5681 = ORIENTED_EDGE('',*,*,#5682,.F.);
#5682 = EDGE_CURVE('',#5660,#5660,#5683,.T.);
#5683 = SURFACE_CURVE('',#5684,(#5689,#5696),.PCURVE_S1.);
#5684 = CIRCLE('',#5685,192.);
#5685 = AXIS2_PLACEMENT_3D('',#5686,#5687,#5688);
#5686 = CARTESIAN_POINT('',(0.,0.,7.5));
#5687 = DIRECTION('',(0.,0.,1.));
#5688 = DIRECTION('',(1.,0.,-0.));
#5689 = PCURVE('',#5635,#5690);
#5690 = DEFINITIONAL_REPRESENTATION('',(#5691),#5695);
#5691 = LINE('',#5692,#5693);
#5692 = CARTESIAN_POINT('',(6.28318530718,-15.));
#5693 = VECTOR('',#5694,1.);
#5694 = DIRECTION('',(-1.,0.));
#5695 = ( GEOMETRIC_REPRESENTATION_CONTEXT(2) 
PARAMETRIC_REPRESENTATION_CONTEXT() REPRESENTATION_CONTEXT('2D SPACE',''
  ) );
#5696 = PCURVE('',#5697,#5702);
#5697 = PLANE('',#5698);
#5698 = AXIS2_PLACEMENT_3D('',#5699,#5700,#5701);
#5699 = CARTESIAN_POINT('',(-1.093952106032E-14,-5.447254743328E-16,7.5)
  );
#5700 = DIRECTION('',(0.,0.,1.));
#5701 = DIRECTION('',(1.,0.,-0.));
#5702 = DEFINITIONAL_REPRESENTATION('',(#5703),#5707);
#5703 = CIRCLE('',#5704,192.);
#5704 = AXIS2_PLACEMENT_2D('',#5705,#5706);
#5705 = CARTESIAN_POINT('',(1.093952106032E-14,5.447254743328E-16));
#5706 = DIRECTION('',(1.,0.));
#5707 = ( GEOMETRIC_REPRESENTATION_CONTEXT(2) 
PARAMETRIC_REPRESENTATION_CONTEXT() REPRESENTATION_CONTEXT('2D SPACE',''
  ) );
#5708 = ORIENTED_EDGE('',*,*,#5659,.F.);
#5709 = ADVANCED_FACE('',(#5710,#5713,#5748,#5783,#5818,#5853,#5888,
    #5923,#5958,#5993,#6028,#6063,#6098,#6133,#6168,#6203,#6238,#6273,
    #6308,#6343),#5647,.F.);
#5710 = FACE_BOUND('',#5711,.F.);
#5711 = EDGE_LOOP('',(#5712));
#5712 = ORIENTED_EDGE('',*,*,#5625,.T.);
#5713 = FACE_BOUND('',#5714,.F.);
#5714 = EDGE_LOOP('',(#5715));
#5715 = ORIENTED_EDGE('',*,*,#5716,.T.);
#5716 = EDGE_CURVE('',#5717,#5717,#5719,.T.);
#5717 = VERTEX_POINT('',#5718);
#5718 = CARTESIAN_POINT('',(-125.5,-90.,-7.5));
#5719 = SURFACE_CURVE('',#5720,(#5725,#5736),.PCURVE_S1.);
#5720 = CIRCLE('',#5721,4.5);
#5721 = AXIS2_PLACEMENT_3D('',#5722,#5723,#5724);
#5722 = CARTESIAN_POINT('',(-130.,-90.,-7.5));
#5723 = DIRECTION('',(0.,0.,-1.));
#5724 = DIRECTION('',(1.,0.,0.));
#5725 = PCURVE('',#5647,#5726);
#5726 = DEFINITIONAL_REPRESENTATION('',(#5727),#5735);
#5727 = ( BOUNDED_CURVE() B_SPLINE_CURVE(2,(#5728,#5729,#5730,#5731,
#5732,#5733,#5734),.UNSPECIFIED.,.T.,.F.) B_SPLINE_CURVE_WITH_KNOTS((1,2
    ,2,2,2,1),(-2.094395102393,0.,2.094395102393,4.188790204786,
6.28318530718,8.377580409573),.UNSPECIFIED.) CURVE() 
GEOMETRIC_REPRESENTATION_ITEM() RATIONAL_B_SPLINE_CURVE((1.,0.5,1.,0.5,
1.,0.5,1.)) REPRESENTATION_ITEM('') );
#5728 = CARTESIAN_POINT('',(-125.5,-90.));
#5729 = CARTESIAN_POINT('',(-125.5,-97.79422863406));
#5730 = CARTESIAN_POINT('',(-132.25,-93.89711431703));
#5731 = CARTESIAN_POINT('',(-139.,-90.));
#5732 = CARTESIAN_POINT('',(-132.25,-86.10288568297));
#5733 = CARTESIAN_POINT('',(-125.5,-82.20577136594));
#5734 = CARTESIAN_POINT('',(-125.5,-90.));
#5735 = ( GEOMETRIC_REPRESENTATION_CONTEXT(2) 
PARAMETRIC_REPRESENTATION_CONTEXT() REPRESENTATION_CONTEXT('2D SPACE',''
  ) );
#5736 = PCURVE('',#5737,#5742);
#5737 = CYLINDRICAL_SURFACE('',#5738,4.5);
#5738 = AXIS2_PLACEMENT_3D('',#5739,#5740,#5741);
#5739 = CARTESIAN_POINT('',(-130.,-90.,-8.5));
#5740 = DIRECTION('',(-0.,-0.,-1.));
#5741 = DIRECTION('',(1.,0.,0.));
#5742 = DEFINITIONAL_REPRESENTATION('',(#5743),#5747);
#5743 = LINE('',#5744,#5745);
#5744 = CARTESIAN_POINT('',(-4.138911435803E-13,-1.));
#5745 = VECTOR('',#5746,1.);
#5746 = DIRECTION('',(1.,-0.));
#5747 = ( GEOMETRIC_REPRESENTATION_CONTEXT(2) 
PARAMETRIC_REPRESENTATION_CONTEXT() REPRESENTATION_CONTEXT('2D SPACE',''
  ) );
#5748 = FACE_BOUND('',#5749,.F.);
#5749 = EDGE_LOOP('',(#5750));
#5750 = ORIENTED_EDGE('',*,*,#5751,.T.);
#5751 = EDGE_CURVE('',#5752,#5752,#5754,.T.);
#5752 = VERTEX_POINT('',#5753);
#5753 = CARTESIAN_POINT('',(-61.58691723152,-160.7550386569,-7.5));
#5754 = SURFACE_CURVE('',#5755,(#5760,#5771),.PCURVE_S1.);
#5755 = CIRCLE('',#5756,5.);
#5756 = AXIS2_PLACEMENT_3D('',#5757,#5758,#5759);
#5757 = CARTESIAN_POINT('',(-66.58691723152,-160.7550386569,-7.5));
#5758 = DIRECTION('',(0.,0.,-1.));
#5759 = DIRECTION('',(1.,0.,0.));
#5760 = PCURVE('',#5647,#5761);
#5761 = DEFINITIONAL_REPRESENTATION('',(#5762),#5770);
#5762 = ( BOUNDED_CURVE() B_SPLINE_CURVE(2,(#5763,#5764,#5765,#5766,
#5767,#5768,#5769),.UNSPECIFIED.,.T.,.F.) B_SPLINE_CURVE_WITH_KNOTS((1,2
    ,2,2,2,1),(-2.094395102393,0.,2.094395102393,4.188790204786,
6.28318530718,8.377580409573),.UNSPECIFIED.) CURVE() 
GEOMETRIC_REPRESENTATION_ITEM() RATIONAL_B_SPLINE_CURVE((1.,0.5,1.,0.5,
1.,0.5,1.)) REPRESENTATION_ITEM('') );
#5763 = CARTESIAN_POINT('',(-61.58691723152,-160.7550386569));
#5764 = CARTESIAN_POINT('',(-61.58691723152,-169.4152926947));
#5765 = CARTESIAN_POINT('',(-69.08691723152,-165.0851656758));
#5766 = CARTESIAN_POINT('',(-76.58691723152,-160.7550386569));
#5767 = CARTESIAN_POINT('',(-69.08691723152,-156.4249116379));
#5768 = CARTESIAN_POINT('',(-61.58691723152,-152.094784619));
#5769 = CARTESIAN_POINT('',(-61.58691723152,-160.7550386569));
#5770 = ( GEOMETRIC_REPRESENTATION_CONTEXT(2) 
PARAMETRIC_REPRESENTATION_CONTEXT() REPRESENTATION_CONTEXT('2D SPACE',''
  ) );
#5771 = PCURVE('',#5772,#5777);
#5772 = CYLINDRICAL_SURFACE('',#5773,5.);
#5773 = AXIS2_PLACEMENT_3D('',#5774,#5775,#5776);
#5774 = CARTESIAN_POINT('',(-66.58691723152,-160.7550386569,-8.5));
#5775 = DIRECTION('',(-0.,-0.,-1.));
#5776 = DIRECTION('',(1.,0.,0.));
#5777 = DEFINITIONAL_REPRESENTATION('',(#5778),#5782);
#5778 = LINE('',#5779,#5780);
#5779 = CARTESIAN_POINT('',(-4.138911435803E-13,-1.));
#5780 = VECTOR('',#5781,1.);
#5781 = DIRECTION('',(1.,-0.));
#5782 = ( GEOMETRIC_REPRESENTATION_CONTEXT(2) 
PARAMETRIC_REPRESENTATION_CONTEXT() REPRESENTATION_CONTEXT('2D SPACE',''
  ) );
#5783 = FACE_BOUND('',#5784,.F.);
#5784 = EDGE_LOOP('',(#5785));
#5785 = ORIENTED_EDGE('',*,*,#5786,.T.);
#5786 = EDGE_CURVE('',#5787,#5787,#5789,.T.);
#5787 = VERTEX_POINT('',#5788);
#5788 = CARTESIAN_POINT('',(-155.7550386569,-66.58691723152,-7.5));
#5789 = SURFACE_CURVE('',#5790,(#5795,#5806),.PCURVE_S1.);
#5790 = CIRCLE('',#5791,5.);
#5791 = AXIS2_PLACEMENT_3D('',#5792,#5793,#5794);
#5792 = CARTESIAN_POINT('',(-160.7550386569,-66.58691723152,-7.5));
#5793 = DIRECTION('',(0.,0.,-1.));
#5794 = DIRECTION('',(1.,0.,0.));
#5795 = PCURVE('',#5647,#5796);
#5796 = DEFINITIONAL_REPRESENTATION('',(#5797),#5805);
#5797 = ( BOUNDED_CURVE() B_SPLINE_CURVE(2,(#5798,#5799,#5800,#5801,
#5802,#5803,#5804),.UNSPECIFIED.,.T.,.F.) B_SPLINE_CURVE_WITH_KNOTS((1,2
    ,2,2,2,1),(-2.094395102393,0.,2.094395102393,4.188790204786,
6.28318530718,8.377580409573),.UNSPECIFIED.) CURVE() 
GEOMETRIC_REPRESENTATION_ITEM() RATIONAL_B_SPLINE_CURVE((1.,0.5,1.,0.5,
1.,0.5,1.)) REPRESENTATION_ITEM('') );
#5798 = CARTESIAN_POINT('',(-155.7550386569,-66.58691723152));
#5799 = CARTESIAN_POINT('',(-155.7550386569,-75.24717126936));
#5800 = CARTESIAN_POINT('',(-163.2550386569,-70.91704425044));
#5801 = CARTESIAN_POINT('',(-170.7550386569,-66.58691723152));
#5802 = CARTESIAN_POINT('',(-163.2550386569,-62.25679021259));
#5803 = CARTESIAN_POINT('',(-155.7550386569,-57.92666319367));
#5804 = CARTESIAN_POINT('',(-155.7550386569,-66.58691723152));
#5805 = ( GEOMETRIC_REPRESENTATION_CONTEXT(2) 
PARAMETRIC_REPRESENTATION_CONTEXT() REPRESENTATION_CONTEXT('2D SPACE',''
  ) );
#5806 = PCURVE('',#5807,#5812);
#5807 = CYLINDRICAL_SURFACE('',#5808,5.);
#5808 = AXIS2_PLACEMENT_3D('',#5809,#5810,#5811);
#5809 = CARTESIAN_POINT('',(-160.7550386569,-66.58691723152,-8.5));
#5810 = DIRECTION('',(-0.,-0.,-1.));
#5811 = DIRECTION('',(1.,0.,0.));
#5812 = DEFINITIONAL_REPRESENTATION('',(#5813),#5817);
#5813 = LINE('',#5814,#5815);
#5814 = CARTESIAN_POINT('',(-4.138911435803E-13,-1.));
#5815 = VECTOR('',#5816,1.);
#5816 = DIRECTION('',(1.,-0.));
#5817 = ( GEOMETRIC_REPRESENTATION_CONTEXT(2) 
PARAMETRIC_REPRESENTATION_CONTEXT() REPRESENTATION_CONTEXT('2D SPACE',''
  ) );
#5818 = FACE_BOUND('',#5819,.F.);
#5819 = EDGE_LOOP('',(#5820));
#5820 = ORIENTED_EDGE('',*,*,#5821,.T.);
#5821 = EDGE_CURVE('',#5822,#5822,#5824,.T.);
#5822 = VERTEX_POINT('',#5823);
#5823 = CARTESIAN_POINT('',(-26.,-51.96152422706,-7.5));
#5824 = SURFACE_CURVE('',#5825,(#5830,#5841),.PCURVE_S1.);
#5825 = CIRCLE('',#5826,4.);
#5826 = AXIS2_PLACEMENT_3D('',#5827,#5828,#5829);
#5827 = CARTESIAN_POINT('',(-30.,-51.96152422706,-7.5));
#5828 = DIRECTION('',(0.,0.,-1.));
#5829 = DIRECTION('',(1.,0.,0.));
#5830 = PCURVE('',#5647,#5831);
#5831 = DEFINITIONAL_REPRESENTATION('',(#5832),#5840);
#5832 = ( BOUNDED_CURVE() B_SPLINE_CURVE(2,(#5833,#5834,#5835,#5836,
#5837,#5838,#5839),.UNSPECIFIED.,.T.,.F.) B_SPLINE_CURVE_WITH_KNOTS((1,2
    ,2,2,2,1),(-2.094395102393,0.,2.094395102393,4.188790204786,
6.28318530718,8.377580409573),.UNSPECIFIED.) CURVE() 
GEOMETRIC_REPRESENTATION_ITEM() RATIONAL_B_SPLINE_CURVE((1.,0.5,1.,0.5,
1.,0.5,1.)) REPRESENTATION_ITEM('') );
#5833 = CARTESIAN_POINT('',(-26.,-51.96152422706));
#5834 = CARTESIAN_POINT('',(-26.,-58.88972745733));
#5835 = CARTESIAN_POINT('',(-32.,-55.42562584219));
#5836 = CARTESIAN_POINT('',(-38.,-51.96152422706));
#5837 = CARTESIAN_POINT('',(-32.,-48.49742261192));
#5838 = CARTESIAN_POINT('',(-26.,-45.03332099678));
#5839 = CARTESIAN_POINT('',(-26.,-51.96152422706));
#5840 = ( GEOMETRIC_REPRESENTATION_CONTEXT(2) 
PARAMETRIC_REPRESENTATION_CONTEXT() REPRESENTATION_CONTEXT('2D SPACE',''
  ) );
#5841 = PCURVE('',#5842,#5847);
#5842 = CYLINDRICAL_SURFACE('',#5843,4.);
#5843 = AXIS2_PLACEMENT_3D('',#5844,#5845,#5846);
#5844 = CARTESIAN_POINT('',(-30.,-51.96152422706,-8.5));
#5845 = DIRECTION('',(-0.,-0.,-1.));
#5846 = DIRECTION('',(1.,0.,0.));
#5847 = DEFINITIONAL_REPRESENTATION('',(#5848),#5852);
#5848 = LINE('',#5849,#5850);
#5849 = CARTESIAN_POINT('',(-4.138911435803E-13,-1.));
#5850 = VECTOR('',#5851,1.);
#5851 = DIRECTION('',(1.,-0.));
#5852 = ( GEOMETRIC_REPRESENTATION_CONTEXT(2) 
PARAMETRIC_REPRESENTATION_CONTEXT() REPRESENTATION_CONTEXT('2D SPACE',''
  ) );
#5853 = FACE_BOUND('',#5854,.F.);
#5854 = EDGE_LOOP('',(#5855));
#5855 = ORIENTED_EDGE('',*,*,#5856,.T.);
#5856 = EDGE_CURVE('',#5857,#5857,#5859,.T.);
#5857 = VERTEX_POINT('',#5858);
#5858 = CARTESIAN_POINT('',(71.586917231526,-160.7550386569,-7.5));
#5859 = SURFACE_CURVE('',#5860,(#5865,#5876),.PCURVE_S1.);
#5860 = CIRCLE('',#5861,5.);
#5861 = AXIS2_PLACEMENT_3D('',#5862,#5863,#5864);
#5862 = CARTESIAN_POINT('',(66.586917231526,-160.7550386569,-7.5));
#5863 = DIRECTION('',(0.,0.,-1.));
#5864 = DIRECTION('',(1.,0.,0.));
#5865 = PCURVE('',#5647,#5866);
#5866 = DEFINITIONAL_REPRESENTATION('',(#5867),#5875);
#5867 = ( BOUNDED_CURVE() B_SPLINE_CURVE(2,(#5868,#5869,#5870,#5871,
#5872,#5873,#5874),.UNSPECIFIED.,.T.,.F.) B_SPLINE_CURVE_WITH_KNOTS((1,2
    ,2,2,2,1),(-2.094395102393,0.,2.094395102393,4.188790204786,
6.28318530718,8.377580409573),.UNSPECIFIED.) CURVE() 
GEOMETRIC_REPRESENTATION_ITEM() RATIONAL_B_SPLINE_CURVE((1.,0.5,1.,0.5,
1.,0.5,1.)) REPRESENTATION_ITEM('') );
#5868 = CARTESIAN_POINT('',(71.586917231526,-160.7550386569));
#5869 = CARTESIAN_POINT('',(71.586917231526,-169.4152926947));
#5870 = CARTESIAN_POINT('',(64.086917231526,-165.0851656758));
#5871 = CARTESIAN_POINT('',(56.586917231526,-160.7550386569));
#5872 = CARTESIAN_POINT('',(64.086917231526,-156.4249116379));
#5873 = CARTESIAN_POINT('',(71.586917231526,-152.094784619));
#5874 = CARTESIAN_POINT('',(71.586917231526,-160.7550386569));
#5875 = ( GEOMETRIC_REPRESENTATION_CONTEXT(2) 
PARAMETRIC_REPRESENTATION_CONTEXT() REPRESENTATION_CONTEXT('2D SPACE',''
  ) );
#5876 = PCURVE('',#5877,#5882);
#5877 = CYLINDRICAL_SURFACE('',#5878,5.);
#5878 = AXIS2_PLACEMENT_3D('',#5879,#5880,#5881);
#5879 = CARTESIAN_POINT('',(66.586917231526,-160.7550386569,-8.5));
#5880 = DIRECTION('',(-0.,-0.,-1.));
#5881 = DIRECTION('',(1.,0.,0.));
#5882 = DEFINITIONAL_REPRESENTATION('',(#5883),#5887);
#5883 = LINE('',#5884,#5885);
#5884 = CARTESIAN_POINT('',(-4.138911435803E-13,-1.));
#5885 = VECTOR('',#5886,1.);
#5886 = DIRECTION('',(1.,-0.));
#5887 = ( GEOMETRIC_REPRESENTATION_CONTEXT(2) 
PARAMETRIC_REPRESENTATION_CONTEXT() REPRESENTATION_CONTEXT('2D SPACE',''
  ) );
#5888 = FACE_BOUND('',#5889,.F.);
#5889 = EDGE_LOOP('',(#5890));
#5890 = ORIENTED_EDGE('',*,*,#5891,.T.);
#5891 = EDGE_CURVE('',#5892,#5892,#5894,.T.);
#5892 = VERTEX_POINT('',#5893);
#5893 = CARTESIAN_POINT('',(134.5,-90.,-7.5));
#5894 = SURFACE_CURVE('',#5895,(#5900,#5911),.PCURVE_S1.);
#5895 = CIRCLE('',#5896,4.5);
#5896 = AXIS2_PLACEMENT_3D('',#5897,#5898,#5899);
#5897 = CARTESIAN_POINT('',(130.,-90.,-7.5));
#5898 = DIRECTION('',(0.,0.,-1.));
#5899 = DIRECTION('',(1.,0.,0.));
#5900 = PCURVE('',#5647,#5901);
#5901 = DEFINITIONAL_REPRESENTATION('',(#5902),#5910);
#5902 = ( BOUNDED_CURVE() B_SPLINE_CURVE(2,(#5903,#5904,#5905,#5906,
#5907,#5908,#5909),.UNSPECIFIED.,.T.,.F.) B_SPLINE_CURVE_WITH_KNOTS((1,2
    ,2,2,2,1),(-2.094395102393,0.,2.094395102393,4.188790204786,
6.28318530718,8.377580409573),.UNSPECIFIED.) CURVE() 
GEOMETRIC_REPRESENTATION_ITEM() RATIONAL_B_SPLINE_CURVE((1.,0.5,1.,0.5,
1.,0.5,1.)) REPRESENTATION_ITEM('') );
#5903 = CARTESIAN_POINT('',(134.5,-90.));
#5904 = CARTESIAN_POINT('',(134.5,-97.79422863406));
#5905 = CARTESIAN_POINT('',(127.75,-93.89711431703));
#5906 = CARTESIAN_POINT('',(121.,-90.));
#5907 = CARTESIAN_POINT('',(127.75,-86.10288568297));
#5908 = CARTESIAN_POINT('',(134.5,-82.20577136594));
#5909 = CARTESIAN_POINT('',(134.5,-90.));
#5910 = ( GEOMETRIC_REPRESENTATION_CONTEXT(2) 
PARAMETRIC_REPRESENTATION_CONTEXT() REPRESENTATION_CONTEXT('2D SPACE',''
  ) );
#5911 = PCURVE('',#5912,#5917);
#5912 = CYLINDRICAL_SURFACE('',#5913,4.5);
#5913 = AXIS2_PLACEMENT_3D('',#5914,#5915,#5916);
#5914 = CARTESIAN_POINT('',(130.,-90.,-8.5));
#5915 = DIRECTION('',(-0.,-0.,-1.));
#5916 = DIRECTION('',(1.,0.,0.));
#5917 = DEFINITIONAL_REPRESENTATION('',(#5918),#5922);
#5918 = LINE('',#5919,#5920);
#5919 = CARTESIAN_POINT('',(-4.138911435803E-13,-1.));
#5920 = VECTOR('',#5921,1.);
#5921 = DIRECTION('',(1.,-0.));
#5922 = ( GEOMETRIC_REPRESENTATION_CONTEXT(2) 
PARAMETRIC_REPRESENTATION_CONTEXT() REPRESENTATION_CONTEXT('2D SPACE',''
  ) );
#5923 = FACE_BOUND('',#5924,.F.);
#5924 = EDGE_LOOP('',(#5925));
#5925 = ORIENTED_EDGE('',*,*,#5926,.T.);
#5926 = EDGE_CURVE('',#5927,#5927,#5929,.T.);
#5927 = VERTEX_POINT('',#5928);
#5928 = CARTESIAN_POINT('',(34.,-51.96152422706,-7.5));
#5929 = SURFACE_CURVE('',#5930,(#5935,#5946),.PCURVE_S1.);
#5930 = CIRCLE('',#5931,4.);
#5931 = AXIS2_PLACEMENT_3D('',#5932,#5933,#5934);
#5932 = CARTESIAN_POINT('',(30.,-51.96152422706,-7.5));
#5933 = DIRECTION('',(0.,0.,-1.));
#5934 = DIRECTION('',(1.,0.,0.));
#5935 = PCURVE('',#5647,#5936);
#5936 = DEFINITIONAL_REPRESENTATION('',(#5937),#5945);
#5937 = ( BOUNDED_CURVE() B_SPLINE_CURVE(2,(#5938,#5939,#5940,#5941,
#5942,#5943,#5944),.UNSPECIFIED.,.T.,.F.) B_SPLINE_CURVE_WITH_KNOTS((1,2
    ,2,2,2,1),(-2.094395102393,0.,2.094395102393,4.188790204786,
6.28318530718,8.377580409573),.UNSPECIFIED.) CURVE() 
GEOMETRIC_REPRESENTATION_ITEM() RATIONAL_B_SPLINE_CURVE((1.,0.5,1.,0.5,
1.,0.5,1.)) REPRESENTATION_ITEM('') );
#5938 = CARTESIAN_POINT('',(34.,-51.96152422706));
#5939 = CARTESIAN_POINT('',(34.,-58.88972745733));
#5940 = CARTESIAN_POINT('',(28.,-55.42562584219));
#5941 = CARTESIAN_POINT('',(22.,-51.96152422706));
#5942 = CARTESIAN_POINT('',(28.,-48.49742261192));
#5943 = CARTESIAN_POINT('',(34.,-45.03332099678));
#5944 = CARTESIAN_POINT('',(34.,-51.96152422706));
#5945 = ( GEOMETRIC_REPRESENTATION_CONTEXT(2) 
PARAMETRIC_REPRESENTATION_CONTEXT() REPRESENTATION_CONTEXT('2D SPACE',''
  ) );
#5946 = PCURVE('',#5947,#5952);
#5947 = CYLINDRICAL_SURFACE('',#5948,4.);
#5948 = AXIS2_PLACEMENT_3D('',#5949,#5950,#5951);
#5949 = CARTESIAN_POINT('',(30.,-51.96152422706,-8.5));
#5950 = DIRECTION('',(-0.,-0.,-1.));
#5951 = DIRECTION('',(1.,0.,0.));
#5952 = DEFINITIONAL_REPRESENTATION('',(#5953),#5957);
#5953 = LINE('',#5954,#5955);
#5954 = CARTESIAN_POINT('',(-4.138911435803E-13,-1.));
#5955 = VECTOR('',#5956,1.);
#5956 = DIRECTION('',(1.,-0.));
#5957 = ( GEOMETRIC_REPRESENTATION_CONTEXT(2) 
PARAMETRIC_REPRESENTATION_CONTEXT() REPRESENTATION_CONTEXT('2D SPACE',''
  ) );
#5958 = FACE_BOUND('',#5959,.F.);
#5959 = EDGE_LOOP('',(#5960));
#5960 = ORIENTED_EDGE('',*,*,#5961,.T.);
#5961 = EDGE_CURVE('',#5962,#5962,#5964,.T.);
#5962 = VERTEX_POINT('',#5963);
#5963 = CARTESIAN_POINT('',(165.75503865696,-66.58691723152,-7.5));
#5964 = SURFACE_CURVE('',#5965,(#5970,#5981),.PCURVE_S1.);
#5965 = CIRCLE('',#5966,5.);
#5966 = AXIS2_PLACEMENT_3D('',#5967,#5968,#5969);
#5967 = CARTESIAN_POINT('',(160.75503865696,-66.58691723152,-7.5));
#5968 = DIRECTION('',(0.,0.,-1.));
#5969 = DIRECTION('',(1.,0.,0.));
#5970 = PCURVE('',#5647,#5971);
#5971 = DEFINITIONAL_REPRESENTATION('',(#5972),#5980);
#5972 = ( BOUNDED_CURVE() B_SPLINE_CURVE(2,(#5973,#5974,#5975,#5976,
#5977,#5978,#5979),.UNSPECIFIED.,.T.,.F.) B_SPLINE_CURVE_WITH_KNOTS((1,2
    ,2,2,2,1),(-2.094395102393,0.,2.094395102393,4.188790204786,
6.28318530718,8.377580409573),.UNSPECIFIED.) CURVE() 
GEOMETRIC_REPRESENTATION_ITEM() RATIONAL_B_SPLINE_CURVE((1.,0.5,1.,0.5,
1.,0.5,1.)) REPRESENTATION_ITEM('') );
#5973 = CARTESIAN_POINT('',(165.75503865696,-66.58691723152));
#5974 = CARTESIAN_POINT('',(165.75503865696,-75.24717126936));
#5975 = CARTESIAN_POINT('',(158.25503865696,-70.91704425044));
#5976 = CARTESIAN_POINT('',(150.75503865696,-66.58691723152));
#5977 = CARTESIAN_POINT('',(158.25503865696,-62.25679021259));
#5978 = CARTESIAN_POINT('',(165.75503865696,-57.92666319367));
#5979 = CARTESIAN_POINT('',(165.75503865696,-66.58691723152));
#5980 = ( GEOMETRIC_REPRESENTATION_CONTEXT(2) 
PARAMETRIC_REPRESENTATION_CONTEXT() REPRESENTATION_CONTEXT('2D SPACE',''
  ) );
#5981 = PCURVE('',#5982,#5987);
#5982 = CYLINDRICAL_SURFACE('',#5983,5.);
#5983 = AXIS2_PLACEMENT_3D('',#5984,#5985,#5986);
#5984 = CARTESIAN_POINT('',(160.75503865696,-66.58691723152,-8.5));
#5985 = DIRECTION('',(-0.,-0.,-1.));
#5986 = DIRECTION('',(1.,0.,0.));
#5987 = DEFINITIONAL_REPRESENTATION('',(#5988),#5992);
#5988 = LINE('',#5989,#5990);
#5989 = CARTESIAN_POINT('',(-4.138911435803E-13,-1.));
#5990 = VECTOR('',#5991,1.);
#5991 = DIRECTION('',(1.,-0.));
#5992 = ( GEOMETRIC_REPRESENTATION_CONTEXT(2) 
PARAMETRIC_REPRESENTATION_CONTEXT() REPRESENTATION_CONTEXT('2D SPACE',''
  ) );
#5993 = FACE_BOUND('',#5994,.F.);
#5994 = EDGE_LOOP('',(#5995));
#5995 = ORIENTED_EDGE('',*,*,#5996,.T.);
#5996 = EDGE_CURVE('',#5997,#5997,#5999,.T.);
#5997 = VERTEX_POINT('',#5998);
#5998 = CARTESIAN_POINT('',(-155.7550386569,66.586917231526,-7.5));
#5999 = SURFACE_CURVE('',#6000,(#6005,#6016),.PCURVE_S1.);
#6000 = CIRCLE('',#6001,5.);
#6001 = AXIS2_PLACEMENT_3D('',#6002,#6003,#6004);
#6002 = CARTESIAN_POINT('',(-160.7550386569,66.586917231526,-7.5));
#6003 = DIRECTION('',(0.,0.,-1.));
#6004 = DIRECTION('',(1.,0.,0.));
#6005 = PCURVE('',#5647,#6006);
#6006 = DEFINITIONAL_REPRESENTATION('',(#6007),#6015);
#6007 = ( BOUNDED_CURVE() B_SPLINE_CURVE(2,(#6008,#6009,#6010,#6011,
#6012,#6013,#6014),.UNSPECIFIED.,.T.,.F.) B_SPLINE_CURVE_WITH_KNOTS((1,2
    ,2,2,2,1),(-2.094395102393,0.,2.094395102393,4.188790204786,
6.28318530718,8.377580409573),.UNSPECIFIED.) CURVE() 
GEOMETRIC_REPRESENTATION_ITEM() RATIONAL_B_SPLINE_CURVE((1.,0.5,1.,0.5,
1.,0.5,1.)) REPRESENTATION_ITEM('') );
#6008 = CARTESIAN_POINT('',(-155.7550386569,66.586917231526));
#6009 = CARTESIAN_POINT('',(-155.7550386569,57.926663193682));
#6010 = CARTESIAN_POINT('',(-163.2550386569,62.256790212604));
#6011 = CARTESIAN_POINT('',(-170.7550386569,66.586917231526));
#6012 = CARTESIAN_POINT('',(-163.2550386569,70.917044250448));
#6013 = CARTESIAN_POINT('',(-155.7550386569,75.24717126937));
#6014 = CARTESIAN_POINT('',(-155.7550386569,66.586917231526));
#6015 = ( GEOMETRIC_REPRESENTATION_CONTEXT(2) 
PARAMETRIC_REPRESENTATION_CONTEXT() REPRESENTATION_CONTEXT('2D SPACE',''
  ) );
#6016 = PCURVE('',#6017,#6022);
#6017 = CYLINDRICAL_SURFACE('',#6018,5.);
#6018 = AXIS2_PLACEMENT_3D('',#6019,#6020,#6021);
#6019 = CARTESIAN_POINT('',(-160.7550386569,66.586917231526,-8.5));
#6020 = DIRECTION('',(-0.,-0.,-1.));
#6021 = DIRECTION('',(1.,0.,0.));
#6022 = DEFINITIONAL_REPRESENTATION('',(#6023),#6027);
#6023 = LINE('',#6024,#6025);
#6024 = CARTESIAN_POINT('',(-4.138911435803E-13,-1.));
#6025 = VECTOR('',#6026,1.);
#6026 = DIRECTION('',(1.,-0.));
#6027 = ( GEOMETRIC_REPRESENTATION_CONTEXT(2) 
PARAMETRIC_REPRESENTATION_CONTEXT() REPRESENTATION_CONTEXT('2D SPACE',''
  ) );
#6028 = FACE_BOUND('',#6029,.F.);
#6029 = EDGE_LOOP('',(#6030));
#6030 = ORIENTED_EDGE('',*,*,#6031,.T.);
#6031 = EDGE_CURVE('',#6032,#6032,#6034,.T.);
#6032 = VERTEX_POINT('',#6033);
#6033 = CARTESIAN_POINT('',(-56.,7.347880794884E-15,-7.5));
#6034 = SURFACE_CURVE('',#6035,(#6040,#6051),.PCURVE_S1.);
#6035 = CIRCLE('',#6036,4.);
#6036 = AXIS2_PLACEMENT_3D('',#6037,#6038,#6039);
#6037 = CARTESIAN_POINT('',(-60.,7.347880794884E-15,-7.5));
#6038 = DIRECTION('',(0.,0.,-1.));
#6039 = DIRECTION('',(1.,0.,0.));
#6040 = PCURVE('',#5647,#6041);
#6041 = DEFINITIONAL_REPRESENTATION('',(#6042),#6050);
#6042 = ( BOUNDED_CURVE() B_SPLINE_CURVE(2,(#6043,#6044,#6045,#6046,
#6047,#6048,#6049),.UNSPECIFIED.,.T.,.F.) B_SPLINE_CURVE_WITH_KNOTS((1,2
    ,2,2,2,1),(-2.094395102393,0.,2.094395102393,4.188790204786,
6.28318530718,8.377580409573),.UNSPECIFIED.) CURVE() 
GEOMETRIC_REPRESENTATION_ITEM() RATIONAL_B_SPLINE_CURVE((1.,0.5,1.,0.5,
1.,0.5,1.)) REPRESENTATION_ITEM('') );
#6043 = CARTESIAN_POINT('',(-56.,7.892606269217E-15));
#6044 = CARTESIAN_POINT('',(-56.,-6.928203230275));
#6045 = CARTESIAN_POINT('',(-62.,-3.464101615138));
#6046 = CARTESIAN_POINT('',(-68.,6.912888829899E-15));
#6047 = CARTESIAN_POINT('',(-62.,3.464101615138));
#6048 = CARTESIAN_POINT('',(-56.,6.928203230276));
#6049 = CARTESIAN_POINT('',(-56.,7.892606269217E-15));
#6050 = ( GEOMETRIC_REPRESENTATION_CONTEXT(2) 
PARAMETRIC_REPRESENTATION_CONTEXT() REPRESENTATION_CONTEXT('2D SPACE',''
  ) );
#6051 = PCURVE('',#6052,#6057);
#6052 = CYLINDRICAL_SURFACE('',#6053,4.);
#6053 = AXIS2_PLACEMENT_3D('',#6054,#6055,#6056);
#6054 = CARTESIAN_POINT('',(-60.,7.347880794884E-15,-8.5));
#6055 = DIRECTION('',(-0.,-0.,-1.));
#6056 = DIRECTION('',(1.,0.,0.));
#6057 = DEFINITIONAL_REPRESENTATION('',(#6058),#6062);
#6058 = LINE('',#6059,#6060);
#6059 = CARTESIAN_POINT('',(-4.138911435803E-13,-1.));
#6060 = VECTOR('',#6061,1.);
#6061 = DIRECTION('',(1.,-0.));
#6062 = ( GEOMETRIC_REPRESENTATION_CONTEXT(2) 
PARAMETRIC_REPRESENTATION_CONTEXT() REPRESENTATION_CONTEXT('2D SPACE',''
  ) );
#6063 = FACE_BOUND('',#6064,.F.);
#6064 = EDGE_LOOP('',(#6065));
#6065 = ORIENTED_EDGE('',*,*,#6066,.T.);
#6066 = EDGE_CURVE('',#6067,#6067,#6069,.T.);
#6067 = VERTEX_POINT('',#6068);
#6068 = CARTESIAN_POINT('',(-26.,51.961524227066,-7.5));
#6069 = SURFACE_CURVE('',#6070,(#6075,#6086),.PCURVE_S1.);
#6070 = CIRCLE('',#6071,4.);
#6071 = AXIS2_PLACEMENT_3D('',#6072,#6073,#6074);
#6072 = CARTESIAN_POINT('',(-30.,51.961524227066,-7.5));
#6073 = DIRECTION('',(0.,0.,-1.));
#6074 = DIRECTION('',(1.,0.,0.));
#6075 = PCURVE('',#5647,#6076);
#6076 = DEFINITIONAL_REPRESENTATION('',(#6077),#6085);
#6077 = ( BOUNDED_CURVE() B_SPLINE_CURVE(2,(#6078,#6079,#6080,#6081,
#6082,#6083,#6084),.UNSPECIFIED.,.T.,.F.) B_SPLINE_CURVE_WITH_KNOTS((1,2
    ,2,2,2,1),(-2.094395102393,0.,2.094395102393,4.188790204786,
6.28318530718,8.377580409573),.UNSPECIFIED.) CURVE() 
GEOMETRIC_REPRESENTATION_ITEM() RATIONAL_B_SPLINE_CURVE((1.,0.5,1.,0.5,
1.,0.5,1.)) REPRESENTATION_ITEM('') );
#6078 = CARTESIAN_POINT('',(-26.,51.961524227066));
#6079 = CARTESIAN_POINT('',(-26.,45.03332099679));
#6080 = CARTESIAN_POINT('',(-32.,48.497422611928));
#6081 = CARTESIAN_POINT('',(-38.,51.961524227066));
#6082 = CARTESIAN_POINT('',(-32.,55.425625842204));
#6083 = CARTESIAN_POINT('',(-26.,58.889727457342));
#6084 = CARTESIAN_POINT('',(-26.,51.961524227066));
#6085 = ( GEOMETRIC_REPRESENTATION_CONTEXT(2) 
PARAMETRIC_REPRESENTATION_CONTEXT() REPRESENTATION_CONTEXT('2D SPACE',''
  ) );
#6086 = PCURVE('',#6087,#6092);
#6087 = CYLINDRICAL_SURFACE('',#6088,4.);
#6088 = AXIS2_PLACEMENT_3D('',#6089,#6090,#6091);
#6089 = CARTESIAN_POINT('',(-30.,51.961524227066,-8.5));
#6090 = DIRECTION('',(-0.,-0.,-1.));
#6091 = DIRECTION('',(1.,0.,0.));
#6092 = DEFINITIONAL_REPRESENTATION('',(#6093),#6097);
#6093 = LINE('',#6094,#6095);
#6094 = CARTESIAN_POINT('',(-4.138911435803E-13,-1.));
#6095 = VECTOR('',#6096,1.);
#6096 = DIRECTION('',(1.,-0.));
#6097 = ( GEOMETRIC_REPRESENTATION_CONTEXT(2) 
PARAMETRIC_REPRESENTATION_CONTEXT() REPRESENTATION_CONTEXT('2D SPACE',''
  ) );
#6098 = FACE_BOUND('',#6099,.F.);
#6099 = EDGE_LOOP('',(#6100));
#6100 = ORIENTED_EDGE('',*,*,#6101,.T.);
#6101 = EDGE_CURVE('',#6102,#6102,#6104,.T.);
#6102 = VERTEX_POINT('',#6103);
#6103 = CARTESIAN_POINT('',(-125.5,90.,-7.5));
#6104 = SURFACE_CURVE('',#6105,(#6110,#6121),.PCURVE_S1.);
#6105 = CIRCLE('',#6106,4.5);
#6106 = AXIS2_PLACEMENT_3D('',#6107,#6108,#6109);
#6107 = CARTESIAN_POINT('',(-130.,90.,-7.5));
#6108 = DIRECTION('',(0.,0.,-1.));
#6109 = DIRECTION('',(1.,0.,0.));
#6110 = PCURVE('',#5647,#6111);
#6111 = DEFINITIONAL_REPRESENTATION('',(#6112),#6120);
#6112 = ( BOUNDED_CURVE() B_SPLINE_CURVE(2,(#6113,#6114,#6115,#6116,
#6117,#6118,#6119),.UNSPECIFIED.,.T.,.F.) B_SPLINE_CURVE_WITH_KNOTS((1,2
    ,2,2,2,1),(-2.094395102393,0.,2.094395102393,4.188790204786,
6.28318530718,8.377580409573),.UNSPECIFIED.) CURVE() 
GEOMETRIC_REPRESENTATION_ITEM() RATIONAL_B_SPLINE_CURVE((1.,0.5,1.,0.5,
1.,0.5,1.)) REPRESENTATION_ITEM('') );
#6113 = CARTESIAN_POINT('',(-125.5,90.));
#6114 = CARTESIAN_POINT('',(-125.5,82.20577136594));
#6115 = CARTESIAN_POINT('',(-132.25,86.10288568297));
#6116 = CARTESIAN_POINT('',(-139.,90.));
#6117 = CARTESIAN_POINT('',(-132.25,93.89711431703));
#6118 = CARTESIAN_POINT('',(-125.5,97.79422863406));
#6119 = CARTESIAN_POINT('',(-125.5,90.));
#6120 = ( GEOMETRIC_REPRESENTATION_CONTEXT(2) 
PARAMETRIC_REPRESENTATION_CONTEXT() REPRESENTATION_CONTEXT('2D SPACE',''
  ) );
#6121 = PCURVE('',#6122,#6127);
#6122 = CYLINDRICAL_SURFACE('',#6123,4.5);
#6123 = AXIS2_PLACEMENT_3D('',#6124,#6125,#6126);
#6124 = CARTESIAN_POINT('',(-130.,90.,-8.5));
#6125 = DIRECTION('',(-0.,-0.,-1.));
#6126 = DIRECTION('',(1.,0.,0.));
#6127 = DEFINITIONAL_REPRESENTATION('',(#6128),#6132);
#6128 = LINE('',#6129,#6130);
#6129 = CARTESIAN_POINT('',(-4.138911435803E-13,-1.));
#6130 = VECTOR('',#6131,1.);
#6131 = DIRECTION('',(1.,-0.));
#6132 = ( GEOMETRIC_REPRESENTATION_CONTEXT(2) 
PARAMETRIC_REPRESENTATION_CONTEXT() REPRESENTATION_CONTEXT('2D SPACE',''
  ) );
#6133 = FACE_BOUND('',#6134,.F.);
#6134 = EDGE_LOOP('',(#6135));
#6135 = ORIENTED_EDGE('',*,*,#6136,.T.);
#6136 = EDGE_CURVE('',#6137,#6137,#6139,.T.);
#6137 = VERTEX_POINT('',#6138);
#6138 = CARTESIAN_POINT('',(-61.58691723152,160.75503865696,-7.5));
#6139 = SURFACE_CURVE('',#6140,(#6145,#6156),.PCURVE_S1.);
#6140 = CIRCLE('',#6141,5.);
#6141 = AXIS2_PLACEMENT_3D('',#6142,#6143,#6144);
#6142 = CARTESIAN_POINT('',(-66.58691723152,160.75503865696,-7.5));
#6143 = DIRECTION('',(0.,0.,-1.));
#6144 = DIRECTION('',(1.,0.,0.));
#6145 = PCURVE('',#5647,#6146);
#6146 = DEFINITIONAL_REPRESENTATION('',(#6147),#6155);
#6147 = ( BOUNDED_CURVE() B_SPLINE_CURVE(2,(#6148,#6149,#6150,#6151,
#6152,#6153,#6154),.UNSPECIFIED.,.T.,.F.) B_SPLINE_CURVE_WITH_KNOTS((1,2
    ,2,2,2,1),(-2.094395102393,0.,2.094395102393,4.188790204786,
6.28318530718,8.377580409573),.UNSPECIFIED.) CURVE() 
GEOMETRIC_REPRESENTATION_ITEM() RATIONAL_B_SPLINE_CURVE((1.,0.5,1.,0.5,
1.,0.5,1.)) REPRESENTATION_ITEM('') );
#6148 = CARTESIAN_POINT('',(-61.58691723152,160.75503865696));
#6149 = CARTESIAN_POINT('',(-61.58691723152,152.09478461911));
#6150 = CARTESIAN_POINT('',(-69.08691723152,156.42491163803));
#6151 = CARTESIAN_POINT('',(-76.58691723152,160.75503865696));
#6152 = CARTESIAN_POINT('',(-69.08691723152,165.08516567588));
#6153 = CARTESIAN_POINT('',(-61.58691723152,169.4152926948));
#6154 = CARTESIAN_POINT('',(-61.58691723152,160.75503865696));
#6155 = ( GEOMETRIC_REPRESENTATION_CONTEXT(2) 
PARAMETRIC_REPRESENTATION_CONTEXT() REPRESENTATION_CONTEXT('2D SPACE',''
  ) );
#6156 = PCURVE('',#6157,#6162);
#6157 = CYLINDRICAL_SURFACE('',#6158,5.);
#6158 = AXIS2_PLACEMENT_3D('',#6159,#6160,#6161);
#6159 = CARTESIAN_POINT('',(-66.58691723152,160.75503865696,-8.5));
#6160 = DIRECTION('',(-0.,-0.,-1.));
#6161 = DIRECTION('',(1.,0.,0.));
#6162 = DEFINITIONAL_REPRESENTATION('',(#6163),#6167);
#6163 = LINE('',#6164,#6165);
#6164 = CARTESIAN_POINT('',(-4.138911435803E-13,-1.));
#6165 = VECTOR('',#6166,1.);
#6166 = DIRECTION('',(1.,-0.));
#6167 = ( GEOMETRIC_REPRESENTATION_CONTEXT(2) 
PARAMETRIC_REPRESENTATION_CONTEXT() REPRESENTATION_CONTEXT('2D SPACE',''
  ) );
#6168 = FACE_BOUND('',#6169,.F.);
#6169 = EDGE_LOOP('',(#6170));
#6170 = ORIENTED_EDGE('',*,*,#6171,.T.);
#6171 = EDGE_CURVE('',#6172,#6172,#6174,.T.);
#6172 = VERTEX_POINT('',#6173);
#6173 = CARTESIAN_POINT('',(38.,0.,-7.5));
#6174 = SURFACE_CURVE('',#6175,(#6180,#6191),.PCURVE_S1.);
#6175 = CIRCLE('',#6176,38.);
#6176 = AXIS2_PLACEMENT_3D('',#6177,#6178,#6179);
#6177 = CARTESIAN_POINT('',(0.,0.,-7.5));
#6178 = DIRECTION('',(0.,0.,-1.));
#6179 = DIRECTION('',(1.,0.,0.));
#6180 = PCURVE('',#5647,#6181);
#6181 = DEFINITIONAL_REPRESENTATION('',(#6182),#6190);
#6182 = ( BOUNDED_CURVE() B_SPLINE_CURVE(2,(#6183,#6184,#6185,#6186,
#6187,#6188,#6189),.UNSPECIFIED.,.T.,.F.) B_SPLINE_CURVE_WITH_KNOTS((1,2
    ,2,2,2,1),(-2.094395102393,0.,2.094395102393,4.188790204786,
6.28318530718,8.377580409573),.UNSPECIFIED.) CURVE() 
GEOMETRIC_REPRESENTATION_ITEM() RATIONAL_B_SPLINE_CURVE((1.,0.5,1.,0.5,
1.,0.5,1.)) REPRESENTATION_ITEM('') );
#6183 = CARTESIAN_POINT('',(38.,5.447254743328E-16));
#6184 = CARTESIAN_POINT('',(38.,-65.81793068761));
#6185 = CARTESIAN_POINT('',(-19.,-32.9089653438));
#6186 = CARTESIAN_POINT('',(-76.,-8.762590199187E-15));
#6187 = CARTESIAN_POINT('',(-19.,32.908965343809));
#6188 = CARTESIAN_POINT('',(38.,65.817930687617));
#6189 = CARTESIAN_POINT('',(38.,5.447254743328E-16));
#6190 = ( GEOMETRIC_REPRESENTATION_CONTEXT(2) 
PARAMETRIC_REPRESENTATION_CONTEXT() REPRESENTATION_CONTEXT('2D SPACE',''
  ) );
#6191 = PCURVE('',#6192,#6197);
#6192 = CYLINDRICAL_SURFACE('',#6193,38.);
#6193 = AXIS2_PLACEMENT_3D('',#6194,#6195,#6196);
#6194 = CARTESIAN_POINT('',(0.,0.,-8.5));
#6195 = DIRECTION('',(-0.,-0.,-1.));
#6196 = DIRECTION('',(1.,0.,0.));
#6197 = DEFINITIONAL_REPRESENTATION('',(#6198),#6202);
#6198 = LINE('',#6199,#6200);
#6199 = CARTESIAN_POINT('',(-4.138911435803E-13,-1.));
#6200 = VECTOR('',#6201,1.);
#6201 = DIRECTION('',(1.,-0.));
#6202 = ( GEOMETRIC_REPRESENTATION_CONTEXT(2) 
PARAMETRIC_REPRESENTATION_CONTEXT() REPRESENTATION_CONTEXT('2D SPACE',''
  ) );
#6203 = FACE_BOUND('',#6204,.F.);
#6204 = EDGE_LOOP('',(#6205));
#6205 = ORIENTED_EDGE('',*,*,#6206,.T.);
#6206 = EDGE_CURVE('',#6207,#6207,#6209,.T.);
#6207 = VERTEX_POINT('',#6208);
#6208 = CARTESIAN_POINT('',(64.,0.,-7.5));
#6209 = SURFACE_CURVE('',#6210,(#6215,#6226),.PCURVE_S1.);
#6210 = CIRCLE('',#6211,4.);
#6211 = AXIS2_PLACEMENT_3D('',#6212,#6213,#6214);
#6212 = CARTESIAN_POINT('',(60.,0.,-7.5));
#6213 = DIRECTION('',(0.,0.,-1.));
#6214 = DIRECTION('',(1.,0.,0.));
#6215 = PCURVE('',#5647,#6216);
#6216 = DEFINITIONAL_REPRESENTATION('',(#6217),#6225);
#6217 = ( BOUNDED_CURVE() B_SPLINE_CURVE(2,(#6218,#6219,#6220,#6221,
#6222,#6223,#6224),.UNSPECIFIED.,.T.,.F.) B_SPLINE_CURVE_WITH_KNOTS((1,2
    ,2,2,2,1),(-2.094395102393,0.,2.094395102393,4.188790204786,
6.28318530718,8.377580409573),.UNSPECIFIED.) CURVE() 
GEOMETRIC_REPRESENTATION_ITEM() RATIONAL_B_SPLINE_CURVE((1.,0.5,1.,0.5,
1.,0.5,1.)) REPRESENTATION_ITEM('') );
#6218 = CARTESIAN_POINT('',(64.,5.447254743328E-16));
#6219 = CARTESIAN_POINT('',(64.,-6.928203230276));
#6220 = CARTESIAN_POINT('',(58.,-3.464101615138));
#6221 = CARTESIAN_POINT('',(52.,-4.349919649851E-16));
#6222 = CARTESIAN_POINT('',(58.,3.464101615138));
#6223 = CARTESIAN_POINT('',(64.,6.928203230276));
#6224 = CARTESIAN_POINT('',(64.,5.447254743328E-16));
#6225 = ( GEOMETRIC_REPRESENTATION_CONTEXT(2) 
PARAMETRIC_REPRESENTATION_CONTEXT() REPRESENTATION_CONTEXT('2D SPACE',''
  ) );
#6226 = PCURVE('',#6227,#6232);
#6227 = CYLINDRICAL_SURFACE('',#6228,4.);
#6228 = AXIS2_PLACEMENT_3D('',#6229,#6230,#6231);
#6229 = CARTESIAN_POINT('',(60.,0.,-8.5));
#6230 = DIRECTION('',(-0.,-0.,-1.));
#6231 = DIRECTION('',(1.,0.,0.));
#6232 = DEFINITIONAL_REPRESENTATION('',(#6233),#6237);
#6233 = LINE('',#6234,#6235);
#6234 = CARTESIAN_POINT('',(-4.138911435803E-13,-1.));
#6235 = VECTOR('',#6236,1.);
#6236 = DIRECTION('',(1.,-0.));
#6237 = ( GEOMETRIC_REPRESENTATION_CONTEXT(2) 
PARAMETRIC_REPRESENTATION_CONTEXT() REPRESENTATION_CONTEXT('2D SPACE',''
  ) );
#6238 = FACE_BOUND('',#6239,.F.);
#6239 = EDGE_LOOP('',(#6240));
#6240 = ORIENTED_EDGE('',*,*,#6241,.T.);
#6241 = EDGE_CURVE('',#6242,#6242,#6244,.T.);
#6242 = VERTEX_POINT('',#6243);
#6243 = CARTESIAN_POINT('',(34.,51.961524227066,-7.5));
#6244 = SURFACE_CURVE('',#6245,(#6250,#6261),.PCURVE_S1.);
#6245 = CIRCLE('',#6246,4.);
#6246 = AXIS2_PLACEMENT_3D('',#6247,#6248,#6249);
#6247 = CARTESIAN_POINT('',(30.,51.961524227066,-7.5));
#6248 = DIRECTION('',(0.,0.,-1.));
#6249 = DIRECTION('',(1.,0.,0.));
#6250 = PCURVE('',#5647,#6251);
#6251 = DEFINITIONAL_REPRESENTATION('',(#6252),#6260);
#6252 = ( BOUNDED_CURVE() B_SPLINE_CURVE(2,(#6253,#6254,#6255,#6256,
#6257,#6258,#6259),.UNSPECIFIED.,.T.,.F.) B_SPLINE_CURVE_WITH_KNOTS((1,2
    ,2,2,2,1),(-2.094395102393,0.,2.094395102393,4.188790204786,
6.28318530718,8.377580409573),.UNSPECIFIED.) CURVE() 
GEOMETRIC_REPRESENTATION_ITEM() RATIONAL_B_SPLINE_CURVE((1.,0.5,1.,0.5,
1.,0.5,1.)) REPRESENTATION_ITEM('') );
#6253 = CARTESIAN_POINT('',(34.,51.961524227066));
#6254 = CARTESIAN_POINT('',(34.,45.03332099679));
#6255 = CARTESIAN_POINT('',(28.,48.497422611928));
#6256 = CARTESIAN_POINT('',(22.,51.961524227066));
#6257 = CARTESIAN_POINT('',(28.,55.425625842204));
#6258 = CARTESIAN_POINT('',(34.,58.889727457342));
#6259 = CARTESIAN_POINT('',(34.,51.961524227066));
#6260 = ( GEOMETRIC_REPRESENTATION_CONTEXT(2) 
PARAMETRIC_REPRESENTATION_CONTEXT() REPRESENTATION_CONTEXT('2D SPACE',''
  ) );
#6261 = PCURVE('',#6262,#6267);
#6262 = CYLINDRICAL_SURFACE('',#6263,4.);
#6263 = AXIS2_PLACEMENT_3D('',#6264,#6265,#6266);
#6264 = CARTESIAN_POINT('',(30.,51.961524227066,-8.5));
#6265 = DIRECTION('',(-0.,-0.,-1.));
#6266 = DIRECTION('',(1.,0.,0.));
#6267 = DEFINITIONAL_REPRESENTATION('',(#6268),#6272);
#6268 = LINE('',#6269,#6270);
#6269 = CARTESIAN_POINT('',(-4.138911435803E-13,-1.));
#6270 = VECTOR('',#6271,1.);
#6271 = DIRECTION('',(1.,-0.));
#6272 = ( GEOMETRIC_REPRESENTATION_CONTEXT(2) 
PARAMETRIC_REPRESENTATION_CONTEXT() REPRESENTATION_CONTEXT('2D SPACE',''
  ) );
#6273 = FACE_BOUND('',#6274,.F.);
#6274 = EDGE_LOOP('',(#6275));
#6275 = ORIENTED_EDGE('',*,*,#6276,.T.);
#6276 = EDGE_CURVE('',#6277,#6277,#6279,.T.);
#6277 = VERTEX_POINT('',#6278);
#6278 = CARTESIAN_POINT('',(165.75503865696,66.586917231526,-7.5));
#6279 = SURFACE_CURVE('',#6280,(#6285,#6296),.PCURVE_S1.);
#6280 = CIRCLE('',#6281,5.);
#6281 = AXIS2_PLACEMENT_3D('',#6282,#6283,#6284);
#6282 = CARTESIAN_POINT('',(160.75503865696,66.586917231526,-7.5));
#6283 = DIRECTION('',(0.,0.,-1.));
#6284 = DIRECTION('',(1.,0.,0.));
#6285 = PCURVE('',#5647,#6286);
#6286 = DEFINITIONAL_REPRESENTATION('',(#6287),#6295);
#6287 = ( BOUNDED_CURVE() B_SPLINE_CURVE(2,(#6288,#6289,#6290,#6291,
#6292,#6293,#6294),.UNSPECIFIED.,.T.,.F.) B_SPLINE_CURVE_WITH_KNOTS((1,2
    ,2,2,2,1),(-2.094395102393,0.,2.094395102393,4.188790204786,
6.28318530718,8.377580409573),.UNSPECIFIED.) CURVE() 
GEOMETRIC_REPRESENTATION_ITEM() RATIONAL_B_SPLINE_CURVE((1.,0.5,1.,0.5,
1.,0.5,1.)) REPRESENTATION_ITEM('') );
#6288 = CARTESIAN_POINT('',(165.75503865696,66.586917231526));
#6289 = CARTESIAN_POINT('',(165.75503865696,57.926663193682));
#6290 = CARTESIAN_POINT('',(158.25503865696,62.256790212604));
#6291 = CARTESIAN_POINT('',(150.75503865696,66.586917231526));
#6292 = CARTESIAN_POINT('',(158.25503865696,70.917044250448));
#6293 = CARTESIAN_POINT('',(165.75503865696,75.24717126937));
#6294 = CARTESIAN_POINT('',(165.75503865696,66.586917231526));
#6295 = ( GEOMETRIC_REPRESENTATION_CONTEXT(2) 
PARAMETRIC_REPRESENTATION_CONTEXT() REPRESENTATION_CONTEXT('2D SPACE',''
  ) );
#6296 = PCURVE('',#6297,#6302);
#6297 = CYLINDRICAL_SURFACE('',#6298,5.);
#6298 = AXIS2_PLACEMENT_3D('',#6299,#6300,#6301);
#6299 = CARTESIAN_POINT('',(160.75503865696,66.586917231526,-8.5));
#6300 = DIRECTION('',(-0.,-0.,-1.));
#6301 = DIRECTION('',(1.,0.,0.));
#6302 = DEFINITIONAL_REPRESENTATION('',(#6303),#6307);
#6303 = LINE('',#6304,#6305);
#6304 = CARTESIAN_POINT('',(-4.138911435803E-13,-1.));
#6305 = VECTOR('',#6306,1.);
#6306 = DIRECTION('',(1.,-0.));
#6307 = ( GEOMETRIC_REPRESENTATION_CONTEXT(2) 
PARAMETRIC_REPRESENTATION_CONTEXT() REPRESENTATION_CONTEXT('2D SPACE',''
  ) );
#6308 = FACE_BOUND('',#6309,.F.);
#6309 = EDGE_LOOP('',(#6310));
#6310 = ORIENTED_EDGE('',*,*,#6311,.T.);
#6311 = EDGE_CURVE('',#6312,#6312,#6314,.T.);
#6312 = VERTEX_POINT('',#6313);
#6313 = CARTESIAN_POINT('',(71.586917231526,160.75503865696,-7.5));
#6314 = SURFACE_CURVE('',#6315,(#6320,#6331),.PCURVE_S1.);
#6315 = CIRCLE('',#6316,5.);
#6316 = AXIS2_PLACEMENT_3D('',#6317,#6318,#6319);
#6317 = CARTESIAN_POINT('',(66.586917231526,160.75503865696,-7.5));
#6318 = DIRECTION('',(0.,0.,-1.));
#6319 = DIRECTION('',(1.,0.,0.));
#6320 = PCURVE('',#5647,#6321);
#6321 = DEFINITIONAL_REPRESENTATION('',(#6322),#6330);
#6322 = ( BOUNDED_CURVE() B_SPLINE_CURVE(2,(#6323,#6324,#6325,#6326,
#6327,#6328,#6329),.UNSPECIFIED.,.T.,.F.) B_SPLINE_CURVE_WITH_KNOTS((1,2
    ,2,2,2,1),(-2.094395102393,0.,2.094395102393,4.188790204786,
6.28318530718,8.377580409573),.UNSPECIFIED.) CURVE() 
GEOMETRIC_REPRESENTATION_ITEM() RATIONAL_B_SPLINE_CURVE((1.,0.5,1.,0.5,
1.,0.5,1.)) REPRESENTATION_ITEM('') );
#6323 = CARTESIAN_POINT('',(71.586917231526,160.75503865696));
#6324 = CARTESIAN_POINT('',(71.586917231526,152.09478461911));
#6325 = CARTESIAN_POINT('',(64.086917231526,156.42491163803));
#6326 = CARTESIAN_POINT('',(56.586917231526,160.75503865696));
#6327 = CARTESIAN_POINT('',(64.086917231526,165.08516567588));
#6328 = CARTESIAN_POINT('',(71.586917231526,169.4152926948));
#6329 = CARTESIAN_POINT('',(71.586917231526,160.75503865696));
#6330 = ( GEOMETRIC_REPRESENTATION_CONTEXT(2) 
PARAMETRIC_REPRESENTATION_CONTEXT() REPRESENTATION_CONTEXT('2D SPACE',''
  ) );
#6331 = PCURVE('',#6332,#6337);
#6332 = CYLINDRICAL_SURFACE('',#6333,5.);
#6333 = AXIS2_PLACEMENT_3D('',#6334,#6335,#6336);
#6334 = CARTESIAN_POINT('',(66.586917231526,160.75503865696,-8.5));
#6335 = DIRECTION('',(-0.,-0.,-1.));
#6336 = DIRECTION('',(1.,0.,0.));
#6337 = DEFINITIONAL_REPRESENTATION('',(#6338),#6342);
#6338 = LINE('',#6339,#6340);
#6339 = CARTESIAN_POINT('',(-4.138911435803E-13,-1.));
#6340 = VECTOR('',#6341,1.);
#6341 = DIRECTION('',(1.,-0.));
#6342 = ( GEOMETRIC_REPRESENTATION_CONTEXT(2) 
PARAMETRIC_REPRESENTATION_CONTEXT() REPRESENTATION_CONTEXT('2D SPACE',''
  ) );
#6343 = FACE_BOUND('',#6344,.F.);
#6344 = EDGE_LOOP('',(#6345));
#6345 = ORIENTED_EDGE('',*,*,#6346,.T.);
#6346 = EDGE_CURVE('',#6347,#6347,#6349,.T.);
#6347 = VERTEX_POINT('',#6348);
#6348 = CARTESIAN_POINT('',(134.5,90.,-7.5));
#6349 = SURFACE_CURVE('',#6350,(#6355,#6366),.PCURVE_S1.);
#6350 = CIRCLE('',#6351,4.5);
#6351 = AXIS2_PLACEMENT_3D('',#6352,#6353,#6354);
#6352 = CARTESIAN_POINT('',(130.,90.,-7.5));
#6353 = DIRECTION('',(0.,0.,-1.));
#6354 = DIRECTION('',(1.,0.,0.));
#6355 = PCURVE('',#5647,#6356);
#6356 = DEFINITIONAL_REPRESENTATION('',(#6357),#6365);
#6357 = ( BOUNDED_CURVE() B_SPLINE_CURVE(2,(#6358,#6359,#6360,#6361,
#6362,#6363,#6364),.UNSPECIFIED.,.T.,.F.) B_SPLINE_CURVE_WITH_KNOTS((1,2
    ,2,2,2,1),(-2.094395102393,0.,2.094395102393,4.188790204786,
6.28318530718,8.377580409573),.UNSPECIFIED.) CURVE() 
GEOMETRIC_REPRESENTATION_ITEM() RATIONAL_B_SPLINE_CURVE((1.,0.5,1.,0.5,
1.,0.5,1.)) REPRESENTATION_ITEM('') );
#6358 = CARTESIAN_POINT('',(134.5,90.));
#6359 = CARTESIAN_POINT('',(134.5,82.20577136594));
#6360 = CARTESIAN_POINT('',(127.75,86.10288568297));
#6361 = CARTESIAN_POINT('',(121.,90.));
#6362 = CARTESIAN_POINT('',(127.75,93.89711431703));
#6363 = CARTESIAN_POINT('',(134.5,97.79422863406));
#6364 = CARTESIAN_POINT('',(134.5,90.));
#6365 = ( GEOMETRIC_REPRESENTATION_CONTEXT(2) 
PARAMETRIC_REPRESENTATION_CONTEXT() REPRESENTATION_CONTEXT('2D SPACE',''
  ) );
#6366 = PCURVE('',#6367,#6372);
#6367 = CYLINDRICAL_SURFACE('',#6368,4.5);
#6368 = AXIS2_PLACEMENT_3D('',#6369,#6370,#6371);
#6369 = CARTESIAN_POINT('',(130.,90.,-8.5));
#6370 = DIRECTION('',(-0.,-0.,-1.));
#6371 = DIRECTION('',(1.,0.,0.));
#6372 = DEFINITIONAL_REPRESENTATION('',(#6373),#6377);
#6373 = LINE('',#6374,#6375);
#6374 = CARTESIAN_POINT('',(-4.138911435803E-13,-1.));
#6375 = VECTOR('',#6376,1.);
#6376 = DIRECTION('',(1.,-0.));
#6377 = ( GEOMETRIC_REPRESENTATION_CONTEXT(2) 
PARAMETRIC_REPRESENTATION_CONTEXT() REPRESENTATION_CONTEXT('2D SPACE',''
  ) );
#6378 = ADVANCED_FACE('',(#6379,#6382,#6412,#6442,#6472,#6502,#6532,
    #6562,#6592,#6622,#6652,#6682,#6712,#6742,#6772,#6802,#6832,#6862,
    #6892,#6922),#5697,.T.);
#6379 = FACE_BOUND('',#6380,.T.);
#6380 = EDGE_LOOP('',(#6381));
#6381 = ORIENTED_EDGE('',*,*,#5682,.T.);
#6382 = FACE_BOUND('',#6383,.T.);
#6383 = EDGE_LOOP('',(#6384));
#6384 = ORIENTED_EDGE('',*,*,#6385,.T.);
#6385 = EDGE_CURVE('',#6386,#6386,#6388,.T.);
#6386 = VERTEX_POINT('',#6387);
#6387 = CARTESIAN_POINT('',(-125.5,-90.,7.5));
#6388 = SURFACE_CURVE('',#6389,(#6394,#6405),.PCURVE_S1.);
#6389 = CIRCLE('',#6390,4.5);
#6390 = AXIS2_PLACEMENT_3D('',#6391,#6392,#6393);
#6391 = CARTESIAN_POINT('',(-130.,-90.,7.5));
#6392 = DIRECTION('',(0.,0.,-1.));
#6393 = DIRECTION('',(1.,0.,0.));
#6394 = PCURVE('',#5697,#6395);
#6395 = DEFINITIONAL_REPRESENTATION('',(#6396),#6404);
#6396 = ( BOUNDED_CURVE() B_SPLINE_CURVE(2,(#6397,#6398,#6399,#6400,
#6401,#6402,#6403),.UNSPECIFIED.,.T.,.F.) B_SPLINE_CURVE_WITH_KNOTS((1,2
    ,2,2,2,1),(-2.094395102393,0.,2.094395102393,4.188790204786,
6.28318530718,8.377580409573),.UNSPECIFIED.) CURVE() 
GEOMETRIC_REPRESENTATION_ITEM() RATIONAL_B_SPLINE_CURVE((1.,0.5,1.,0.5,
1.,0.5,1.)) REPRESENTATION_ITEM('') );
#6397 = CARTESIAN_POINT('',(-125.5,-90.));
#6398 = CARTESIAN_POINT('',(-125.5,-97.79422863406));
#6399 = CARTESIAN_POINT('',(-132.25,-93.89711431703));
#6400 = CARTESIAN_POINT('',(-139.,-90.));
#6401 = CARTESIAN_POINT('',(-132.25,-86.10288568297));
#6402 = CARTESIAN_POINT('',(-125.5,-82.20577136594));
#6403 = CARTESIAN_POINT('',(-125.5,-90.));
#6404 = ( GEOMETRIC_REPRESENTATION_CONTEXT(2) 
PARAMETRIC_REPRESENTATION_CONTEXT() REPRESENTATION_CONTEXT('2D SPACE',''
  ) );
#6405 = PCURVE('',#5737,#6406);
#6406 = DEFINITIONAL_REPRESENTATION('',(#6407),#6411);
#6407 = LINE('',#6408,#6409);
#6408 = CARTESIAN_POINT('',(-4.138911435803E-13,-16.));
#6409 = VECTOR('',#6410,1.);
#6410 = DIRECTION('',(1.,-0.));
#6411 = ( GEOMETRIC_REPRESENTATION_CONTEXT(2) 
PARAMETRIC_REPRESENTATION_CONTEXT() REPRESENTATION_CONTEXT('2D SPACE',''
  ) );
#6412 = FACE_BOUND('',#6413,.T.);
#6413 = EDGE_LOOP('',(#6414));
#6414 = ORIENTED_EDGE('',*,*,#6415,.T.);
#6415 = EDGE_CURVE('',#6416,#6416,#6418,.T.);
#6416 = VERTEX_POINT('',#6417);
#6417 = CARTESIAN_POINT('',(-61.58691723152,-160.7550386569,7.5));
#6418 = SURFACE_CURVE('',#6419,(#6424,#6435),.PCURVE_S1.);
#6419 = CIRCLE('',#6420,5.);
#6420 = AXIS2_PLACEMENT_3D('',#6421,#6422,#6423);
#6421 = CARTESIAN_POINT('',(-66.58691723152,-160.7550386569,7.5));
#6422 = DIRECTION('',(0.,0.,-1.));
#6423 = DIRECTION('',(1.,0.,0.));
#6424 = PCURVE('',#5697,#6425);
#6425 = DEFINITIONAL_REPRESENTATION('',(#6426),#6434);
#6426 = ( BOUNDED_CURVE() B_SPLINE_CURVE(2,(#6427,#6428,#6429,#6430,
#6431,#6432,#6433),.UNSPECIFIED.,.T.,.F.) B_SPLINE_CURVE_WITH_KNOTS((1,2
    ,2,2,2,1),(-2.094395102393,0.,2.094395102393,4.188790204786,
6.28318530718,8.377580409573),.UNSPECIFIED.) CURVE() 
GEOMETRIC_REPRESENTATION_ITEM() RATIONAL_B_SPLINE_CURVE((1.,0.5,1.,0.5,
1.,0.5,1.)) REPRESENTATION_ITEM('') );
#6427 = CARTESIAN_POINT('',(-61.58691723152,-160.7550386569));
#6428 = CARTESIAN_POINT('',(-61.58691723152,-169.4152926947));
#6429 = CARTESIAN_POINT('',(-69.08691723152,-165.0851656758));
#6430 = CARTESIAN_POINT('',(-76.58691723152,-160.7550386569));
#6431 = CARTESIAN_POINT('',(-69.08691723152,-156.4249116379));
#6432 = CARTESIAN_POINT('',(-61.58691723152,-152.094784619));
#6433 = CARTESIAN_POINT('',(-61.58691723152,-160.7550386569));
#6434 = ( GEOMETRIC_REPRESENTATION_CONTEXT(2) 
PARAMETRIC_REPRESENTATION_CONTEXT() REPRESENTATION_CONTEXT('2D SPACE',''
  ) );
#6435 = PCURVE('',#5772,#6436);
#6436 = DEFINITIONAL_REPRESENTATION('',(#6437),#6441);
#6437 = LINE('',#6438,#6439);
#6438 = CARTESIAN_POINT('',(-4.138911435803E-13,-16.));
#6439 = VECTOR('',#6440,1.);
#6440 = DIRECTION('',(1.,-0.));
#6441 = ( GEOMETRIC_REPRESENTATION_CONTEXT(2) 
PARAMETRIC_REPRESENTATION_CONTEXT() REPRESENTATION_CONTEXT('2D SPACE',''
  ) );
#6442 = FACE_BOUND('',#6443,.T.);
#6443 = EDGE_LOOP('',(#6444));
#6444 = ORIENTED_EDGE('',*,*,#6445,.T.);
#6445 = EDGE_CURVE('',#6446,#6446,#6448,.T.);
#6446 = VERTEX_POINT('',#6447);
#6447 = CARTESIAN_POINT('',(-155.7550386569,-66.58691723152,7.5));
#6448 = SURFACE_CURVE('',#6449,(#6454,#6465),.PCURVE_S1.);
#6449 = CIRCLE('',#6450,5.);
#6450 = AXIS2_PLACEMENT_3D('',#6451,#6452,#6453);
#6451 = CARTESIAN_POINT('',(-160.7550386569,-66.58691723152,7.5));
#6452 = DIRECTION('',(0.,0.,-1.));
#6453 = DIRECTION('',(1.,0.,0.));
#6454 = PCURVE('',#5697,#6455);
#6455 = DEFINITIONAL_REPRESENTATION('',(#6456),#6464);
#6456 = ( BOUNDED_CURVE() B_SPLINE_CURVE(2,(#6457,#6458,#6459,#6460,
#6461,#6462,#6463),.UNSPECIFIED.,.T.,.F.) B_SPLINE_CURVE_WITH_KNOTS((1,2
    ,2,2,2,1),(-2.094395102393,0.,2.094395102393,4.188790204786,
6.28318530718,8.377580409573),.UNSPECIFIED.) CURVE() 
GEOMETRIC_REPRESENTATION_ITEM() RATIONAL_B_SPLINE_CURVE((1.,0.5,1.,0.5,
1.,0.5,1.)) REPRESENTATION_ITEM('') );
#6457 = CARTESIAN_POINT('',(-155.7550386569,-66.58691723152));
#6458 = CARTESIAN_POINT('',(-155.7550386569,-75.24717126936));
#6459 = CARTESIAN_POINT('',(-163.2550386569,-70.91704425044));
#6460 = CARTESIAN_POINT('',(-170.7550386569,-66.58691723152));
#6461 = CARTESIAN_POINT('',(-163.2550386569,-62.25679021259));
#6462 = CARTESIAN_POINT('',(-155.7550386569,-57.92666319367));
#6463 = CARTESIAN_POINT('',(-155.7550386569,-66.58691723152));
#6464 = ( GEOMETRIC_REPRESENTATION_CONTEXT(2) 
PARAMETRIC_REPRESENTATION_CONTEXT() REPRESENTATION_CONTEXT('2D SPACE',''
  ) );
#6465 = PCURVE('',#5807,#6466);
#6466 = DEFINITIONAL_REPRESENTATION('',(#6467),#6471);
#6467 = LINE('',#6468,#6469);
#6468 = CARTESIAN_POINT('',(-4.138911435803E-13,-16.));
#6469 = VECTOR('',#6470,1.);
#6470 = DIRECTION('',(1.,-0.));
#6471 = ( GEOMETRIC_REPRESENTATION_CONTEXT(2) 
PARAMETRIC_REPRESENTATION_CONTEXT() REPRESENTATION_CONTEXT('2D SPACE',''
  ) );
#6472 = FACE_BOUND('',#6473,.T.);
#6473 = EDGE_LOOP('',(#6474));
#6474 = ORIENTED_EDGE('',*,*,#6475,.T.);
#6475 = EDGE_CURVE('',#6476,#6476,#6478,.T.);
#6476 = VERTEX_POINT('',#6477);
#6477 = CARTESIAN_POINT('',(-26.,-51.96152422706,7.5));
#6478 = SURFACE_CURVE('',#6479,(#6484,#6495),.PCURVE_S1.);
#6479 = CIRCLE('',#6480,4.);
#6480 = AXIS2_PLACEMENT_3D('',#6481,#6482,#6483);
#6481 = CARTESIAN_POINT('',(-30.,-51.96152422706,7.5));
#6482 = DIRECTION('',(0.,0.,-1.));
#6483 = DIRECTION('',(1.,0.,0.));
#6484 = PCURVE('',#5697,#6485);
#6485 = DEFINITIONAL_REPRESENTATION('',(#6486),#6494);
#6486 = ( BOUNDED_CURVE() B_SPLINE_CURVE(2,(#6487,#6488,#6489,#6490,
#6491,#6492,#6493),.UNSPECIFIED.,.T.,.F.) B_SPLINE_CURVE_WITH_KNOTS((1,2
    ,2,2,2,1),(-2.094395102393,0.,2.094395102393,4.188790204786,
6.28318530718,8.377580409573),.UNSPECIFIED.) CURVE() 
GEOMETRIC_REPRESENTATION_ITEM() RATIONAL_B_SPLINE_CURVE((1.,0.5,1.,0.5,
1.,0.5,1.)) REPRESENTATION_ITEM('') );
#6487 = CARTESIAN_POINT('',(-26.,-51.96152422706));
#6488 = CARTESIAN_POINT('',(-26.,-58.88972745733));
#6489 = CARTESIAN_POINT('',(-32.,-55.42562584219));
#6490 = CARTESIAN_POINT('',(-38.,-51.96152422706));
#6491 = CARTESIAN_POINT('',(-32.,-48.49742261192));
#6492 = CARTESIAN_POINT('',(-26.,-45.03332099678));
#6493 = CARTESIAN_POINT('',(-26.,-51.96152422706));
#6494 = ( GEOMETRIC_REPRESENTATION_CONTEXT(2) 
PARAMETRIC_REPRESENTATION_CONTEXT() REPRESENTATION_CONTEXT('2D SPACE',''
  ) );
#6495 = PCURVE('',#5842,#6496);
#6496 = DEFINITIONAL_REPRESENTATION('',(#6497),#6501);
#6497 = LINE('',#6498,#6499);
#6498 = CARTESIAN_POINT('',(-4.138911435803E-13,-16.));
#6499 = VECTOR('',#6500,1.);
#6500 = DIRECTION('',(1.,-0.));
#6501 = ( GEOMETRIC_REPRESENTATION_CONTEXT(2) 
PARAMETRIC_REPRESENTATION_CONTEXT() REPRESENTATION_CONTEXT('2D SPACE',''
  ) );
#6502 = FACE_BOUND('',#6503,.T.);
#6503 = EDGE_LOOP('',(#6504));
#6504 = ORIENTED_EDGE('',*,*,#6505,.T.);
#6505 = EDGE_CURVE('',#6506,#6506,#6508,.T.);
#6506 = VERTEX_POINT('',#6507);
#6507 = CARTESIAN_POINT('',(71.586917231526,-160.7550386569,7.5));
#6508 = SURFACE_CURVE('',#6509,(#6514,#6525),.PCURVE_S1.);
#6509 = CIRCLE('',#6510,5.);
#6510 = AXIS2_PLACEMENT_3D('',#6511,#6512,#6513);
#6511 = CARTESIAN_POINT('',(66.586917231526,-160.7550386569,7.5));
#6512 = DIRECTION('',(0.,0.,-1.));
#6513 = DIRECTION('',(1.,0.,0.));
#6514 = PCURVE('',#5697,#6515);
#6515 = DEFINITIONAL_REPRESENTATION('',(#6516),#6524);
#6516 = ( BOUNDED_CURVE() B_SPLINE_CURVE(2,(#6517,#6518,#6519,#6520,
#6521,#6522,#6523),.UNSPECIFIED.,.T.,.F.) B_SPLINE_CURVE_WITH_KNOTS((1,2
    ,2,2,2,1),(-2.094395102393,0.,2.094395102393,4.188790204786,
6.28318530718,8.377580409573),.UNSPECIFIED.) CURVE() 
GEOMETRIC_REPRESENTATION_ITEM() RATIONAL_B_SPLINE_CURVE((1.,0.5,1.,0.5,
1.,0.5,1.)) REPRESENTATION_ITEM('') );
#6517 = CARTESIAN_POINT('',(71.586917231526,-160.7550386569));
#6518 = CARTESIAN_POINT('',(71.586917231526,-169.4152926947));
#6519 = CARTESIAN_POINT('',(64.086917231526,-165.0851656758));
#6520 = CARTESIAN_POINT('',(56.586917231526,-160.7550386569));
#6521 = CARTESIAN_POINT('',(64.086917231526,-156.4249116379));
#6522 = CARTESIAN_POINT('',(71.586917231526,-152.094784619));
#6523 = CARTESIAN_POINT('',(71.586917231526,-160.7550386569));
#6524 = ( GEOMETRIC_REPRESENTATION_CONTEXT(2) 
PARAMETRIC_REPRESENTATION_CONTEXT() REPRESENTATION_CONTEXT('2D SPACE',''
  ) );
#6525 = PCURVE('',#5877,#6526);
#6526 = DEFINITIONAL_REPRESENTATION('',(#6527),#6531);
#6527 = LINE('',#6528,#6529);
#6528 = CARTESIAN_POINT('',(-4.138911435803E-13,-16.));
#6529 = VECTOR('',#6530,1.);
#6530 = DIRECTION('',(1.,-0.));
#6531 = ( GEOMETRIC_REPRESENTATION_CONTEXT(2) 
PARAMETRIC_REPRESENTATION_CONTEXT() REPRESENTATION_CONTEXT('2D SPACE',''
  ) );
#6532 = FACE_BOUND('',#6533,.T.);
#6533 = EDGE_LOOP('',(#6534));
#6534 = ORIENTED_EDGE('',*,*,#6535,.T.);
#6535 = EDGE_CURVE('',#6536,#6536,#6538,.T.);
#6536 = VERTEX_POINT('',#6537);
#6537 = CARTESIAN_POINT('',(134.5,-90.,7.5));
#6538 = SURFACE_CURVE('',#6539,(#6544,#6555),.PCURVE_S1.);
#6539 = CIRCLE('',#6540,4.5);
#6540 = AXIS2_PLACEMENT_3D('',#6541,#6542,#6543);
#6541 = CARTESIAN_POINT('',(130.,-90.,7.5));
#6542 = DIRECTION('',(0.,0.,-1.));
#6543 = DIRECTION('',(1.,0.,0.));
#6544 = PCURVE('',#5697,#6545);
#6545 = DEFINITIONAL_REPRESENTATION('',(#6546),#6554);
#6546 = ( BOUNDED_CURVE() B_SPLINE_CURVE(2,(#6547,#6548,#6549,#6550,
#6551,#6552,#6553),.UNSPECIFIED.,.T.,.F.) B_SPLINE_CURVE_WITH_KNOTS((1,2
    ,2,2,2,1),(-2.094395102393,0.,2.094395102393,4.188790204786,
6.28318530718,8.377580409573),.UNSPECIFIED.) CURVE() 
GEOMETRIC_REPRESENTATION_ITEM() RATIONAL_B_SPLINE_CURVE((1.,0.5,1.,0.5,
1.,0.5,1.)) REPRESENTATION_ITEM('') );
#6547 = CARTESIAN_POINT('',(134.5,-90.));
#6548 = CARTESIAN_POINT('',(134.5,-97.79422863406));
#6549 = CARTESIAN_POINT('',(127.75,-93.89711431703));
#6550 = CARTESIAN_POINT('',(121.,-90.));
#6551 = CARTESIAN_POINT('',(127.75,-86.10288568297));
#6552 = CARTESIAN_POINT('',(134.5,-82.20577136594));
#6553 = CARTESIAN_POINT('',(134.5,-90.));
#6554 = ( GEOMETRIC_REPRESENTATION_CONTEXT(2) 
PARAMETRIC_REPRESENTATION_CONTEXT() REPRESENTATION_CONTEXT('2D SPACE',''
  ) );
#6555 = PCURVE('',#5912,#6556);
#6556 = DEFINITIONAL_REPRESENTATION('',(#6557),#6561);
#6557 = LINE('',#6558,#6559);
#6558 = CARTESIAN_POINT('',(-4.138911435803E-13,-16.));
#6559 = VECTOR('',#6560,1.);
#6560 = DIRECTION('',(1.,-0.));
#6561 = ( GEOMETRIC_REPRESENTATION_CONTEXT(2) 
PARAMETRIC_REPRESENTATION_CONTEXT() REPRESENTATION_CONTEXT('2D SPACE',''
  ) );
#6562 = FACE_BOUND('',#6563,.T.);
#6563 = EDGE_LOOP('',(#6564));
#6564 = ORIENTED_EDGE('',*,*,#6565,.T.);
#6565 = EDGE_CURVE('',#6566,#6566,#6568,.T.);
#6566 = VERTEX_POINT('',#6567);
#6567 = CARTESIAN_POINT('',(34.,-51.96152422706,7.5));
#6568 = SURFACE_CURVE('',#6569,(#6574,#6585),.PCURVE_S1.);
#6569 = CIRCLE('',#6570,4.);
#6570 = AXIS2_PLACEMENT_3D('',#6571,#6572,#6573);
#6571 = CARTESIAN_POINT('',(30.,-51.96152422706,7.5));
#6572 = DIRECTION('',(0.,0.,-1.));
#6573 = DIRECTION('',(1.,0.,0.));
#6574 = PCURVE('',#5697,#6575);
#6575 = DEFINITIONAL_REPRESENTATION('',(#6576),#6584);
#6576 = ( BOUNDED_CURVE() B_SPLINE_CURVE(2,(#6577,#6578,#6579,#6580,
#6581,#6582,#6583),.UNSPECIFIED.,.T.,.F.) B_SPLINE_CURVE_WITH_KNOTS((1,2
    ,2,2,2,1),(-2.094395102393,0.,2.094395102393,4.188790204786,
6.28318530718,8.377580409573),.UNSPECIFIED.) CURVE() 
GEOMETRIC_REPRESENTATION_ITEM() RATIONAL_B_SPLINE_CURVE((1.,0.5,1.,0.5,
1.,0.5,1.)) REPRESENTATION_ITEM('') );
#6577 = CARTESIAN_POINT('',(34.,-51.96152422706));
#6578 = CARTESIAN_POINT('',(34.,-58.88972745733));
#6579 = CARTESIAN_POINT('',(28.,-55.42562584219));
#6580 = CARTESIAN_POINT('',(22.,-51.96152422706));
#6581 = CARTESIAN_POINT('',(28.,-48.49742261192));
#6582 = CARTESIAN_POINT('',(34.,-45.03332099678));
#6583 = CARTESIAN_POINT('',(34.,-51.96152422706));
#6584 = ( GEOMETRIC_REPRESENTATION_CONTEXT(2) 
PARAMETRIC_REPRESENTATION_CONTEXT() REPRESENTATION_CONTEXT('2D SPACE',''
  ) );
#6585 = PCURVE('',#5947,#6586);
#6586 = DEFINITIONAL_REPRESENTATION('',(#6587),#6591);
#6587 = LINE('',#6588,#6589);
#6588 = CARTESIAN_POINT('',(-4.138911435803E-13,-16.));
#6589 = VECTOR('',#6590,1.);
#6590 = DIRECTION('',(1.,-0.));
#6591 = ( GEOMETRIC_REPRESENTATION_CONTEXT(2) 
PARAMETRIC_REPRESENTATION_CONTEXT() REPRESENTATION_CONTEXT('2D SPACE',''
  ) );
#6592 = FACE_BOUND('',#6593,.T.);
#6593 = EDGE_LOOP('',(#6594));
#6594 = ORIENTED_EDGE('',*,*,#6595,.T.);
#6595 = EDGE_CURVE('',#6596,#6596,#6598,.T.);
#6596 = VERTEX_POINT('',#6597);
#6597 = CARTESIAN_POINT('',(165.75503865696,-66.58691723152,7.5));
#6598 = SURFACE_CURVE('',#6599,(#6604,#6615),.PCURVE_S1.);
#6599 = CIRCLE('',#6600,5.);
#6600 = AXIS2_PLACEMENT_3D('',#6601,#6602,#6603);
#6601 = CARTESIAN_POINT('',(160.75503865696,-66.58691723152,7.5));
#6602 = DIRECTION('',(0.,0.,-1.));
#6603 = DIRECTION('',(1.,0.,0.));
#6604 = PCURVE('',#5697,#6605);
#6605 = DEFINITIONAL_REPRESENTATION('',(#6606),#6614);
#6606 = ( BOUNDED_CURVE() B_SPLINE_CURVE(2,(#6607,#6608,#6609,#6610,
#6611,#6612,#6613),.UNSPECIFIED.,.T.,.F.) B_SPLINE_CURVE_WITH_KNOTS((1,2
    ,2,2,2,1),(-2.094395102393,0.,2.094395102393,4.188790204786,
6.28318530718,8.377580409573),.UNSPECIFIED.) CURVE() 
GEOMETRIC_REPRESENTATION_ITEM() RATIONAL_B_SPLINE_CURVE((1.,0.5,1.,0.5,
1.,0.5,1.)) REPRESENTATION_ITEM('') );
#6607 = CARTESIAN_POINT('',(165.75503865696,-66.58691723152));
#6608 = CARTESIAN_POINT('',(165.75503865696,-75.24717126936));
#6609 = CARTESIAN_POINT('',(158.25503865696,-70.91704425044));
#6610 = CARTESIAN_POINT('',(150.75503865696,-66.58691723152));
#6611 = CARTESIAN_POINT('',(158.25503865696,-62.25679021259));
#6612 = CARTESIAN_POINT('',(165.75503865696,-57.92666319367));
#6613 = CARTESIAN_POINT('',(165.75503865696,-66.58691723152));
#6614 = ( GEOMETRIC_REPRESENTATION_CONTEXT(2) 
PARAMETRIC_REPRESENTATION_CONTEXT() REPRESENTATION_CONTEXT('2D SPACE',''
  ) );
#6615 = PCURVE('',#5982,#6616);
#6616 = DEFINITIONAL_REPRESENTATION('',(#6617),#6621);
#6617 = LINE('',#6618,#6619);
#6618 = CARTESIAN_POINT('',(-4.138911435803E-13,-16.));
#6619 = VECTOR('',#6620,1.);
#6620 = DIRECTION('',(1.,-0.));
#6621 = ( GEOMETRIC_REPRESENTATION_CONTEXT(2) 
PARAMETRIC_REPRESENTATION_CONTEXT() REPRESENTATION_CONTEXT('2D SPACE',''
  ) );
#6622 = FACE_BOUND('',#6623,.T.);
#6623 = EDGE_LOOP('',(#6624));
#6624 = ORIENTED_EDGE('',*,*,#6625,.T.);
#6625 = EDGE_CURVE('',#6626,#6626,#6628,.T.);
#6626 = VERTEX_POINT('',#6627);
#6627 = CARTESIAN_POINT('',(-155.7550386569,66.586917231526,7.5));
#6628 = SURFACE_CURVE('',#6629,(#6634,#6645),.PCURVE_S1.);
#6629 = CIRCLE('',#6630,5.);
#6630 = AXIS2_PLACEMENT_3D('',#6631,#6632,#6633);
#6631 = CARTESIAN_POINT('',(-160.7550386569,66.586917231526,7.5));
#6632 = DIRECTION('',(0.,0.,-1.));
#6633 = DIRECTION('',(1.,0.,0.));
#6634 = PCURVE('',#5697,#6635);
#6635 = DEFINITIONAL_REPRESENTATION('',(#6636),#6644);
#6636 = ( BOUNDED_CURVE() B_SPLINE_CURVE(2,(#6637,#6638,#6639,#6640,
#6641,#6642,#6643),.UNSPECIFIED.,.T.,.F.) B_SPLINE_CURVE_WITH_KNOTS((1,2
    ,2,2,2,1),(-2.094395102393,0.,2.094395102393,4.188790204786,
6.28318530718,8.377580409573),.UNSPECIFIED.) CURVE() 
GEOMETRIC_REPRESENTATION_ITEM() RATIONAL_B_SPLINE_CURVE((1.,0.5,1.,0.5,
1.,0.5,1.)) REPRESENTATION_ITEM('') );
#6637 = CARTESIAN_POINT('',(-155.7550386569,66.586917231526));
#6638 = CARTESIAN_POINT('',(-155.7550386569,57.926663193682));
#6639 = CARTESIAN_POINT('',(-163.2550386569,62.256790212604));
#6640 = CARTESIAN_POINT('',(-170.7550386569,66.586917231526));
#6641 = CARTESIAN_POINT('',(-163.2550386569,70.917044250448));
#6642 = CARTESIAN_POINT('',(-155.7550386569,75.24717126937));
#6643 = CARTESIAN_POINT('',(-155.7550386569,66.586917231526));
#6644 = ( GEOMETRIC_REPRESENTATION_CONTEXT(2) 
PARAMETRIC_REPRESENTATION_CONTEXT() REPRESENTATION_CONTEXT('2D SPACE',''
  ) );
#6645 = PCURVE('',#6017,#6646);
#6646 = DEFINITIONAL_REPRESENTATION('',(#6647),#6651);
#6647 = LINE('',#6648,#6649);
#6648 = CARTESIAN_POINT('',(-4.138911435803E-13,-16.));
#6649 = VECTOR('',#6650,1.);
#6650 = DIRECTION('',(1.,-0.));
#6651 = ( GEOMETRIC_REPRESENTATION_CONTEXT(2) 
PARAMETRIC_REPRESENTATION_CONTEXT() REPRESENTATION_CONTEXT('2D SPACE',''
  ) );
#6652 = FACE_BOUND('',#6653,.T.);
#6653 = EDGE_LOOP('',(#6654));
#6654 = ORIENTED_EDGE('',*,*,#6655,.T.);
#6655 = EDGE_CURVE('',#6656,#6656,#6658,.T.);
#6656 = VERTEX_POINT('',#6657);
#6657 = CARTESIAN_POINT('',(-56.,7.347880794884E-15,7.5));
#6658 = SURFACE_CURVE('',#6659,(#6664,#6675),.PCURVE_S1.);
#6659 = CIRCLE('',#6660,4.);
#6660 = AXIS2_PLACEMENT_3D('',#6661,#6662,#6663);
#6661 = CARTESIAN_POINT('',(-60.,7.347880794884E-15,7.5));
#6662 = DIRECTION('',(0.,0.,-1.));
#6663 = DIRECTION('',(1.,0.,0.));
#6664 = PCURVE('',#5697,#6665);
#6665 = DEFINITIONAL_REPRESENTATION('',(#6666),#6674);
#6666 = ( BOUNDED_CURVE() B_SPLINE_CURVE(2,(#6667,#6668,#6669,#6670,
#6671,#6672,#6673),.UNSPECIFIED.,.T.,.F.) B_SPLINE_CURVE_WITH_KNOTS((1,2
    ,2,2,2,1),(-2.094395102393,0.,2.094395102393,4.188790204786,
6.28318530718,8.377580409573),.UNSPECIFIED.) CURVE() 
GEOMETRIC_REPRESENTATION_ITEM() RATIONAL_B_SPLINE_CURVE((1.,0.5,1.,0.5,
1.,0.5,1.)) REPRESENTATION_ITEM('') );
#6667 = CARTESIAN_POINT('',(-56.,7.892606269217E-15));
#6668 = CARTESIAN_POINT('',(-56.,-6.928203230275));
#6669 = CARTESIAN_POINT('',(-62.,-3.464101615138));
#6670 = CARTESIAN_POINT('',(-68.,6.912888829899E-15));
#6671 = CARTESIAN_POINT('',(-62.,3.464101615138));
#6672 = CARTESIAN_POINT('',(-56.,6.928203230276));
#6673 = CARTESIAN_POINT('',(-56.,7.892606269217E-15));
#6674 = ( GEOMETRIC_REPRESENTATION_CONTEXT(2) 
PARAMETRIC_REPRESENTATION_CONTEXT() REPRESENTATION_CONTEXT('2D SPACE',''
  ) );
#6675 = PCURVE('',#6052,#6676);
#6676 = DEFINITIONAL_REPRESENTATION('',(#6677),#6681);
#6677 = LINE('',#6678,#6679);
#6678 = CARTESIAN_POINT('',(-4.138911435803E-13,-16.));
#6679 = VECTOR('',#6680,1.);
#6680 = DIRECTION('',(1.,-0.));
#6681 = ( GEOMETRIC_REPRESENTATION_CONTEXT(2) 
PARAMETRIC_REPRESENTATION_CONTEXT() REPRESENTATION_CONTEXT('2D SPACE',''
  ) );
#6682 = FACE_BOUND('',#6683,.T.);
#6683 = EDGE_LOOP('',(#6684));
#6684 = ORIENTED_EDGE('',*,*,#6685,.T.);
#6685 = EDGE_CURVE('',#6686,#6686,#6688,.T.);
#6686 = VERTEX_POINT('',#6687);
#6687 = CARTESIAN_POINT('',(-26.,51.961524227066,7.5));
#6688 = SURFACE_CURVE('',#6689,(#6694,#6705),.PCURVE_S1.);
#6689 = CIRCLE('',#6690,4.);
#6690 = AXIS2_PLACEMENT_3D('',#6691,#6692,#6693);
#6691 = CARTESIAN_POINT('',(-30.,51.961524227066,7.5));
#6692 = DIRECTION('',(0.,0.,-1.));
#6693 = DIRECTION('',(1.,0.,0.));
#6694 = PCURVE('',#5697,#6695);
#6695 = DEFINITIONAL_REPRESENTATION('',(#6696),#6704);
#6696 = ( BOUNDED_CURVE() B_SPLINE_CURVE(2,(#6697,#6698,#6699,#6700,
#6701,#6702,#6703),.UNSPECIFIED.,.T.,.F.) B_SPLINE_CURVE_WITH_KNOTS((1,2
    ,2,2,2,1),(-2.094395102393,0.,2.094395102393,4.188790204786,
6.28318530718,8.377580409573),.UNSPECIFIED.) CURVE() 
GEOMETRIC_REPRESENTATION_ITEM() RATIONAL_B_SPLINE_CURVE((1.,0.5,1.,0.5,
1.,0.5,1.)) REPRESENTATION_ITEM('') );
#6697 = CARTESIAN_POINT('',(-26.,51.961524227066));
#6698 = CARTESIAN_POINT('',(-26.,45.03332099679));
#6699 = CARTESIAN_POINT('',(-32.,48.497422611928));
#6700 = CARTESIAN_POINT('',(-38.,51.961524227066));
#6701 = CARTESIAN_POINT('',(-32.,55.425625842204));
#6702 = CARTESIAN_POINT('',(-26.,58.889727457342));
#6703 = CARTESIAN_POINT('',(-26.,51.961524227066));
#6704 = ( GEOMETRIC_REPRESENTATION_CONTEXT(2) 
PARAMETRIC_REPRESENTATION_CONTEXT() REPRESENTATION_CONTEXT('2D SPACE',''
  ) );
#6705 = PCURVE('',#6087,#6706);
#6706 = DEFINITIONAL_REPRESENTATION('',(#6707),#6711);
#6707 = LINE('',#6708,#6709);
#6708 = CARTESIAN_POINT('',(-4.138911435803E-13,-16.));
#6709 = VECTOR('',#6710,1.);
#6710 = DIRECTION('',(1.,-0.));
#6711 = ( GEOMETRIC_REPRESENTATION_CONTEXT(2) 
PARAMETRIC_REPRESENTATION_CONTEXT() REPRESENTATION_CONTEXT('2D SPACE',''
  ) );
#6712 = FACE_BOUND('',#6713,.T.);
#6713 = EDGE_LOOP('',(#6714));
#6714 = ORIENTED_EDGE('',*,*,#6715,.T.);
#6715 = EDGE_CURVE('',#6716,#6716,#6718,.T.);
#6716 = VERTEX_POINT('',#6717);
#6717 = CARTESIAN_POINT('',(-125.5,90.,7.5));
#6718 = SURFACE_CURVE('',#6719,(#6724,#6735),.PCURVE_S1.);
#6719 = CIRCLE('',#6720,4.5);
#6720 = AXIS2_PLACEMENT_3D('',#6721,#6722,#6723);
#6721 = CARTESIAN_POINT('',(-130.,90.,7.5));
#6722 = DIRECTION('',(0.,0.,-1.));
#6723 = DIRECTION('',(1.,0.,0.));
#6724 = PCURVE('',#5697,#6725);
#6725 = DEFINITIONAL_REPRESENTATION('',(#6726),#6734);
#6726 = ( BOUNDED_CURVE() B_SPLINE_CURVE(2,(#6727,#6728,#6729,#6730,
#6731,#6732,#6733),.UNSPECIFIED.,.T.,.F.) B_SPLINE_CURVE_WITH_KNOTS((1,2
    ,2,2,2,1),(-2.094395102393,0.,2.094395102393,4.188790204786,
6.28318530718,8.377580409573),.UNSPECIFIED.) CURVE() 
GEOMETRIC_REPRESENTATION_ITEM() RATIONAL_B_SPLINE_CURVE((1.,0.5,1.,0.5,
1.,0.5,1.)) REPRESENTATION_ITEM('') );
#6727 = CARTESIAN_POINT('',(-125.5,90.));
#6728 = CARTESIAN_POINT('',(-125.5,82.20577136594));
#6729 = CARTESIAN_POINT('',(-132.25,86.10288568297));
#6730 = CARTESIAN_POINT('',(-139.,90.));
#6731 = CARTESIAN_POINT('',(-132.25,93.89711431703));
#6732 = CARTESIAN_POINT('',(-125.5,97.79422863406));
#6733 = CARTESIAN_POINT('',(-125.5,90.));
#6734 = ( GEOMETRIC_REPRESENTATION_CONTEXT(2) 
PARAMETRIC_REPRESENTATION_CONTEXT() REPRESENTATION_CONTEXT('2D SPACE',''
  ) );
#6735 = PCURVE('',#6122,#6736);
#6736 = DEFINITIONAL_REPRESENTATION('',(#6737),#6741);
#6737 = LINE('',#6738,#6739);
#6738 = CARTESIAN_POINT('',(-4.138911435803E-13,-16.));
#6739 = VECTOR('',#6740,1.);
#6740 = DIRECTION('',(1.,-0.));
#6741 = ( GEOMETRIC_REPRESENTATION_CONTEXT(2) 
PARAMETRIC_REPRESENTATION_CONTEXT() REPRESENTATION_CONTEXT('2D SPACE',''
  ) );
#6742 = FACE_BOUND('',#6743,.T.);
#6743 = EDGE_LOOP('',(#6744));
#6744 = ORIENTED_EDGE('',*,*,#6745,.T.);
#6745 = EDGE_CURVE('',#6746,#6746,#6748,.T.);
#6746 = VERTEX_POINT('',#6747);
#6747 = CARTESIAN_POINT('',(-61.58691723152,160.75503865696,7.5));
#6748 = SURFACE_CURVE('',#6749,(#6754,#6765),.PCURVE_S1.);
#6749 = CIRCLE('',#6750,5.);
#6750 = AXIS2_PLACEMENT_3D('',#6751,#6752,#6753);
#6751 = CARTESIAN_POINT('',(-66.58691723152,160.75503865696,7.5));
#6752 = DIRECTION('',(0.,0.,-1.));
#6753 = DIRECTION('',(1.,0.,0.));
#6754 = PCURVE('',#5697,#6755);
#6755 = DEFINITIONAL_REPRESENTATION('',(#6756),#6764);
#6756 = ( BOUNDED_CURVE() B_SPLINE_CURVE(2,(#6757,#6758,#6759,#6760,
#6761,#6762,#6763),.UNSPECIFIED.,.T.,.F.) B_SPLINE_CURVE_WITH_KNOTS((1,2
    ,2,2,2,1),(-2.094395102393,0.,2.094395102393,4.188790204786,
6.28318530718,8.377580409573),.UNSPECIFIED.) CURVE() 
GEOMETRIC_REPRESENTATION_ITEM() RATIONAL_B_SPLINE_CURVE((1.,0.5,1.,0.5,
1.,0.5,1.)) REPRESENTATION_ITEM('') );
#6757 = CARTESIAN_POINT('',(-61.58691723152,160.75503865696));
#6758 = CARTESIAN_POINT('',(-61.58691723152,152.09478461911));
#6759 = CARTESIAN_POINT('',(-69.08691723152,156.42491163803));
#6760 = CARTESIAN_POINT('',(-76.58691723152,160.75503865696));
#6761 = CARTESIAN_POINT('',(-69.08691723152,165.08516567588));
#6762 = CARTESIAN_POINT('',(-61.58691723152,169.4152926948));
#6763 = CARTESIAN_POINT('',(-61.58691723152,160.75503865696));
#6764 = ( GEOMETRIC_REPRESENTATION_CONTEXT(2) 
PARAMETRIC_REPRESENTATION_CONTEXT() REPRESENTATION_CONTEXT('2D SPACE',''
  ) );
#6765 = PCURVE('',#6157,#6766);
#6766 = DEFINITIONAL_REPRESENTATION('',(#6767),#6771);
#6767 = LINE('',#6768,#6769);
#6768 = CARTESIAN_POINT('',(-4.138911435803E-13,-16.));
#6769 = VECTOR('',#6770,1.);
#6770 = DIRECTION('',(1.,-0.));
#6771 = ( GEOMETRIC_REPRESENTATION_CONTEXT(2) 
PARAMETRIC_REPRESENTATION_CONTEXT() REPRESENTATION_CONTEXT('2D SPACE',''
  ) );
#6772 = FACE_BOUND('',#6773,.T.);
#6773 = EDGE_LOOP('',(#6774));
#6774 = ORIENTED_EDGE('',*,*,#6775,.T.);
#6775 = EDGE_CURVE('',#6776,#6776,#6778,.T.);
#6776 = VERTEX_POINT('',#6777);
#6777 = CARTESIAN_POINT('',(38.,0.,7.5));
#6778 = SURFACE_CURVE('',#6779,(#6784,#6795),.PCURVE_S1.);
#6779 = CIRCLE('',#6780,38.);
#6780 = AXIS2_PLACEMENT_3D('',#6781,#6782,#6783);
#6781 = CARTESIAN_POINT('',(0.,0.,7.5));
#6782 = DIRECTION('',(0.,0.,-1.));
#6783 = DIRECTION('',(1.,0.,0.));
#6784 = PCURVE('',#5697,#6785);
#6785 = DEFINITIONAL_REPRESENTATION('',(#6786),#6794);
#6786 = ( BOUNDED_CURVE() B_SPLINE_CURVE(2,(#6787,#6788,#6789,#6790,
#6791,#6792,#6793),.UNSPECIFIED.,.T.,.F.) B_SPLINE_CURVE_WITH_KNOTS((1,2
    ,2,2,2,1),(-2.094395102393,0.,2.094395102393,4.188790204786,
6.28318530718,8.377580409573),.UNSPECIFIED.) CURVE() 
GEOMETRIC_REPRESENTATION_ITEM() RATIONAL_B_SPLINE_CURVE((1.,0.5,1.,0.5,
1.,0.5,1.)) REPRESENTATION_ITEM('') );
#6787 = CARTESIAN_POINT('',(38.,5.447254743328E-16));
#6788 = CARTESIAN_POINT('',(38.,-65.81793068761));
#6789 = CARTESIAN_POINT('',(-19.,-32.9089653438));
#6790 = CARTESIAN_POINT('',(-76.,-8.762590199187E-15));
#6791 = CARTESIAN_POINT('',(-19.,32.908965343809));
#6792 = CARTESIAN_POINT('',(38.,65.817930687617));
#6793 = CARTESIAN_POINT('',(38.,5.447254743328E-16));
#6794 = ( GEOMETRIC_REPRESENTATION_CONTEXT(2) 
PARAMETRIC_REPRESENTATION_CONTEXT() REPRESENTATION_CONTEXT('2D SPACE',''
  ) );
#6795 = PCURVE('',#6192,#6796);
#6796 = DEFINITIONAL_REPRESENTATION('',(#6797),#6801);
#6797 = LINE('',#6798,#6799);
#6798 = CARTESIAN_POINT('',(-4.138911435803E-13,-16.));
#6799 = VECTOR('',#6800,1.);
#6800 = DIRECTION('',(1.,-0.));
#6801 = ( GEOMETRIC_REPRESENTATION_CONTEXT(2) 
PARAMETRIC_REPRESENTATION_CONTEXT() REPRESENTATION_CONTEXT('2D SPACE',''
  ) );
#6802 = FACE_BOUND('',#6803,.T.);
#6803 = EDGE_LOOP('',(#6804));
#6804 = ORIENTED_EDGE('',*,*,#6805,.T.);
#6805 = EDGE_CURVE('',#6806,#6806,#6808,.T.);
#6806 = VERTEX_POINT('',#6807);
#6807 = CARTESIAN_POINT('',(64.,0.,7.5));
#6808 = SURFACE_CURVE('',#6809,(#6814,#6825),.PCURVE_S1.);
#6809 = CIRCLE('',#6810,4.);
#6810 = AXIS2_PLACEMENT_3D('',#6811,#6812,#6813);
#6811 = CARTESIAN_POINT('',(60.,0.,7.5));
#6812 = DIRECTION('',(0.,0.,-1.));
#6813 = DIRECTION('',(1.,0.,0.));
#6814 = PCURVE('',#5697,#6815);
#6815 = DEFINITIONAL_REPRESENTATION('',(#6816),#6824);
#6816 = ( BOUNDED_CURVE() B_SPLINE_CURVE(2,(#6817,#6818,#6819,#6820,
#6821,#6822,#6823),.UNSPECIFIED.,.T.,.F.) B_SPLINE_CURVE_WITH_KNOTS((1,2
    ,2,2,2,1),(-2.094395102393,0.,2.094395102393,4.188790204786,
6.28318530718,8.377580409573),.UNSPECIFIED.) CURVE() 
GEOMETRIC_REPRESENTATION_ITEM() RATIONAL_B_SPLINE_CURVE((1.,0.5,1.,0.5,
1.,0.5,1.)) REPRESENTATION_ITEM('') );
#6817 = CARTESIAN_POINT('',(64.,5.447254743328E-16));
#6818 = CARTESIAN_POINT('',(64.,-6.928203230276));
#6819 = CARTESIAN_POINT('',(58.,-3.464101615138));
#6820 = CARTESIAN_POINT('',(52.,-4.349919649851E-16));
#6821 = CARTESIAN_POINT('',(58.,3.464101615138));
#6822 = CARTESIAN_POINT('',(64.,6.928203230276));
#6823 = CARTESIAN_POINT('',(64.,5.447254743328E-16));
#6824 = ( GEOMETRIC_REPRESENTATION_CONTEXT(2) 
PARAMETRIC_REPRESENTATION_CONTEXT() REPRESENTATION_CONTEXT('2D SPACE',''
  ) );
#6825 = PCURVE('',#6227,#6826);
#6826 = DEFINITIONAL_REPRESENTATION('',(#6827),#6831);
#6827 = LINE('',#6828,#6829);
#6828 = CARTESIAN_POINT('',(-4.138911435803E-13,-16.));
#6829 = VECTOR('',#6830,1.);
#6830 = DIRECTION('',(1.,-0.));
#6831 = ( GEOMETRIC_REPRESENTATION_CONTEXT(2) 
PARAMETRIC_REPRESENTATION_CONTEXT() REPRESENTATION_CONTEXT('2D SPACE',''
  ) );
#6832 = FACE_BOUND('',#6833,.T.);
#6833 = EDGE_LOOP('',(#6834));
#6834 = ORIENTED_EDGE('',*,*,#6835,.T.);
#6835 = EDGE_CURVE('',#6836,#6836,#6838,.T.);
#6836 = VERTEX_POINT('',#6837);
#6837 = CARTESIAN_POINT('',(34.,51.961524227066,7.5));
#6838 = SURFACE_CURVE('',#6839,(#6844,#6855),.PCURVE_S1.);
#6839 = CIRCLE('',#6840,4.);
#6840 = AXIS2_PLACEMENT_3D('',#6841,#6842,#6843);
#6841 = CARTESIAN_POINT('',(30.,51.961524227066,7.5));
#6842 = DIRECTION('',(0.,0.,-1.));
#6843 = DIRECTION('',(1.,0.,0.));
#6844 = PCURVE('',#5697,#6845);
#6845 = DEFINITIONAL_REPRESENTATION('',(#6846),#6854);
#6846 = ( BOUNDED_CURVE() B_SPLINE_CURVE(2,(#6847,#6848,#6849,#6850,
#6851,#6852,#6853),.UNSPECIFIED.,.T.,.F.) B_SPLINE_CURVE_WITH_KNOTS((1,2
    ,2,2,2,1),(-2.094395102393,0.,2.094395102393,4.188790204786,
6.28318530718,8.377580409573),.UNSPECIFIED.) CURVE() 
GEOMETRIC_REPRESENTATION_ITEM() RATIONAL_B_SPLINE_CURVE((1.,0.5,1.,0.5,
1.,0.5,1.)) REPRESENTATION_ITEM('') );
#6847 = CARTESIAN_POINT('',(34.,51.961524227066));
#6848 = CARTESIAN_POINT('',(34.,45.03332099679));
#6849 = CARTESIAN_POINT('',(28.,48.497422611928));
#6850 = CARTESIAN_POINT('',(22.,51.961524227066));
#6851 = CARTESIAN_POINT('',(28.,55.425625842204));
#6852 = CARTESIAN_POINT('',(34.,58.889727457342));
#6853 = CARTESIAN_POINT('',(34.,51.961524227066));
#6854 = ( GEOMETRIC_REPRESENTATION_CONTEXT(2) 
PARAMETRIC_REPRESENTATION_CONTEXT() REPRESENTATION_CONTEXT('2D SPACE',''
  ) );
#6855 = PCURVE('',#6262,#6856);
#6856 = DEFINITIONAL_REPRESENTATION('',(#6857),#6861);
#6857 = LINE('',#6858,#6859);
#6858 = CARTESIAN_POINT('',(-4.138911435803E-13,-16.));
#6859 = VECTOR('',#6860,1.);
#6860 = DIRECTION('',(1.,-0.));
#6861 = ( GEOMETRIC_REPRESENTATION_CONTEXT(2) 
PARAMETRIC_REPRESENTATION_CONTEXT() REPRESENTATION_CONTEXT('2D SPACE',''
  ) );
#6862 = FACE_BOUND('',#6863,.T.);
#6863 = EDGE_LOOP('',(#6864));
#6864 = ORIENTED_EDGE('',*,*,#6865,.T.);
#6865 = EDGE_CURVE('',#6866,#6866,#6868,.T.);
#6866 = VERTEX_POINT('',#6867);
#6867 = CARTESIAN_POINT('',(165.75503865696,66.586917231526,7.5));
#6868 = SURFACE_CURVE('',#6869,(#6874,#6885),.PCURVE_S1.);
#6869 = CIRCLE('',#6870,5.);
#6870 = AXIS2_PLACEMENT_3D('',#6871,#6872,#6873);
#6871 = CARTESIAN_POINT('',(160.75503865696,66.586917231526,7.5));
#6872 = DIRECTION('',(0.,0.,-1.));
#6873 = DIRECTION('',(1.,0.,0.));
#6874 = PCURVE('',#5697,#6875);
#6875 = DEFINITIONAL_REPRESENTATION('',(#6876),#6884);
#6876 = ( BOUNDED_CURVE() B_SPLINE_CURVE(2,(#6877,#6878,#6879,#6880,
#6881,#6882,#6883),.UNSPECIFIED.,.T.,.F.) B_SPLINE_CURVE_WITH_KNOTS((1,2
    ,2,2,2,1),(-2.094395102393,0.,2.094395102393,4.188790204786,
6.28318530718,8.377580409573),.UNSPECIFIED.) CURVE() 
GEOMETRIC_REPRESENTATION_ITEM() RATIONAL_B_SPLINE_CURVE((1.,0.5,1.,0.5,
1.,0.5,1.)) REPRESENTATION_ITEM('') );
#6877 = CARTESIAN_POINT('',(165.75503865696,66.586917231526));
#6878 = CARTESIAN_POINT('',(165.75503865696,57.926663193682));
#6879 = CARTESIAN_POINT('',(158.25503865696,62.256790212604));
#6880 = CARTESIAN_POINT('',(150.75503865696,66.586917231526));
#6881 = CARTESIAN_POINT('',(158.25503865696,70.917044250448));
#6882 = CARTESIAN_POINT('',(165.75503865696,75.24717126937));
#6883 = CARTESIAN_POINT('',(165.75503865696,66.586917231526));
#6884 = ( GEOMETRIC_REPRESENTATION_CONTEXT(2) 
PARAMETRIC_REPRESENTATION_CONTEXT() REPRESENTATION_CONTEXT('2D SPACE',''
  ) );
#6885 = PCURVE('',#6297,#6886);
#6886 = DEFINITIONAL_REPRESENTATION('',(#6887),#6891);
#6887 = LINE('',#6888,#6889);
#6888 = CARTESIAN_POINT('',(-4.138911435803E-13,-16.));
#6889 = VECTOR('',#6890,1.);
#6890 = DIRECTION('',(1.,-0.));
#6891 = ( GEOMETRIC_REPRESENTATION_CONTEXT(2) 
PARAMETRIC_REPRESENTATION_CONTEXT() REPRESENTATION_CONTEXT('2D SPACE',''
  ) );
#6892 = FACE_BOUND('',#6893,.T.);
#6893 = EDGE_LOOP('',(#6894));
#6894 = ORIENTED_EDGE('',*,*,#6895,.T.);
#6895 = EDGE_CURVE('',#6896,#6896,#6898,.T.);
#6896 = VERTEX_POINT('',#6897);
#6897 = CARTESIAN_POINT('',(71.586917231526,160.75503865696,7.5));
#6898 = SURFACE_CURVE('',#6899,(#6904,#6915),.PCURVE_S1.);
#6899 = CIRCLE('',#6900,5.);
#6900 = AXIS2_PLACEMENT_3D('',#6901,#6902,#6903);
#6901 = CARTESIAN_POINT('',(66.586917231526,160.75503865696,7.5));
#6902 = DIRECTION('',(0.,0.,-1.));
#6903 = DIRECTION('',(1.,0.,0.));
#6904 = PCURVE('',#5697,#6905);
#6905 = DEFINITIONAL_REPRESENTATION('',(#6906),#6914);
#6906 = ( BOUNDED_CURVE() B_SPLINE_CURVE(2,(#6907,#6908,#6909,#6910,
#6911,#6912,#6913),.UNSPECIFIED.,.T.,.F.) B_SPLINE_CURVE_WITH_KNOTS((1,2
    ,2,2,2,1),(-2.094395102393,0.,2.094395102393,4.188790204786,
6.28318530718,8.377580409573),.UNSPECIFIED.) CURVE() 
GEOMETRIC_REPRESENTATION_ITEM() RATIONAL_B_SPLINE_CURVE((1.,0.5,1.,0.5,
1.,0.5,1.)) REPRESENTATION_ITEM('') );
#6907 = CARTESIAN_POINT('',(71.586917231526,160.75503865696));
#6908 = CARTESIAN_POINT('',(71.586917231526,152.09478461911));
#6909 = CARTESIAN_POINT('',(64.086917231526,156.42491163803));
#6910 = CARTESIAN_POINT('',(56.586917231526,160.75503865696));
#6911 = CARTESIAN_POINT('',(64.086917231526,165.08516567588));
#6912 = CARTESIAN_POINT('',(71.586917231526,169.4152926948));
#6913 = CARTESIAN_POINT('',(71.586917231526,160.75503865696));
#6914 = ( GEOMETRIC_REPRESENTATION_CONTEXT(2) 
PARAMETRIC_REPRESENTATION_CONTEXT() REPRESENTATION_CONTEXT('2D SPACE',''
  ) );
#6915 = PCURVE('',#6332,#6916);
#6916 = DEFINITIONAL_REPRESENTATION('',(#6917),#6921);
#6917 = LINE('',#6918,#6919);
#6918 = CARTESIAN_POINT('',(-4.138911435803E-13,-16.));
#6919 = VECTOR('',#6920,1.);
#6920 = DIRECTION('',(1.,-0.));
#6921 = ( GEOMETRIC_REPRESENTATION_CONTEXT(2) 
PARAMETRIC_REPRESENTATION_CONTEXT() REPRESENTATION_CONTEXT('2D SPACE',''
  ) );
#6922 = FACE_BOUND('',#6923,.T.);
#6923 = EDGE_LOOP('',(#6924));
#6924 = ORIENTED_EDGE('',*,*,#6925,.T.);
#6925 = EDGE_CURVE('',#6926,#6926,#6928,.T.);
#6926 = VERTEX_POINT('',#6927);
#6927 = CARTESIAN_POINT('',(134.5,90.,7.5));
#6928 = SURFACE_CURVE('',#6929,(#6934,#6945),.PCURVE_S1.);
#6929 = CIRCLE('',#6930,4.5);
#6930 = AXIS2_PLACEMENT_3D('',#6931,#6932,#6933);
#6931 = CARTESIAN_POINT('',(130.,90.,7.5));
#6932 = DIRECTION('',(0.,0.,-1.));
#6933 = DIRECTION('',(1.,0.,0.));
#6934 = PCURVE('',#5697,#6935);
#6935 = DEFINITIONAL_REPRESENTATION('',(#6936),#6944);
#6936 = ( BOUNDED_CURVE() B_SPLINE_CURVE(2,(#6937,#6938,#6939,#6940,
#6941,#6942,#6943),.UNSPECIFIED.,.T.,.F.) B_SPLINE_CURVE_WITH_KNOTS((1,2
    ,2,2,2,1),(-2.094395102393,0.,2.094395102393,4.188790204786,
6.28318530718,8.377580409573),.UNSPECIFIED.) CURVE() 
GEOMETRIC_REPRESENTATION_ITEM() RATIONAL_B_SPLINE_CURVE((1.,0.5,1.,0.5,
1.,0.5,1.)) REPRESENTATION_ITEM('') );
#6937 = CARTESIAN_POINT('',(134.5,90.));
#6938 = CARTESIAN_POINT('',(134.5,82.20577136594));
#6939 = CARTESIAN_POINT('',(127.75,86.10288568297));
#6940 = CARTESIAN_POINT('',(121.,90.));
#6941 = CARTESIAN_POINT('',(127.75,93.89711431703));
#6942 = CARTESIAN_POINT('',(134.5,97.79422863406));
#6943 = CARTESIAN_POINT('',(134.5,90.));
#6944 = ( GEOMETRIC_REPRESENTATION_CONTEXT(2) 
PARAMETRIC_REPRESENTATION_CONTEXT() REPRESENTATION_CONTEXT('2D SPACE',''
  ) );
#6945 = PCURVE('',#6367,#6946);
#6946 = DEFINITIONAL_REPRESENTATION('',(#6947),#6951);
#6947 = LINE('',#6948,#6949);
#6948 = CARTESIAN_POINT('',(-4.138911435803E-13,-16.));
#6949 = VECTOR('',#6950,1.);
#6950 = DIRECTION('',(1.,-0.));
#6951 = ( GEOMETRIC_REPRESENTATION_CONTEXT(2) 
PARAMETRIC_REPRESENTATION_CONTEXT() REPRESENTATION_CONTEXT('2D SPACE',''
  ) );
#6952 = ADVANCED_FACE('',(#6953),#5737,.F.);
#6953 = FACE_BOUND('',#6954,.F.);
#6954 = EDGE_LOOP('',(#6955,#6976,#6977,#6978));
#6955 = ORIENTED_EDGE('',*,*,#6956,.T.);
#6956 = EDGE_CURVE('',#5717,#6386,#6957,.T.);
#6957 = SEAM_CURVE('',#6958,(#6962,#6969),.PCURVE_S1.);
#6958 = LINE('',#6959,#6960);
#6959 = CARTESIAN_POINT('',(-125.5,-90.,-8.5));
#6960 = VECTOR('',#6961,1.);
#6961 = DIRECTION('',(0.,0.,1.));
#6962 = PCURVE('',#5737,#6963);
#6963 = DEFINITIONAL_REPRESENTATION('',(#6964),#6968);
#6964 = LINE('',#6965,#6966);
#6965 = CARTESIAN_POINT('',(-4.138911435803E-13,0.));
#6966 = VECTOR('',#6967,1.);
#6967 = DIRECTION('',(-0.,-1.));
#6968 = ( GEOMETRIC_REPRESENTATION_CONTEXT(2) 
PARAMETRIC_REPRESENTATION_CONTEXT() REPRESENTATION_CONTEXT('2D SPACE',''
  ) );
#6969 = PCURVE('',#5737,#6970);
#6970 = DEFINITIONAL_REPRESENTATION('',(#6971),#6975);
#6971 = LINE('',#6972,#6973);
#6972 = CARTESIAN_POINT('',(6.28318530718,0.));
#6973 = VECTOR('',#6974,1.);
#6974 = DIRECTION('',(-0.,-1.));
#6975 = ( GEOMETRIC_REPRESENTATION_CONTEXT(2) 
PARAMETRIC_REPRESENTATION_CONTEXT() REPRESENTATION_CONTEXT('2D SPACE',''
  ) );
#6976 = ORIENTED_EDGE('',*,*,#6385,.T.);
#6977 = ORIENTED_EDGE('',*,*,#6956,.F.);
#6978 = ORIENTED_EDGE('',*,*,#5716,.F.);
#6979 = ADVANCED_FACE('',(#6980),#5772,.F.);
#6980 = FACE_BOUND('',#6981,.F.);
#6981 = EDGE_LOOP('',(#6982,#7003,#7004,#7005));
#6982 = ORIENTED_EDGE('',*,*,#6983,.T.);
#6983 = EDGE_CURVE('',#5752,#6416,#6984,.T.);
#6984 = SEAM_CURVE('',#6985,(#6989,#6996),.PCURVE_S1.);
#6985 = LINE('',#6986,#6987);
#6986 = CARTESIAN_POINT('',(-61.58691723152,-160.7550386569,-8.5));
#6987 = VECTOR('',#6988,1.);
#6988 = DIRECTION('',(0.,0.,1.));
#6989 = PCURVE('',#5772,#6990);
#6990 = DEFINITIONAL_REPRESENTATION('',(#6991),#6995);
#6991 = LINE('',#6992,#6993);
#6992 = CARTESIAN_POINT('',(-4.138911435803E-13,0.));
#6993 = VECTOR('',#6994,1.);
#6994 = DIRECTION('',(-0.,-1.));
#6995 = ( GEOMETRIC_REPRESENTATION_CONTEXT(2) 
PARAMETRIC_REPRESENTATION_CONTEXT() REPRESENTATION_CONTEXT('2D SPACE',''
  ) );
#6996 = PCURVE('',#5772,#6997);
#6997 = DEFINITIONAL_REPRESENTATION('',(#6998),#7002);
#6998 = LINE('',#6999,#7000);
#6999 = CARTESIAN_POINT('',(6.28318530718,0.));
#7000 = VECTOR('',#7001,1.);
#7001 = DIRECTION('',(-0.,-1.));
#7002 = ( GEOMETRIC_REPRESENTATION_CONTEXT(2) 
PARAMETRIC_REPRESENTATION_CONTEXT() REPRESENTATION_CONTEXT('2D SPACE',''
  ) );
#7003 = ORIENTED_EDGE('',*,*,#6415,.T.);
#7004 = ORIENTED_EDGE('',*,*,#6983,.F.);
#7005 = ORIENTED_EDGE('',*,*,#5751,.F.);
#7006 = ADVANCED_FACE('',(#7007),#5807,.F.);
#7007 = FACE_BOUND('',#7008,.F.);
#7008 = EDGE_LOOP('',(#7009,#7030,#7031,#7032));
#7009 = ORIENTED_EDGE('',*,*,#7010,.T.);
#7010 = EDGE_CURVE('',#5787,#6446,#7011,.T.);
#7011 = SEAM_CURVE('',#7012,(#7016,#7023),.PCURVE_S1.);
#7012 = LINE('',#7013,#7014);
#7013 = CARTESIAN_POINT('',(-155.7550386569,-66.58691723152,-8.5));
#7014 = VECTOR('',#7015,1.);
#7015 = DIRECTION('',(0.,0.,1.));
#7016 = PCURVE('',#5807,#7017);
#7017 = DEFINITIONAL_REPRESENTATION('',(#7018),#7022);
#7018 = LINE('',#7019,#7020);
#7019 = CARTESIAN_POINT('',(-4.138911435803E-13,0.));
#7020 = VECTOR('',#7021,1.);
#7021 = DIRECTION('',(-0.,-1.));
#7022 = ( GEOMETRIC_REPRESENTATION_CONTEXT(2) 
PARAMETRIC_REPRESENTATION_CONTEXT() REPRESENTATION_CONTEXT('2D SPACE',''
  ) );
#7023 = PCURVE('',#5807,#7024);
#7024 = DEFINITIONAL_REPRESENTATION('',(#7025),#7029);
#7025 = LINE('',#7026,#7027);
#7026 = CARTESIAN_POINT('',(6.28318530718,0.));
#7027 = VECTOR('',#7028,1.);
#7028 = DIRECTION('',(-0.,-1.));
#7029 = ( GEOMETRIC_REPRESENTATION_CONTEXT(2) 
PARAMETRIC_REPRESENTATION_CONTEXT() REPRESENTATION_CONTEXT('2D SPACE',''
  ) );
#7030 = ORIENTED_EDGE('',*,*,#6445,.T.);
#7031 = ORIENTED_EDGE('',*,*,#7010,.F.);
#7032 = ORIENTED_EDGE('',*,*,#5786,.F.);
#7033 = ADVANCED_FACE('',(#7034),#5842,.F.);
#7034 = FACE_BOUND('',#7035,.F.);
#7035 = EDGE_LOOP('',(#7036,#7057,#7058,#7059));
#7036 = ORIENTED_EDGE('',*,*,#7037,.T.);
#7037 = EDGE_CURVE('',#5822,#6476,#7038,.T.);
#7038 = SEAM_CURVE('',#7039,(#7043,#7050),.PCURVE_S1.);
#7039 = LINE('',#7040,#7041);
#7040 = CARTESIAN_POINT('',(-26.,-51.96152422706,-8.5));
#7041 = VECTOR('',#7042,1.);
#7042 = DIRECTION('',(0.,0.,1.));
#7043 = PCURVE('',#5842,#7044);
#7044 = DEFINITIONAL_REPRESENTATION('',(#7045),#7049);
#7045 = LINE('',#7046,#7047);
#7046 = CARTESIAN_POINT('',(-4.138911435803E-13,0.));
#7047 = VECTOR('',#7048,1.);
#7048 = DIRECTION('',(-0.,-1.));
#7049 = ( GEOMETRIC_REPRESENTATION_CONTEXT(2) 
PARAMETRIC_REPRESENTATION_CONTEXT() REPRESENTATION_CONTEXT('2D SPACE',''
  ) );
#7050 = PCURVE('',#5842,#7051);
#7051 = DEFINITIONAL_REPRESENTATION('',(#7052),#7056);
#7052 = LINE('',#7053,#7054);
#7053 = CARTESIAN_POINT('',(6.28318530718,0.));
#7054 = VECTOR('',#7055,1.);
#7055 = DIRECTION('',(-0.,-1.));
#7056 = ( GEOMETRIC_REPRESENTATION_CONTEXT(2) 
PARAMETRIC_REPRESENTATION_CONTEXT() REPRESENTATION_CONTEXT('2D SPACE',''
  ) );
#7057 = ORIENTED_EDGE('',*,*,#6475,.T.);
#7058 = ORIENTED_EDGE('',*,*,#7037,.F.);
#7059 = ORIENTED_EDGE('',*,*,#5821,.F.);
#7060 = ADVANCED_FACE('',(#7061),#5877,.F.);
#7061 = FACE_BOUND('',#7062,.F.);
#7062 = EDGE_LOOP('',(#7063,#7084,#7085,#7086));
#7063 = ORIENTED_EDGE('',*,*,#7064,.T.);
#7064 = EDGE_CURVE('',#5857,#6506,#7065,.T.);
#7065 = SEAM_CURVE('',#7066,(#7070,#7077),.PCURVE_S1.);
#7066 = LINE('',#7067,#7068);
#7067 = CARTESIAN_POINT('',(71.586917231526,-160.7550386569,-8.5));
#7068 = VECTOR('',#7069,1.);
#7069 = DIRECTION('',(0.,0.,1.));
#7070 = PCURVE('',#5877,#7071);
#7071 = DEFINITIONAL_REPRESENTATION('',(#7072),#7076);
#7072 = LINE('',#7073,#7074);
#7073 = CARTESIAN_POINT('',(-4.138911435803E-13,0.));
#7074 = VECTOR('',#7075,1.);
#7075 = DIRECTION('',(-0.,-1.));
#7076 = ( GEOMETRIC_REPRESENTATION_CONTEXT(2) 
PARAMETRIC_REPRESENTATION_CONTEXT() REPRESENTATION_CONTEXT('2D SPACE',''
  ) );
#7077 = PCURVE('',#5877,#7078);
#7078 = DEFINITIONAL_REPRESENTATION('',(#7079),#7083);
#7079 = LINE('',#7080,#7081);
#7080 = CARTESIAN_POINT('',(6.28318530718,0.));
#7081 = VECTOR('',#7082,1.);
#7082 = DIRECTION('',(-0.,-1.));
#7083 = ( GEOMETRIC_REPRESENTATION_CONTEXT(2) 
PARAMETRIC_REPRESENTATION_CONTEXT() REPRESENTATION_CONTEXT('2D SPACE',''
  ) );
#7084 = ORIENTED_EDGE('',*,*,#6505,.T.);
#7085 = ORIENTED_EDGE('',*,*,#7064,.F.);
#7086 = ORIENTED_EDGE('',*,*,#5856,.F.);
#7087 = ADVANCED_FACE('',(#7088),#5912,.F.);
#7088 = FACE_BOUND('',#7089,.F.);
#7089 = EDGE_LOOP('',(#7090,#7111,#7112,#7113));
#7090 = ORIENTED_EDGE('',*,*,#7091,.T.);
#7091 = EDGE_CURVE('',#5892,#6536,#7092,.T.);
#7092 = SEAM_CURVE('',#7093,(#7097,#7104),.PCURVE_S1.);
#7093 = LINE('',#7094,#7095);
#7094 = CARTESIAN_POINT('',(134.5,-90.,-8.5));
#7095 = VECTOR('',#7096,1.);
#7096 = DIRECTION('',(0.,0.,1.));
#7097 = PCURVE('',#5912,#7098);
#7098 = DEFINITIONAL_REPRESENTATION('',(#7099),#7103);
#7099 = LINE('',#7100,#7101);
#7100 = CARTESIAN_POINT('',(-4.138911435803E-13,0.));
#7101 = VECTOR('',#7102,1.);
#7102 = DIRECTION('',(-0.,-1.));
#7103 = ( GEOMETRIC_REPRESENTATION_CONTEXT(2) 
PARAMETRIC_REPRESENTATION_CONTEXT() REPRESENTATION_CONTEXT('2D SPACE',''
  ) );
#7104 = PCURVE('',#5912,#7105);
#7105 = DEFINITIONAL_REPRESENTATION('',(#7106),#7110);
#7106 = LINE('',#7107,#7108);
#7107 = CARTESIAN_POINT('',(6.28318530718,0.));
#7108 = VECTOR('',#7109,1.);
#7109 = DIRECTION('',(-0.,-1.));
#7110 = ( GEOMETRIC_REPRESENTATION_CONTEXT(2) 
PARAMETRIC_REPRESENTATION_CONTEXT() REPRESENTATION_CONTEXT('2D SPACE',''
  ) );
#7111 = ORIENTED_EDGE('',*,*,#6535,.T.);
#7112 = ORIENTED_EDGE('',*,*,#7091,.F.);
#7113 = ORIENTED_EDGE('',*,*,#5891,.F.);
#7114 = ADVANCED_FACE('',(#7115),#5947,.F.);
#7115 = FACE_BOUND('',#7116,.F.);
#7116 = EDGE_LOOP('',(#7117,#7138,#7139,#7140));
#7117 = ORIENTED_EDGE('',*,*,#7118,.T.);
#7118 = EDGE_CURVE('',#5927,#6566,#7119,.T.);
#7119 = SEAM_CURVE('',#7120,(#7124,#7131),.PCURVE_S1.);
#7120 = LINE('',#7121,#7122);
#7121 = CARTESIAN_POINT('',(34.,-51.96152422706,-8.5));
#7122 = VECTOR('',#7123,1.);
#7123 = DIRECTION('',(0.,0.,1.));
#7124 = PCURVE('',#5947,#7125);
#7125 = DEFINITIONAL_REPRESENTATION('',(#7126),#7130);
#7126 = LINE('',#7127,#7128);
#7127 = CARTESIAN_POINT('',(-4.138911435803E-13,0.));
#7128 = VECTOR('',#7129,1.);
#7129 = DIRECTION('',(-0.,-1.));
#7130 = ( GEOMETRIC_REPRESENTATION_CONTEXT(2) 
PARAMETRIC_REPRESENTATION_CONTEXT() REPRESENTATION_CONTEXT('2D SPACE',''
  ) );
#7131 = PCURVE('',#5947,#7132);
#7132 = DEFINITIONAL_REPRESENTATION('',(#7133),#7137);
#7133 = LINE('',#7134,#7135);
#7134 = CARTESIAN_POINT('',(6.28318530718,0.));
#7135 = VECTOR('',#7136,1.);
#7136 = DIRECTION('',(-0.,-1.));
#7137 = ( GEOMETRIC_REPRESENTATION_CONTEXT(2) 
PARAMETRIC_REPRESENTATION_CONTEXT() REPRESENTATION_CONTEXT('2D SPACE',''
  ) );
#7138 = ORIENTED_EDGE('',*,*,#6565,.T.);
#7139 = ORIENTED_EDGE('',*,*,#7118,.F.);
#7140 = ORIENTED_EDGE('',*,*,#5926,.F.);
#7141 = ADVANCED_FACE('',(#7142),#5982,.F.);
#7142 = FACE_BOUND('',#7143,.F.);
#7143 = EDGE_LOOP('',(#7144,#7165,#7166,#7167));
#7144 = ORIENTED_EDGE('',*,*,#7145,.T.);
#7145 = EDGE_CURVE('',#5962,#6596,#7146,.T.);
#7146 = SEAM_CURVE('',#7147,(#7151,#7158),.PCURVE_S1.);
#7147 = LINE('',#7148,#7149);
#7148 = CARTESIAN_POINT('',(165.75503865696,-66.58691723152,-8.5));
#7149 = VECTOR('',#7150,1.);
#7150 = DIRECTION('',(0.,0.,1.));
#7151 = PCURVE('',#5982,#7152);
#7152 = DEFINITIONAL_REPRESENTATION('',(#7153),#7157);
#7153 = LINE('',#7154,#7155);
#7154 = CARTESIAN_POINT('',(-4.138911435803E-13,0.));
#7155 = VECTOR('',#7156,1.);
#7156 = DIRECTION('',(-0.,-1.));
#7157 = ( GEOMETRIC_REPRESENTATION_CONTEXT(2) 
PARAMETRIC_REPRESENTATION_CONTEXT() REPRESENTATION_CONTEXT('2D SPACE',''
  ) );
#7158 = PCURVE('',#5982,#7159);
#7159 = DEFINITIONAL_REPRESENTATION('',(#7160),#7164);
#7160 = LINE('',#7161,#7162);
#7161 = CARTESIAN_POINT('',(6.28318530718,0.));
#7162 = VECTOR('',#7163,1.);
#7163 = DIRECTION('',(-0.,-1.));
#7164 = ( GEOMETRIC_REPRESENTATION_CONTEXT(2) 
PARAMETRIC_REPRESENTATION_CONTEXT() REPRESENTATION_CONTEXT('2D SPACE',''
  ) );
#7165 = ORIENTED_EDGE('',*,*,#6595,.T.);
#7166 = ORIENTED_EDGE('',*,*,#7145,.F.);
#7167 = ORIENTED_EDGE('',*,*,#5961,.F.);
#7168 = ADVANCED_FACE('',(#7169),#6017,.F.);
#7169 = FACE_BOUND('',#7170,.F.);
#7170 = EDGE_LOOP('',(#7171,#7192,#7193,#7194));
#7171 = ORIENTED_EDGE('',*,*,#7172,.T.);
#7172 = EDGE_CURVE('',#5997,#6626,#7173,.T.);
#7173 = SEAM_CURVE('',#7174,(#7178,#7185),.PCURVE_S1.);
#7174 = LINE('',#7175,#7176);
#7175 = CARTESIAN_POINT('',(-155.7550386569,66.586917231526,-8.5));
#7176 = VECTOR('',#7177,1.);
#7177 = DIRECTION('',(0.,0.,1.));
#7178 = PCURVE('',#6017,#7179);
#7179 = DEFINITIONAL_REPRESENTATION('',(#7180),#7184);
#7180 = LINE('',#7181,#7182);
#7181 = CARTESIAN_POINT('',(-4.138911435803E-13,0.));
#7182 = VECTOR('',#7183,1.);
#7183 = DIRECTION('',(-0.,-1.));
#7184 = ( GEOMETRIC_REPRESENTATION_CONTEXT(2) 
PARAMETRIC_REPRESENTATION_CONTEXT() REPRESENTATION_CONTEXT('2D SPACE',''
  ) );
#7185 = PCURVE('',#6017,#7186);
#7186 = DEFINITIONAL_REPRESENTATION('',(#7187),#7191);
#7187 = LINE('',#7188,#7189);
#7188 = CARTESIAN_POINT('',(6.28318530718,0.));
#7189 = VECTOR('',#7190,1.);
#7190 = DIRECTION('',(-0.,-1.));
#7191 = ( GEOMETRIC_REPRESENTATION_CONTEXT(2) 
PARAMETRIC_REPRESENTATION_CONTEXT() REPRESENTATION_CONTEXT('2D SPACE',''
  ) );
#7192 = ORIENTED_EDGE('',*,*,#6625,.T.);
#7193 = ORIENTED_EDGE('',*,*,#7172,.F.);
#7194 = ORIENTED_EDGE('',*,*,#5996,.F.);
#7195 = ADVANCED_FACE('',(#7196),#6052,.F.);
#7196 = FACE_BOUND('',#7197,.F.);
#7197 = EDGE_LOOP('',(#7198,#7219,#7220,#7221));
#7198 = ORIENTED_EDGE('',*,*,#7199,.T.);
#7199 = EDGE_CURVE('',#6032,#6656,#7200,.T.);
#7200 = SEAM_CURVE('',#7201,(#7205,#7212),.PCURVE_S1.);
#7201 = LINE('',#7202,#7203);
#7202 = CARTESIAN_POINT('',(-56.,7.347880794884E-15,-8.5));
#7203 = VECTOR('',#7204,1.);
#7204 = DIRECTION('',(0.,0.,1.));
#7205 = PCURVE('',#6052,#7206);
#7206 = DEFINITIONAL_REPRESENTATION('',(#7207),#7211);
#7207 = LINE('',#7208,#7209);
#7208 = CARTESIAN_POINT('',(-4.138911435803E-13,0.));
#7209 = VECTOR('',#7210,1.);
#7210 = DIRECTION('',(-0.,-1.));
#7211 = ( GEOMETRIC_REPRESENTATION_CONTEXT(2) 
PARAMETRIC_REPRESENTATION_CONTEXT() REPRESENTATION_CONTEXT('2D SPACE',''
  ) );
#7212 = PCURVE('',#6052,#7213);
#7213 = DEFINITIONAL_REPRESENTATION('',(#7214),#7218);
#7214 = LINE('',#7215,#7216);
#7215 = CARTESIAN_POINT('',(6.28318530718,0.));
#7216 = VECTOR('',#7217,1.);
#7217 = DIRECTION('',(-0.,-1.));
#7218 = ( GEOMETRIC_REPRESENTATION_CONTEXT(2) 
PARAMETRIC_REPRESENTATION_CONTEXT() REPRESENTATION_CONTEXT('2D SPACE',''
  ) );
#7219 = ORIENTED_EDGE('',*,*,#6655,.T.);
#7220 = ORIENTED_EDGE('',*,*,#7199,.F.);
#7221 = ORIENTED_EDGE('',*,*,#6031,.F.);
#7222 = ADVANCED_FACE('',(#7223),#6087,.F.);
#7223 = FACE_BOUND('',#7224,.F.);
#7224 = EDGE_LOOP('',(#7225,#7246,#7247,#7248));
#7225 = ORIENTED_EDGE('',*,*,#7226,.T.);
#7226 = EDGE_CURVE('',#6067,#6686,#7227,.T.);
#7227 = SEAM_CURVE('',#7228,(#7232,#7239),.PCURVE_S1.);
#7228 = LINE('',#7229,#7230);
#7229 = CARTESIAN_POINT('',(-26.,51.961524227066,-8.5));
#7230 = VECTOR('',#7231,1.);
#7231 = DIRECTION('',(0.,0.,1.));
#7232 = PCURVE('',#6087,#7233);
#7233 = DEFINITIONAL_REPRESENTATION('',(#7234),#7238);
#7234 = LINE('',#7235,#7236);
#7235 = CARTESIAN_POINT('',(-4.138911435803E-13,0.));
#7236 = VECTOR('',#7237,1.);
#7237 = DIRECTION('',(-0.,-1.));
#7238 = ( GEOMETRIC_REPRESENTATION_CONTEXT(2) 
PARAMETRIC_REPRESENTATION_CONTEXT() REPRESENTATION_CONTEXT('2D SPACE',''
  ) );
#7239 = PCURVE('',#6087,#7240);
#7240 = DEFINITIONAL_REPRESENTATION('',(#7241),#7245);
#7241 = LINE('',#7242,#7243);
#7242 = CARTESIAN_POINT('',(6.28318530718,0.));
#7243 = VECTOR('',#7244,1.);
#7244 = DIRECTION('',(-0.,-1.));
#7245 = ( GEOMETRIC_REPRESENTATION_CONTEXT(2) 
PARAMETRIC_REPRESENTATION_CONTEXT() REPRESENTATION_CONTEXT('2D SPACE',''
  ) );
#7246 = ORIENTED_EDGE('',*,*,#6685,.T.);
#7247 = ORIENTED_EDGE('',*,*,#7226,.F.);
#7248 = ORIENTED_EDGE('',*,*,#6066,.F.);
#7249 = ADVANCED_FACE('',(#7250),#6122,.F.);
#7250 = FACE_BOUND('',#7251,.F.);
#7251 = EDGE_LOOP('',(#7252,#7273,#7274,#7275));
#7252 = ORIENTED_EDGE('',*,*,#7253,.T.);
#7253 = EDGE_CURVE('',#6102,#6716,#7254,.T.);
#7254 = SEAM_CURVE('',#7255,(#7259,#7266),.PCURVE_S1.);
#7255 = LINE('',#7256,#7257);
#7256 = CARTESIAN_POINT('',(-125.5,90.,-8.5));
#7257 = VECTOR('',#7258,1.);
#7258 = DIRECTION('',(0.,0.,1.));
#7259 = PCURVE('',#6122,#7260);
#7260 = DEFINITIONAL_REPRESENTATION('',(#7261),#7265);
#7261 = LINE('',#7262,#7263);
#7262 = CARTESIAN_POINT('',(-4.138911435803E-13,0.));
#7263 = VECTOR('',#7264,1.);
#7264 = DIRECTION('',(-0.,-1.));
#7265 = ( GEOMETRIC_REPRESENTATION_CONTEXT(2) 
PARAMETRIC_REPRESENTATION_CONTEXT() REPRESENTATION_CONTEXT('2D SPACE',''
  ) );
#7266 = PCURVE('',#6122,#7267);
#7267 = DEFINITIONAL_REPRESENTATION('',(#7268),#7272);
#7268 = LINE('',#7269,#7270);
#7269 = CARTESIAN_POINT('',(6.28318530718,0.));
#7270 = VECTOR('',#7271,1.);
#7271 = DIRECTION('',(-0.,-1.));
#7272 = ( GEOMETRIC_REPRESENTATION_CONTEXT(2) 
PARAMETRIC_REPRESENTATION_CONTEXT() REPRESENTATION_CONTEXT('2D SPACE',''
  ) );
#7273 = ORIENTED_EDGE('',*,*,#6715,.T.);
#7274 = ORIENTED_EDGE('',*,*,#7253,.F.);
#7275 = ORIENTED_EDGE('',*,*,#6101,.F.);
#7276 = ADVANCED_FACE('',(#7277),#6157,.F.);
#7277 = FACE_BOUND('',#7278,.F.);
#7278 = EDGE_LOOP('',(#7279,#7300,#7301,#7302));
#7279 = ORIENTED_EDGE('',*,*,#7280,.T.);
#7280 = EDGE_CURVE('',#6137,#6746,#7281,.T.);
#7281 = SEAM_CURVE('',#7282,(#7286,#7293),.PCURVE_S1.);
#7282 = LINE('',#7283,#7284);
#7283 = CARTESIAN_POINT('',(-61.58691723152,160.75503865696,-8.5));
#7284 = VECTOR('',#7285,1.);
#7285 = DIRECTION('',(0.,0.,1.));
#7286 = PCURVE('',#6157,#7287);
#7287 = DEFINITIONAL_REPRESENTATION('',(#7288),#7292);
#7288 = LINE('',#7289,#7290);
#7289 = CARTESIAN_POINT('',(-4.138911435803E-13,0.));
#7290 = VECTOR('',#7291,1.);
#7291 = DIRECTION('',(-0.,-1.));
#7292 = ( GEOMETRIC_REPRESENTATION_CONTEXT(2) 
PARAMETRIC_REPRESENTATION_CONTEXT() REPRESENTATION_CONTEXT('2D SPACE',''
  ) );
#7293 = PCURVE('',#6157,#7294);
#7294 = DEFINITIONAL_REPRESENTATION('',(#7295),#7299);
#7295 = LINE('',#7296,#7297);
#7296 = CARTESIAN_POINT('',(6.28318530718,0.));
#7297 = VECTOR('',#7298,1.);
#7298 = DIRECTION('',(-0.,-1.));
#7299 = ( GEOMETRIC_REPRESENTATION_CONTEXT(2) 
PARAMETRIC_REPRESENTATION_CONTEXT() REPRESENTATION_CONTEXT('2D SPACE',''
  ) );
#7300 = ORIENTED_EDGE('',*,*,#6745,.T.);
#7301 = ORIENTED_EDGE('',*,*,#7280,.F.);
#7302 = ORIENTED_EDGE('',*,*,#6136,.F.);
#7303 = ADVANCED_FACE('',(#7304),#6192,.F.);
#7304 = FACE_BOUND('',#7305,.F.);
#7305 = EDGE_LOOP('',(#7306,#7327,#7328,#7329));
#7306 = ORIENTED_EDGE('',*,*,#7307,.T.);
#7307 = EDGE_CURVE('',#6172,#6776,#7308,.T.);
#7308 = SEAM_CURVE('',#7309,(#7313,#7320),.PCURVE_S1.);
#7309 = LINE('',#7310,#7311);
#7310 = CARTESIAN_POINT('',(38.,0.,-8.5));
#7311 = VECTOR('',#7312,1.);
#7312 = DIRECTION('',(0.,0.,1.));
#7313 = PCURVE('',#6192,#7314);
#7314 = DEFINITIONAL_REPRESENTATION('',(#7315),#7319);
#7315 = LINE('',#7316,#7317);
#7316 = CARTESIAN_POINT('',(-4.138911435803E-13,0.));
#7317 = VECTOR('',#7318,1.);
#7318 = DIRECTION('',(-0.,-1.));
#7319 = ( GEOMETRIC_REPRESENTATION_CONTEXT(2) 
PARAMETRIC_REPRESENTATION_CONTEXT() REPRESENTATION_CONTEXT('2D SPACE',''
  ) );
#7320 = PCURVE('',#6192,#7321);
#7321 = DEFINITIONAL_REPRESENTATION('',(#7322),#7326);
#7322 = LINE('',#7323,#7324);
#7323 = CARTESIAN_POINT('',(6.28318530718,0.));
#7324 = VECTOR('',#7325,1.);
#7325 = DIRECTION('',(-0.,-1.));
#7326 = ( GEOMETRIC_REPRESENTATION_CONTEXT(2) 
PARAMETRIC_REPRESENTATION_CONTEXT() REPRESENTATION_CONTEXT('2D SPACE',''
  ) );
#7327 = ORIENTED_EDGE('',*,*,#6775,.T.);
#7328 = ORIENTED_EDGE('',*,*,#7307,.F.);
#7329 = ORIENTED_EDGE('',*,*,#6171,.F.);
#7330 = ADVANCED_FACE('',(#7331),#6227,.F.);
#7331 = FACE_BOUND('',#7332,.F.);
#7332 = EDGE_LOOP('',(#7333,#7354,#7355,#7356));
#7333 = ORIENTED_EDGE('',*,*,#7334,.T.);
#7334 = EDGE_CURVE('',#6207,#6806,#7335,.T.);
#7335 = SEAM_CURVE('',#7336,(#7340,#7347),.PCURVE_S1.);
#7336 = LINE('',#7337,#7338);
#7337 = CARTESIAN_POINT('',(64.,0.,-8.5));
#7338 = VECTOR('',#7339,1.);
#7339 = DIRECTION('',(0.,0.,1.));
#7340 = PCURVE('',#6227,#7341);
#7341 = DEFINITIONAL_REPRESENTATION('',(#7342),#7346);
#7342 = LINE('',#7343,#7344);
#7343 = CARTESIAN_POINT('',(-4.138911435803E-13,0.));
#7344 = VECTOR('',#7345,1.);
#7345 = DIRECTION('',(-0.,-1.));
#7346 = ( GEOMETRIC_REPRESENTATION_CONTEXT(2) 
PARAMETRIC_REPRESENTATION_CONTEXT() REPRESENTATION_CONTEXT('2D SPACE',''
  ) );
#7347 = PCURVE('',#6227,#7348);
#7348 = DEFINITIONAL_REPRESENTATION('',(#7349),#7353);
#7349 = LINE('',#7350,#7351);
#7350 = CARTESIAN_POINT('',(6.28318530718,0.));
#7351 = VECTOR('',#7352,1.);
#7352 = DIRECTION('',(-0.,-1.));
#7353 = ( GEOMETRIC_REPRESENTATION_CONTEXT(2) 
PARAMETRIC_REPRESENTATION_CONTEXT() REPRESENTATION_CONTEXT('2D SPACE',''
  ) );
#7354 = ORIENTED_EDGE('',*,*,#6805,.T.);
#7355 = ORIENTED_EDGE('',*,*,#7334,.F.);
#7356 = ORIENTED_EDGE('',*,*,#6206,.F.);
#7357 = ADVANCED_FACE('',(#7358),#6262,.F.);
#7358 = FACE_BOUND('',#7359,.F.);
#7359 = EDGE_LOOP('',(#7360,#7381,#7382,#7383));
#7360 = ORIENTED_EDGE('',*,*,#7361,.T.);
#7361 = EDGE_CURVE('',#6242,#6836,#7362,.T.);
#7362 = SEAM_CURVE('',#7363,(#7367,#7374),.PCURVE_S1.);
#7363 = LINE('',#7364,#7365);
#7364 = CARTESIAN_POINT('',(34.,51.961524227066,-8.5));
#7365 = VECTOR('',#7366,1.);
#7366 = DIRECTION('',(0.,0.,1.));
#7367 = PCURVE('',#6262,#7368);
#7368 = DEFINITIONAL_REPRESENTATION('',(#7369),#7373);
#7369 = LINE('',#7370,#7371);
#7370 = CARTESIAN_POINT('',(-4.138911435803E-13,0.));
#7371 = VECTOR('',#7372,1.);
#7372 = DIRECTION('',(-0.,-1.));
#7373 = ( GEOMETRIC_REPRESENTATION_CONTEXT(2) 
PARAMETRIC_REPRESENTATION_CONTEXT() REPRESENTATION_CONTEXT('2D SPACE',''
  ) );
#7374 = PCURVE('',#6262,#7375);
#7375 = DEFINITIONAL_REPRESENTATION('',(#7376),#7380);
#7376 = LINE('',#7377,#7378);
#7377 = CARTESIAN_POINT('',(6.28318530718,0.));
#7378 = VECTOR('',#7379,1.);
#7379 = DIRECTION('',(-0.,-1.));
#7380 = ( GEOMETRIC_REPRESENTATION_CONTEXT(2) 
PARAMETRIC_REPRESENTATION_CONTEXT() REPRESENTATION_CONTEXT('2D SPACE',''
  ) );
#7381 = ORIENTED_EDGE('',*,*,#6835,.T.);
#7382 = ORIENTED_EDGE('',*,*,#7361,.F.);
#7383 = ORIENTED_EDGE('',*,*,#6241,.F.);
#7384 = ADVANCED_FACE('',(#7385),#6297,.F.);
#7385 = FACE_BOUND('',#7386,.F.);
#7386 = EDGE_LOOP('',(#7387,#7408,#7409,#7410));
#7387 = ORIENTED_EDGE('',*,*,#7388,.T.);
#7388 = EDGE_CURVE('',#6277,#6866,#7389,.T.);
#7389 = SEAM_CURVE('',#7390,(#7394,#7401),.PCURVE_S1.);
#7390 = LINE('',#7391,#7392);
#7391 = CARTESIAN_POINT('',(165.75503865696,66.586917231526,-8.5));
#7392 = VECTOR('',#7393,1.);
#7393 = DIRECTION('',(0.,0.,1.));
#7394 = PCURVE('',#6297,#7395);
#7395 = DEFINITIONAL_REPRESENTATION('',(#7396),#7400);
#7396 = LINE('',#7397,#7398);
#7397 = CARTESIAN_POINT('',(-4.138911435803E-13,0.));
#7398 = VECTOR('',#7399,1.);
#7399 = DIRECTION('',(-0.,-1.));
#7400 = ( GEOMETRIC_REPRESENTATION_CONTEXT(2) 
PARAMETRIC_REPRESENTATION_CONTEXT() REPRESENTATION_CONTEXT('2D SPACE',''
  ) );
#7401 = PCURVE('',#6297,#7402);
#7402 = DEFINITIONAL_REPRESENTATION('',(#7403),#7407);
#7403 = LINE('',#7404,#7405);
#7404 = CARTESIAN_POINT('',(6.28318530718,0.));
#7405 = VECTOR('',#7406,1.);
#7406 = DIRECTION('',(-0.,-1.));
#7407 = ( GEOMETRIC_REPRESENTATION_CONTEXT(2) 
PARAMETRIC_REPRESENTATION_CONTEXT() REPRESENTATION_CONTEXT('2D SPACE',''
  ) );
#7408 = ORIENTED_EDGE('',*,*,#6865,.T.);
#7409 = ORIENTED_EDGE('',*,*,#7388,.F.);
#7410 = ORIENTED_EDGE('',*,*,#6276,.F.);
#7411 = ADVANCED_FACE('',(#7412),#6332,.F.);
#7412 = FACE_BOUND('',#7413,.F.);
#7413 = EDGE_LOOP('',(#7414,#7435,#7436,#7437));
#7414 = ORIENTED_EDGE('',*,*,#7415,.T.);
#7415 = EDGE_CURVE('',#6312,#6896,#7416,.T.);
#7416 = SEAM_CURVE('',#7417,(#7421,#7428),.PCURVE_S1.);
#7417 = LINE('',#7418,#7419);
#7418 = CARTESIAN_POINT('',(71.586917231526,160.75503865696,-8.5));
#7419 = VECTOR('',#7420,1.);
#7420 = DIRECTION('',(0.,0.,1.));
#7421 = PCURVE('',#6332,#7422);
#7422 = DEFINITIONAL_REPRESENTATION('',(#7423),#7427);
#7423 = LINE('',#7424,#7425);
#7424 = CARTESIAN_POINT('',(-4.138911435803E-13,0.));
#7425 = VECTOR('',#7426,1.);
#7426 = DIRECTION('',(-0.,-1.));
#7427 = ( GEOMETRIC_REPRESENTATION_CONTEXT(2) 
PARAMETRIC_REPRESENTATION_CONTEXT() REPRESENTATION_CONTEXT('2D SPACE',''
  ) );
#7428 = PCURVE('',#6332,#7429);
#7429 = DEFINITIONAL_REPRESENTATION('',(#7430),#7434);
#7430 = LINE('',#7431,#7432);
#7431 = CARTESIAN_POINT('',(6.28318530718,0.));
#7432 = VECTOR('',#7433,1.);
#7433 = DIRECTION('',(-0.,-1.));
#7434 = ( GEOMETRIC_REPRESENTATION_CONTEXT(2) 
PARAMETRIC_REPRESENTATION_CONTEXT() REPRESENTATION_CONTEXT('2D SPACE',''
  ) );
#7435 = ORIENTED_EDGE('',*,*,#6895,.T.);
#7436 = ORIENTED_EDGE('',*,*,#7415,.F.);
#7437 = ORIENTED_EDGE('',*,*,#6311,.F.);
#7438 = ADVANCED_FACE('',(#7439),#6367,.F.);
#7439 = FACE_BOUND('',#7440,.F.);
#7440 = EDGE_LOOP('',(#7441,#7462,#7463,#7464));
#7441 = ORIENTED_EDGE('',*,*,#7442,.T.);
#7442 = EDGE_CURVE('',#6347,#6926,#7443,.T.);
#7443 = SEAM_CURVE('',#7444,(#7448,#7455),.PCURVE_S1.);
#7444 = LINE('',#7445,#7446);
#7445 = CARTESIAN_POINT('',(134.5,90.,-8.5));
#7446 = VECTOR('',#7447,1.);
#7447 = DIRECTION('',(0.,0.,1.));
#7448 = PCURVE('',#6367,#7449);
#7449 = DEFINITIONAL_REPRESENTATION('',(#7450),#7454);
#7450 = LINE('',#7451,#7452);
#7451 = CARTESIAN_POINT('',(-4.138911435803E-13,0.));
#7452 = VECTOR('',#7453,1.);
#7453 = DIRECTION('',(-0.,-1.));
#7454 = ( GEOMETRIC_REPRESENTATION_CONTEXT(2) 
PARAMETRIC_REPRESENTATION_CONTEXT() REPRESENTATION_CONTEXT('2D SPACE',''
  ) );
#7455 = PCURVE('',#6367,#7456);
#7456 = DEFINITIONAL_REPRESENTATION('',(#7457),#7461);
#7457 = LINE('',#7458,#7459);
#7458 = CARTESIAN_POINT('',(6.28318530718,0.));
#7459 = VECTOR('',#7460,1.);
#7460 = DIRECTION('',(-0.,-1.));
#7461 = ( GEOMETRIC_REPRESENTATION_CONTEXT(2) 
PARAMETRIC_REPRESENTATION_CONTEXT() REPRESENTATION_CONTEXT('2D SPACE',''
  ) );
#7462 = ORIENTED_EDGE('',*,*,#6925,.T.);
#7463 = ORIENTED_EDGE('',*,*,#7442,.F.);
#7464 = ORIENTED_EDGE('',*,*,#6346,.F.);
#7465 = ( GEOMETRIC_REPRESENTATION_CONTEXT(3) 
GLOBAL_UNCERTAINTY_ASSIGNED_CONTEXT((#7469)) 
GLOBAL_UNIT_ASSIGNED_CONTEXT((#7466,#7467,#7468)) REPRESENTATION_CONTEXT
('Context #1','3D Context with UNIT and UNCERTAINTY') );
#7466 = ( LENGTH_UNIT() NAMED_UNIT(*) SI_UNIT(.MILLI.,.METRE.) );
#7467 = ( NAMED_UNIT(*) PLANE_ANGLE_UNIT() SI_UNIT($,.RADIAN.) );
#7468 = ( NAMED_UNIT(*) SI_UNIT($,.STERADIAN.) SOLID_ANGLE_UNIT() );
#7469 = UNCERTAINTY_MEASURE_WITH_UNIT(LENGTH_MEASURE(1.E-07),#7466,
  'distance_accuracy_value','confusion accuracy');
#7470 = CONTEXT_DEPENDENT_SHAPE_REPRESENTATION(#7471,#7473);
#7471 = ( REPRESENTATION_RELATIONSHIP('','',#5618,#10) 
REPRESENTATION_RELATIONSHIP_WITH_TRANSFORMATION(#7472) 
SHAPE_REPRESENTATION_RELATIONSHIP() );
#7472 = ITEM_DEFINED_TRANSFORMATION('','',#11,#39);
#7473 = PRODUCT_DEFINITION_SHAPE('Placement','Placement of an item',
  #7474);
#7474 = NEXT_ASSEMBLY_USAGE_OCCURRENCE('7','06_az_rotating_turntable',''
  ,#5,#5613,$);
#7475 = PRODUCT_RELATED_PRODUCT_CATEGORY('part',$,(#5615));
#7476 = SHAPE_DEFINITION_REPRESENTATION(#7477,#7483);
#7477 = PRODUCT_DEFINITION_SHAPE('','',#7478);
#7478 = PRODUCT_DEFINITION('design','',#7479,#7482);
#7479 = PRODUCT_DEFINITION_FORMATION('','',#7480);
#7480 = PRODUCT('07_rotating_base_deck','07_rotating_base_deck','',(
    #7481));
#7481 = PRODUCT_CONTEXT('',#2,'mechanical');
#7482 = PRODUCT_DEFINITION_CONTEXT('part definition',#2,'design');
#7483 = ADVANCED_BREP_SHAPE_REPRESENTATION('',(#11,#7484),#8642);
#7484 = MANIFOLD_SOLID_BREP('',#7485);
#7485 = CLOSED_SHELL('',(#7486,#7606,#7682,#8046,#8095,#8392,#8399,#8426
    ,#8453,#8480,#8507,#8534,#8561,#8588,#8615));
#7486 = ADVANCED_FACE('',(#7487),#7501,.F.);
#7487 = FACE_BOUND('',#7488,.F.);
#7488 = EDGE_LOOP('',(#7489,#7524,#7552,#7580));
#7489 = ORIENTED_EDGE('',*,*,#7490,.F.);
#7490 = EDGE_CURVE('',#7491,#7493,#7495,.T.);
#7491 = VERTEX_POINT('',#7492);
#7492 = CARTESIAN_POINT('',(-189.,-125.,-21.));
#7493 = VERTEX_POINT('',#7494);
#7494 = CARTESIAN_POINT('',(-189.,-125.,21.));
#7495 = SURFACE_CURVE('',#7496,(#7500,#7512),.PCURVE_S1.);
#7496 = LINE('',#7497,#7498);
#7497 = CARTESIAN_POINT('',(-189.,-125.,-21.));
#7498 = VECTOR('',#7499,1.);
#7499 = DIRECTION('',(0.,0.,1.));
#7500 = PCURVE('',#7501,#7506);
#7501 = PLANE('',#7502);
#7502 = AXIS2_PLACEMENT_3D('',#7503,#7504,#7505);
#7503 = CARTESIAN_POINT('',(-189.,-125.,-21.));
#7504 = DIRECTION('',(1.,0.,0.));
#7505 = DIRECTION('',(0.,0.,1.));
#7506 = DEFINITIONAL_REPRESENTATION('',(#7507),#7511);
#7507 = LINE('',#7508,#7509);
#7508 = CARTESIAN_POINT('',(0.,0.));
#7509 = VECTOR('',#7510,1.);
#7510 = DIRECTION('',(1.,0.));
#7511 = ( GEOMETRIC_REPRESENTATION_CONTEXT(2) 
PARAMETRIC_REPRESENTATION_CONTEXT() REPRESENTATION_CONTEXT('2D SPACE',''
  ) );
#7512 = PCURVE('',#7513,#7518);
#7513 = PLANE('',#7514);
#7514 = AXIS2_PLACEMENT_3D('',#7515,#7516,#7517);
#7515 = CARTESIAN_POINT('',(-189.,-125.,-21.));
#7516 = DIRECTION('',(0.,1.,0.));
#7517 = DIRECTION('',(0.,-0.,1.));
#7518 = DEFINITIONAL_REPRESENTATION('',(#7519),#7523);
#7519 = LINE('',#7520,#7521);
#7520 = CARTESIAN_POINT('',(0.,0.));
#7521 = VECTOR('',#7522,1.);
#7522 = DIRECTION('',(1.,0.));
#7523 = ( GEOMETRIC_REPRESENTATION_CONTEXT(2) 
PARAMETRIC_REPRESENTATION_CONTEXT() REPRESENTATION_CONTEXT('2D SPACE',''
  ) );
#7524 = ORIENTED_EDGE('',*,*,#7525,.T.);
#7525 = EDGE_CURVE('',#7491,#7526,#7528,.T.);
#7526 = VERTEX_POINT('',#7527);
#7527 = CARTESIAN_POINT('',(-189.,125.,-21.));
#7528 = SURFACE_CURVE('',#7529,(#7533,#7540),.PCURVE_S1.);
#7529 = LINE('',#7530,#7531);
#7530 = CARTESIAN_POINT('',(-189.,-125.,-21.));
#7531 = VECTOR('',#7532,1.);
#7532 = DIRECTION('',(0.,1.,0.));
#7533 = PCURVE('',#7501,#7534);
#7534 = DEFINITIONAL_REPRESENTATION('',(#7535),#7539);
#7535 = LINE('',#7536,#7537);
#7536 = CARTESIAN_POINT('',(0.,0.));
#7537 = VECTOR('',#7538,1.);
#7538 = DIRECTION('',(0.,-1.));
#7539 = ( GEOMETRIC_REPRESENTATION_CONTEXT(2) 
PARAMETRIC_REPRESENTATION_CONTEXT() REPRESENTATION_CONTEXT('2D SPACE',''
  ) );
#7540 = PCURVE('',#7541,#7546);
#7541 = PLANE('',#7542);
#7542 = AXIS2_PLACEMENT_3D('',#7543,#7544,#7545);
#7543 = CARTESIAN_POINT('',(-189.,-125.,-21.));
#7544 = DIRECTION('',(0.,0.,1.));
#7545 = DIRECTION('',(1.,0.,-0.));
#7546 = DEFINITIONAL_REPRESENTATION('',(#7547),#7551);
#7547 = LINE('',#7548,#7549);
#7548 = CARTESIAN_POINT('',(0.,0.));
#7549 = VECTOR('',#7550,1.);
#7550 = DIRECTION('',(0.,1.));
#7551 = ( GEOMETRIC_REPRESENTATION_CONTEXT(2) 
PARAMETRIC_REPRESENTATION_CONTEXT() REPRESENTATION_CONTEXT('2D SPACE',''
  ) );
#7552 = ORIENTED_EDGE('',*,*,#7553,.T.);
#7553 = EDGE_CURVE('',#7526,#7554,#7556,.T.);
#7554 = VERTEX_POINT('',#7555);
#7555 = CARTESIAN_POINT('',(-189.,125.,21.));
#7556 = SURFACE_CURVE('',#7557,(#7561,#7568),.PCURVE_S1.);
#7557 = LINE('',#7558,#7559);
#7558 = CARTESIAN_POINT('',(-189.,125.,-21.));
#7559 = VECTOR('',#7560,1.);
#7560 = DIRECTION('',(0.,0.,1.));
#7561 = PCURVE('',#7501,#7562);
#7562 = DEFINITIONAL_REPRESENTATION('',(#7563),#7567);
#7563 = LINE('',#7564,#7565);
#7564 = CARTESIAN_POINT('',(0.,-250.));
#7565 = VECTOR('',#7566,1.);
#7566 = DIRECTION('',(1.,0.));
#7567 = ( GEOMETRIC_REPRESENTATION_CONTEXT(2) 
PARAMETRIC_REPRESENTATION_CONTEXT() REPRESENTATION_CONTEXT('2D SPACE',''
  ) );
#7568 = PCURVE('',#7569,#7574);
#7569 = PLANE('',#7570);
#7570 = AXIS2_PLACEMENT_3D('',#7571,#7572,#7573);
#7571 = CARTESIAN_POINT('',(-189.,125.,-21.));
#7572 = DIRECTION('',(0.,1.,0.));
#7573 = DIRECTION('',(0.,-0.,1.));
#7574 = DEFINITIONAL_REPRESENTATION('',(#7575),#7579);
#7575 = LINE('',#7576,#7577);
#7576 = CARTESIAN_POINT('',(0.,0.));
#7577 = VECTOR('',#7578,1.);
#7578 = DIRECTION('',(1.,0.));
#7579 = ( GEOMETRIC_REPRESENTATION_CONTEXT(2) 
PARAMETRIC_REPRESENTATION_CONTEXT() REPRESENTATION_CONTEXT('2D SPACE',''
  ) );
#7580 = ORIENTED_EDGE('',*,*,#7581,.F.);
#7581 = EDGE_CURVE('',#7493,#7554,#7582,.T.);
#7582 = SURFACE_CURVE('',#7583,(#7587,#7594),.PCURVE_S1.);
#7583 = LINE('',#7584,#7585);
#7584 = CARTESIAN_POINT('',(-189.,-125.,21.));
#7585 = VECTOR('',#7586,1.);
#7586 = DIRECTION('',(0.,1.,0.));
#7587 = PCURVE('',#7501,#7588);
#7588 = DEFINITIONAL_REPRESENTATION('',(#7589),#7593);
#7589 = LINE('',#7590,#7591);
#7590 = CARTESIAN_POINT('',(42.,0.));
#7591 = VECTOR('',#7592,1.);
#7592 = DIRECTION('',(0.,-1.));
#7593 = ( GEOMETRIC_REPRESENTATION_CONTEXT(2) 
PARAMETRIC_REPRESENTATION_CONTEXT() REPRESENTATION_CONTEXT('2D SPACE',''
  ) );
#7594 = PCURVE('',#7595,#7600);
#7595 = PLANE('',#7596);
#7596 = AXIS2_PLACEMENT_3D('',#7597,#7598,#7599);
#7597 = CARTESIAN_POINT('',(-189.,-125.,21.));
#7598 = DIRECTION('',(0.,0.,1.));
#7599 = DIRECTION('',(1.,0.,-0.));
#7600 = DEFINITIONAL_REPRESENTATION('',(#7601),#7605);
#7601 = LINE('',#7602,#7603);
#7602 = CARTESIAN_POINT('',(0.,0.));
#7603 = VECTOR('',#7604,1.);
#7604 = DIRECTION('',(0.,1.));
#7605 = ( GEOMETRIC_REPRESENTATION_CONTEXT(2) 
PARAMETRIC_REPRESENTATION_CONTEXT() REPRESENTATION_CONTEXT('2D SPACE',''
  ) );
#7606 = ADVANCED_FACE('',(#7607),#7513,.F.);
#7607 = FACE_BOUND('',#7608,.F.);
#7608 = EDGE_LOOP('',(#7609,#7632,#7633,#7656));
#7609 = ORIENTED_EDGE('',*,*,#7610,.F.);
#7610 = EDGE_CURVE('',#7491,#7611,#7613,.T.);
#7611 = VERTEX_POINT('',#7612);
#7612 = CARTESIAN_POINT('',(189.,-125.,-21.));
#7613 = SURFACE_CURVE('',#7614,(#7618,#7625),.PCURVE_S1.);
#7614 = LINE('',#7615,#7616);
#7615 = CARTESIAN_POINT('',(-189.,-125.,-21.));
#7616 = VECTOR('',#7617,1.);
#7617 = DIRECTION('',(1.,0.,0.));
#7618 = PCURVE('',#7513,#7619);
#7619 = DEFINITIONAL_REPRESENTATION('',(#7620),#7624);
#7620 = LINE('',#7621,#7622);
#7621 = CARTESIAN_POINT('',(0.,0.));
#7622 = VECTOR('',#7623,1.);
#7623 = DIRECTION('',(0.,1.));
#7624 = ( GEOMETRIC_REPRESENTATION_CONTEXT(2) 
PARAMETRIC_REPRESENTATION_CONTEXT() REPRESENTATION_CONTEXT('2D SPACE',''
  ) );
#7625 = PCURVE('',#7541,#7626);
#7626 = DEFINITIONAL_REPRESENTATION('',(#7627),#7631);
#7627 = LINE('',#7628,#7629);
#7628 = CARTESIAN_POINT('',(0.,0.));
#7629 = VECTOR('',#7630,1.);
#7630 = DIRECTION('',(1.,0.));
#7631 = ( GEOMETRIC_REPRESENTATION_CONTEXT(2) 
PARAMETRIC_REPRESENTATION_CONTEXT() REPRESENTATION_CONTEXT('2D SPACE',''
  ) );
#7632 = ORIENTED_EDGE('',*,*,#7490,.T.);
#7633 = ORIENTED_EDGE('',*,*,#7634,.T.);
#7634 = EDGE_CURVE('',#7493,#7635,#7637,.T.);
#7635 = VERTEX_POINT('',#7636);
#7636 = CARTESIAN_POINT('',(189.,-125.,21.));
#7637 = SURFACE_CURVE('',#7638,(#7642,#7649),.PCURVE_S1.);
#7638 = LINE('',#7639,#7640);
#7639 = CARTESIAN_POINT('',(-189.,-125.,21.));
#7640 = VECTOR('',#7641,1.);
#7641 = DIRECTION('',(1.,0.,0.));
#7642 = PCURVE('',#7513,#7643);
#7643 = DEFINITIONAL_REPRESENTATION('',(#7644),#7648);
#7644 = LINE('',#7645,#7646);
#7645 = CARTESIAN_POINT('',(42.,0.));
#7646 = VECTOR('',#7647,1.);
#7647 = DIRECTION('',(0.,1.));
#7648 = ( GEOMETRIC_REPRESENTATION_CONTEXT(2) 
PARAMETRIC_REPRESENTATION_CONTEXT() REPRESENTATION_CONTEXT('2D SPACE',''
  ) );
#7649 = PCURVE('',#7595,#7650);
#7650 = DEFINITIONAL_REPRESENTATION('',(#7651),#7655);
#7651 = LINE('',#7652,#7653);
#7652 = CARTESIAN_POINT('',(0.,0.));
#7653 = VECTOR('',#7654,1.);
#7654 = DIRECTION('',(1.,0.));
#7655 = ( GEOMETRIC_REPRESENTATION_CONTEXT(2) 
PARAMETRIC_REPRESENTATION_CONTEXT() REPRESENTATION_CONTEXT('2D SPACE',''
  ) );
#7656 = ORIENTED_EDGE('',*,*,#7657,.F.);
#7657 = EDGE_CURVE('',#7611,#7635,#7658,.T.);
#7658 = SURFACE_CURVE('',#7659,(#7663,#7670),.PCURVE_S1.);
#7659 = LINE('',#7660,#7661);
#7660 = CARTESIAN_POINT('',(189.,-125.,-21.));
#7661 = VECTOR('',#7662,1.);
#7662 = DIRECTION('',(0.,0.,1.));
#7663 = PCURVE('',#7513,#7664);
#7664 = DEFINITIONAL_REPRESENTATION('',(#7665),#7669);
#7665 = LINE('',#7666,#7667);
#7666 = CARTESIAN_POINT('',(0.,378.));
#7667 = VECTOR('',#7668,1.);
#7668 = DIRECTION('',(1.,0.));
#7669 = ( GEOMETRIC_REPRESENTATION_CONTEXT(2) 
PARAMETRIC_REPRESENTATION_CONTEXT() REPRESENTATION_CONTEXT('2D SPACE',''
  ) );
#7670 = PCURVE('',#7671,#7676);
#7671 = PLANE('',#7672);
#7672 = AXIS2_PLACEMENT_3D('',#7673,#7674,#7675);
#7673 = CARTESIAN_POINT('',(189.,-125.,-21.));
#7674 = DIRECTION('',(1.,0.,0.));
#7675 = DIRECTION('',(0.,0.,1.));
#7676 = DEFINITIONAL_REPRESENTATION('',(#7677),#7681);
#7677 = LINE('',#7678,#7679);
#7678 = CARTESIAN_POINT('',(0.,0.));
#7679 = VECTOR('',#7680,1.);
#7680 = DIRECTION('',(1.,0.));
#7681 = ( GEOMETRIC_REPRESENTATION_CONTEXT(2) 
PARAMETRIC_REPRESENTATION_CONTEXT() REPRESENTATION_CONTEXT('2D SPACE',''
  ) );
#7682 = ADVANCED_FACE('',(#7683,#7731,#7766,#7801,#7836,#7871,#7906,
    #7941,#7976,#8011),#7595,.T.);
#7683 = FACE_BOUND('',#7684,.T.);
#7684 = EDGE_LOOP('',(#7685,#7686,#7687,#7710));
#7685 = ORIENTED_EDGE('',*,*,#7581,.F.);
#7686 = ORIENTED_EDGE('',*,*,#7634,.T.);
#7687 = ORIENTED_EDGE('',*,*,#7688,.T.);
#7688 = EDGE_CURVE('',#7635,#7689,#7691,.T.);
#7689 = VERTEX_POINT('',#7690);
#7690 = CARTESIAN_POINT('',(189.,125.,21.));
#7691 = SURFACE_CURVE('',#7692,(#7696,#7703),.PCURVE_S1.);
#7692 = LINE('',#7693,#7694);
#7693 = CARTESIAN_POINT('',(189.,-125.,21.));
#7694 = VECTOR('',#7695,1.);
#7695 = DIRECTION('',(0.,1.,0.));
#7696 = PCURVE('',#7595,#7697);
#7697 = DEFINITIONAL_REPRESENTATION('',(#7698),#7702);
#7698 = LINE('',#7699,#7700);
#7699 = CARTESIAN_POINT('',(378.,0.));
#7700 = VECTOR('',#7701,1.);
#7701 = DIRECTION('',(0.,1.));
#7702 = ( GEOMETRIC_REPRESENTATION_CONTEXT(2) 
PARAMETRIC_REPRESENTATION_CONTEXT() REPRESENTATION_CONTEXT('2D SPACE',''
  ) );
#7703 = PCURVE('',#7671,#7704);
#7704 = DEFINITIONAL_REPRESENTATION('',(#7705),#7709);
#7705 = LINE('',#7706,#7707);
#7706 = CARTESIAN_POINT('',(42.,0.));
#7707 = VECTOR('',#7708,1.);
#7708 = DIRECTION('',(0.,-1.));
#7709 = ( GEOMETRIC_REPRESENTATION_CONTEXT(2) 
PARAMETRIC_REPRESENTATION_CONTEXT() REPRESENTATION_CONTEXT('2D SPACE',''
  ) );
#7710 = ORIENTED_EDGE('',*,*,#7711,.F.);
#7711 = EDGE_CURVE('',#7554,#7689,#7712,.T.);
#7712 = SURFACE_CURVE('',#7713,(#7717,#7724),.PCURVE_S1.);
#7713 = LINE('',#7714,#7715);
#7714 = CARTESIAN_POINT('',(-189.,125.,21.));
#7715 = VECTOR('',#7716,1.);
#7716 = DIRECTION('',(1.,0.,0.));
#7717 = PCURVE('',#7595,#7718);
#7718 = DEFINITIONAL_REPRESENTATION('',(#7719),#7723);
#7719 = LINE('',#7720,#7721);
#7720 = CARTESIAN_POINT('',(0.,250.));
#7721 = VECTOR('',#7722,1.);
#7722 = DIRECTION('',(1.,0.));
#7723 = ( GEOMETRIC_REPRESENTATION_CONTEXT(2) 
PARAMETRIC_REPRESENTATION_CONTEXT() REPRESENTATION_CONTEXT('2D SPACE',''
  ) );
#7724 = PCURVE('',#7569,#7725);
#7725 = DEFINITIONAL_REPRESENTATION('',(#7726),#7730);
#7726 = LINE('',#7727,#7728);
#7727 = CARTESIAN_POINT('',(42.,0.));
#7728 = VECTOR('',#7729,1.);
#7729 = DIRECTION('',(0.,1.));
#7730 = ( GEOMETRIC_REPRESENTATION_CONTEXT(2) 
PARAMETRIC_REPRESENTATION_CONTEXT() REPRESENTATION_CONTEXT('2D SPACE',''
  ) );
#7731 = FACE_BOUND('',#7732,.T.);
#7732 = EDGE_LOOP('',(#7733));
#7733 = ORIENTED_EDGE('',*,*,#7734,.T.);
#7734 = EDGE_CURVE('',#7735,#7735,#7737,.T.);
#7735 = VERTEX_POINT('',#7736);
#7736 = CARTESIAN_POINT('',(-125.5,-90.,21.));
#7737 = SURFACE_CURVE('',#7738,(#7743,#7754),.PCURVE_S1.);
#7738 = CIRCLE('',#7739,4.5);
#7739 = AXIS2_PLACEMENT_3D('',#7740,#7741,#7742);
#7740 = CARTESIAN_POINT('',(-130.,-90.,21.));
#7741 = DIRECTION('',(0.,0.,-1.));
#7742 = DIRECTION('',(1.,0.,0.));
#7743 = PCURVE('',#7595,#7744);
#7744 = DEFINITIONAL_REPRESENTATION('',(#7745),#7753);
#7745 = ( BOUNDED_CURVE() B_SPLINE_CURVE(2,(#7746,#7747,#7748,#7749,
#7750,#7751,#7752),.UNSPECIFIED.,.T.,.F.) B_SPLINE_CURVE_WITH_KNOTS((1,2
    ,2,2,2,1),(-2.094395102393,0.,2.094395102393,4.188790204786,
6.28318530718,8.377580409573),.UNSPECIFIED.) CURVE() 
GEOMETRIC_REPRESENTATION_ITEM() RATIONAL_B_SPLINE_CURVE((1.,0.5,1.,0.5,
1.,0.5,1.)) REPRESENTATION_ITEM('') );
#7746 = CARTESIAN_POINT('',(63.5,35.));
#7747 = CARTESIAN_POINT('',(63.5,27.20577136594));
#7748 = CARTESIAN_POINT('',(56.75,31.10288568297));
#7749 = CARTESIAN_POINT('',(50.,35.));
#7750 = CARTESIAN_POINT('',(56.75,38.89711431703));
#7751 = CARTESIAN_POINT('',(63.5,42.79422863406));
#7752 = CARTESIAN_POINT('',(63.5,35.));
#7753 = ( GEOMETRIC_REPRESENTATION_CONTEXT(2) 
PARAMETRIC_REPRESENTATION_CONTEXT() REPRESENTATION_CONTEXT('2D SPACE',''
  ) );
#7754 = PCURVE('',#7755,#7760);
#7755 = CYLINDRICAL_SURFACE('',#7756,4.5);
#7756 = AXIS2_PLACEMENT_3D('',#7757,#7758,#7759);
#7757 = CARTESIAN_POINT('',(-130.,-90.,-22.));
#7758 = DIRECTION('',(-0.,-0.,-1.));
#7759 = DIRECTION('',(1.,0.,0.));
#7760 = DEFINITIONAL_REPRESENTATION('',(#7761),#7765);
#7761 = LINE('',#7762,#7763);
#7762 = CARTESIAN_POINT('',(-4.138911435803E-13,-43.));
#7763 = VECTOR('',#7764,1.);
#7764 = DIRECTION('',(1.,-0.));
#7765 = ( GEOMETRIC_REPRESENTATION_CONTEXT(2) 
PARAMETRIC_REPRESENTATION_CONTEXT() REPRESENTATION_CONTEXT('2D SPACE',''
  ) );
#7766 = FACE_BOUND('',#7767,.T.);
#7767 = EDGE_LOOP('',(#7768));
#7768 = ORIENTED_EDGE('',*,*,#7769,.T.);
#7769 = EDGE_CURVE('',#7770,#7770,#7772,.T.);
#7770 = VERTEX_POINT('',#7771);
#7771 = CARTESIAN_POINT('',(-149.5,-55.,21.));
#7772 = SURFACE_CURVE('',#7773,(#7778,#7789),.PCURVE_S1.);
#7773 = CIRCLE('',#7774,4.5);
#7774 = AXIS2_PLACEMENT_3D('',#7775,#7776,#7777);
#7775 = CARTESIAN_POINT('',(-154.,-55.,21.));
#7776 = DIRECTION('',(0.,0.,-1.));
#7777 = DIRECTION('',(1.,0.,0.));
#7778 = PCURVE('',#7595,#7779);
#7779 = DEFINITIONAL_REPRESENTATION('',(#7780),#7788);
#7780 = ( BOUNDED_CURVE() B_SPLINE_CURVE(2,(#7781,#7782,#7783,#7784,
#7785,#7786,#7787),.UNSPECIFIED.,.T.,.F.) B_SPLINE_CURVE_WITH_KNOTS((1,2
    ,2,2,2,1),(-2.094395102393,0.,2.094395102393,4.188790204786,
6.28318530718,8.377580409573),.UNSPECIFIED.) CURVE() 
GEOMETRIC_REPRESENTATION_ITEM() RATIONAL_B_SPLINE_CURVE((1.,0.5,1.,0.5,
1.,0.5,1.)) REPRESENTATION_ITEM('') );
#7781 = CARTESIAN_POINT('',(39.5,70.));
#7782 = CARTESIAN_POINT('',(39.5,62.20577136594));
#7783 = CARTESIAN_POINT('',(32.75,66.10288568297));
#7784 = CARTESIAN_POINT('',(26.,70.));
#7785 = CARTESIAN_POINT('',(32.75,73.89711431703));
#7786 = CARTESIAN_POINT('',(39.5,77.79422863406));
#7787 = CARTESIAN_POINT('',(39.5,70.));
#7788 = ( GEOMETRIC_REPRESENTATION_CONTEXT(2) 
PARAMETRIC_REPRESENTATION_CONTEXT() REPRESENTATION_CONTEXT('2D SPACE',''
  ) );
#7789 = PCURVE('',#7790,#7795);
#7790 = CYLINDRICAL_SURFACE('',#7791,4.5);
#7791 = AXIS2_PLACEMENT_3D('',#7792,#7793,#7794);
#7792 = CARTESIAN_POINT('',(-154.,-55.,-22.));
#7793 = DIRECTION('',(-0.,-0.,-1.));
#7794 = DIRECTION('',(1.,0.,0.));
#7795 = DEFINITIONAL_REPRESENTATION('',(#7796),#7800);
#7796 = LINE('',#7797,#7798);
#7797 = CARTESIAN_POINT('',(-4.138911435803E-13,-43.));
#7798 = VECTOR('',#7799,1.);
#7799 = DIRECTION('',(1.,-0.));
#7800 = ( GEOMETRIC_REPRESENTATION_CONTEXT(2) 
PARAMETRIC_REPRESENTATION_CONTEXT() REPRESENTATION_CONTEXT('2D SPACE',''
  ) );
#7801 = FACE_BOUND('',#7802,.T.);
#7802 = EDGE_LOOP('',(#7803));
#7803 = ORIENTED_EDGE('',*,*,#7804,.T.);
#7804 = EDGE_CURVE('',#7805,#7805,#7807,.T.);
#7805 = VERTEX_POINT('',#7806);
#7806 = CARTESIAN_POINT('',(134.5,-90.,21.));
#7807 = SURFACE_CURVE('',#7808,(#7813,#7824),.PCURVE_S1.);
#7808 = CIRCLE('',#7809,4.5);
#7809 = AXIS2_PLACEMENT_3D('',#7810,#7811,#7812);
#7810 = CARTESIAN_POINT('',(130.,-90.,21.));
#7811 = DIRECTION('',(0.,0.,-1.));
#7812 = DIRECTION('',(1.,0.,0.));
#7813 = PCURVE('',#7595,#7814);
#7814 = DEFINITIONAL_REPRESENTATION('',(#7815),#7823);
#7815 = ( BOUNDED_CURVE() B_SPLINE_CURVE(2,(#7816,#7817,#7818,#7819,
#7820,#7821,#7822),.UNSPECIFIED.,.T.,.F.) B_SPLINE_CURVE_WITH_KNOTS((1,2
    ,2,2,2,1),(-2.094395102393,0.,2.094395102393,4.188790204786,
6.28318530718,8.377580409573),.UNSPECIFIED.) CURVE() 
GEOMETRIC_REPRESENTATION_ITEM() RATIONAL_B_SPLINE_CURVE((1.,0.5,1.,0.5,
1.,0.5,1.)) REPRESENTATION_ITEM('') );
#7816 = CARTESIAN_POINT('',(323.5,35.));
#7817 = CARTESIAN_POINT('',(323.5,27.20577136594));
#7818 = CARTESIAN_POINT('',(316.75,31.10288568297));
#7819 = CARTESIAN_POINT('',(310.,35.));
#7820 = CARTESIAN_POINT('',(316.75,38.89711431703));
#7821 = CARTESIAN_POINT('',(323.5,42.79422863406));
#7822 = CARTESIAN_POINT('',(323.5,35.));
#7823 = ( GEOMETRIC_REPRESENTATION_CONTEXT(2) 
PARAMETRIC_REPRESENTATION_CONTEXT() REPRESENTATION_CONTEXT('2D SPACE',''
  ) );
#7824 = PCURVE('',#7825,#7830);
#7825 = CYLINDRICAL_SURFACE('',#7826,4.5);
#7826 = AXIS2_PLACEMENT_3D('',#7827,#7828,#7829);
#7827 = CARTESIAN_POINT('',(130.,-90.,-22.));
#7828 = DIRECTION('',(-0.,-0.,-1.));
#7829 = DIRECTION('',(1.,0.,0.));
#7830 = DEFINITIONAL_REPRESENTATION('',(#7831),#7835);
#7831 = LINE('',#7832,#7833);
#7832 = CARTESIAN_POINT('',(-4.138911435803E-13,-43.));
#7833 = VECTOR('',#7834,1.);
#7834 = DIRECTION('',(1.,-0.));
#7835 = ( GEOMETRIC_REPRESENTATION_CONTEXT(2) 
PARAMETRIC_REPRESENTATION_CONTEXT() REPRESENTATION_CONTEXT('2D SPACE',''
  ) );
#7836 = FACE_BOUND('',#7837,.T.);
#7837 = EDGE_LOOP('',(#7838));
#7838 = ORIENTED_EDGE('',*,*,#7839,.T.);
#7839 = EDGE_CURVE('',#7840,#7840,#7842,.T.);
#7840 = VERTEX_POINT('',#7841);
#7841 = CARTESIAN_POINT('',(158.5,-55.,21.));
#7842 = SURFACE_CURVE('',#7843,(#7848,#7859),.PCURVE_S1.);
#7843 = CIRCLE('',#7844,4.5);
#7844 = AXIS2_PLACEMENT_3D('',#7845,#7846,#7847);
#7845 = CARTESIAN_POINT('',(154.,-55.,21.));
#7846 = DIRECTION('',(0.,0.,-1.));
#7847 = DIRECTION('',(1.,0.,0.));
#7848 = PCURVE('',#7595,#7849);
#7849 = DEFINITIONAL_REPRESENTATION('',(#7850),#7858);
#7850 = ( BOUNDED_CURVE() B_SPLINE_CURVE(2,(#7851,#7852,#7853,#7854,
#7855,#7856,#7857),.UNSPECIFIED.,.T.,.F.) B_SPLINE_CURVE_WITH_KNOTS((1,2
    ,2,2,2,1),(-2.094395102393,0.,2.094395102393,4.188790204786,
6.28318530718,8.377580409573),.UNSPECIFIED.) CURVE() 
GEOMETRIC_REPRESENTATION_ITEM() RATIONAL_B_SPLINE_CURVE((1.,0.5,1.,0.5,
1.,0.5,1.)) REPRESENTATION_ITEM('') );
#7851 = CARTESIAN_POINT('',(347.5,70.));
#7852 = CARTESIAN_POINT('',(347.5,62.20577136594));
#7853 = CARTESIAN_POINT('',(340.75,66.10288568297));
#7854 = CARTESIAN_POINT('',(334.,70.));
#7855 = CARTESIAN_POINT('',(340.75,73.89711431703));
#7856 = CARTESIAN_POINT('',(347.5,77.79422863406));
#7857 = CARTESIAN_POINT('',(347.5,70.));
#7858 = ( GEOMETRIC_REPRESENTATION_CONTEXT(2) 
PARAMETRIC_REPRESENTATION_CONTEXT() REPRESENTATION_CONTEXT('2D SPACE',''
  ) );
#7859 = PCURVE('',#7860,#7865);
#7860 = CYLINDRICAL_SURFACE('',#7861,4.5);
#7861 = AXIS2_PLACEMENT_3D('',#7862,#7863,#7864);
#7862 = CARTESIAN_POINT('',(154.,-55.,-22.));
#7863 = DIRECTION('',(-0.,-0.,-1.));
#7864 = DIRECTION('',(1.,0.,0.));
#7865 = DEFINITIONAL_REPRESENTATION('',(#7866),#7870);
#7866 = LINE('',#7867,#7868);
#7867 = CARTESIAN_POINT('',(-4.138911435803E-13,-43.));
#7868 = VECTOR('',#7869,1.);
#7869 = DIRECTION('',(1.,-0.));
#7870 = ( GEOMETRIC_REPRESENTATION_CONTEXT(2) 
PARAMETRIC_REPRESENTATION_CONTEXT() REPRESENTATION_CONTEXT('2D SPACE',''
  ) );
#7871 = FACE_BOUND('',#7872,.T.);
#7872 = EDGE_LOOP('',(#7873));
#7873 = ORIENTED_EDGE('',*,*,#7874,.T.);
#7874 = EDGE_CURVE('',#7875,#7875,#7877,.T.);
#7875 = VERTEX_POINT('',#7876);
#7876 = CARTESIAN_POINT('',(-149.5,55.,21.));
#7877 = SURFACE_CURVE('',#7878,(#7883,#7894),.PCURVE_S1.);
#7878 = CIRCLE('',#7879,4.5);
#7879 = AXIS2_PLACEMENT_3D('',#7880,#7881,#7882);
#7880 = CARTESIAN_POINT('',(-154.,55.,21.));
#7881 = DIRECTION('',(0.,0.,-1.));
#7882 = DIRECTION('',(1.,0.,0.));
#7883 = PCURVE('',#7595,#7884);
#7884 = DEFINITIONAL_REPRESENTATION('',(#7885),#7893);
#7885 = ( BOUNDED_CURVE() B_SPLINE_CURVE(2,(#7886,#7887,#7888,#7889,
#7890,#7891,#7892),.UNSPECIFIED.,.T.,.F.) B_SPLINE_CURVE_WITH_KNOTS((1,2
    ,2,2,2,1),(-2.094395102393,0.,2.094395102393,4.188790204786,
6.28318530718,8.377580409573),.UNSPECIFIED.) CURVE() 
GEOMETRIC_REPRESENTATION_ITEM() RATIONAL_B_SPLINE_CURVE((1.,0.5,1.,0.5,
1.,0.5,1.)) REPRESENTATION_ITEM('') );
#7886 = CARTESIAN_POINT('',(39.5,180.));
#7887 = CARTESIAN_POINT('',(39.5,172.20577136594));
#7888 = CARTESIAN_POINT('',(32.75,176.10288568297));
#7889 = CARTESIAN_POINT('',(26.,180.));
#7890 = CARTESIAN_POINT('',(32.75,183.89711431703));
#7891 = CARTESIAN_POINT('',(39.5,187.79422863406));
#7892 = CARTESIAN_POINT('',(39.5,180.));
#7893 = ( GEOMETRIC_REPRESENTATION_CONTEXT(2) 
PARAMETRIC_REPRESENTATION_CONTEXT() REPRESENTATION_CONTEXT('2D SPACE',''
  ) );
#7894 = PCURVE('',#7895,#7900);
#7895 = CYLINDRICAL_SURFACE('',#7896,4.5);
#7896 = AXIS2_PLACEMENT_3D('',#7897,#7898,#7899);
#7897 = CARTESIAN_POINT('',(-154.,55.,-22.));
#7898 = DIRECTION('',(-0.,-0.,-1.));
#7899 = DIRECTION('',(1.,0.,0.));
#7900 = DEFINITIONAL_REPRESENTATION('',(#7901),#7905);
#7901 = LINE('',#7902,#7903);
#7902 = CARTESIAN_POINT('',(-4.138911435803E-13,-43.));
#7903 = VECTOR('',#7904,1.);
#7904 = DIRECTION('',(1.,-0.));
#7905 = ( GEOMETRIC_REPRESENTATION_CONTEXT(2) 
PARAMETRIC_REPRESENTATION_CONTEXT() REPRESENTATION_CONTEXT('2D SPACE',''
  ) );
#7906 = FACE_BOUND('',#7907,.T.);
#7907 = EDGE_LOOP('',(#7908));
#7908 = ORIENTED_EDGE('',*,*,#7909,.T.);
#7909 = EDGE_CURVE('',#7910,#7910,#7912,.T.);
#7910 = VERTEX_POINT('',#7911);
#7911 = CARTESIAN_POINT('',(-125.5,90.,21.));
#7912 = SURFACE_CURVE('',#7913,(#7918,#7929),.PCURVE_S1.);
#7913 = CIRCLE('',#7914,4.5);
#7914 = AXIS2_PLACEMENT_3D('',#7915,#7916,#7917);
#7915 = CARTESIAN_POINT('',(-130.,90.,21.));
#7916 = DIRECTION('',(0.,0.,-1.));
#7917 = DIRECTION('',(1.,0.,0.));
#7918 = PCURVE('',#7595,#7919);
#7919 = DEFINITIONAL_REPRESENTATION('',(#7920),#7928);
#7920 = ( BOUNDED_CURVE() B_SPLINE_CURVE(2,(#7921,#7922,#7923,#7924,
#7925,#7926,#7927),.UNSPECIFIED.,.T.,.F.) B_SPLINE_CURVE_WITH_KNOTS((1,2
    ,2,2,2,1),(-2.094395102393,0.,2.094395102393,4.188790204786,
6.28318530718,8.377580409573),.UNSPECIFIED.) CURVE() 
GEOMETRIC_REPRESENTATION_ITEM() RATIONAL_B_SPLINE_CURVE((1.,0.5,1.,0.5,
1.,0.5,1.)) REPRESENTATION_ITEM('') );
#7921 = CARTESIAN_POINT('',(63.5,215.));
#7922 = CARTESIAN_POINT('',(63.5,207.20577136594));
#7923 = CARTESIAN_POINT('',(56.75,211.10288568297));
#7924 = CARTESIAN_POINT('',(50.,215.));
#7925 = CARTESIAN_POINT('',(56.75,218.89711431703));
#7926 = CARTESIAN_POINT('',(63.5,222.79422863406));
#7927 = CARTESIAN_POINT('',(63.5,215.));
#7928 = ( GEOMETRIC_REPRESENTATION_CONTEXT(2) 
PARAMETRIC_REPRESENTATION_CONTEXT() REPRESENTATION_CONTEXT('2D SPACE',''
  ) );
#7929 = PCURVE('',#7930,#7935);
#7930 = CYLINDRICAL_SURFACE('',#7931,4.5);
#7931 = AXIS2_PLACEMENT_3D('',#7932,#7933,#7934);
#7932 = CARTESIAN_POINT('',(-130.,90.,-22.));
#7933 = DIRECTION('',(-0.,-0.,-1.));
#7934 = DIRECTION('',(1.,0.,0.));
#7935 = DEFINITIONAL_REPRESENTATION('',(#7936),#7940);
#7936 = LINE('',#7937,#7938);
#7937 = CARTESIAN_POINT('',(-4.138911435803E-13,-43.));
#7938 = VECTOR('',#7939,1.);
#7939 = DIRECTION('',(1.,-0.));
#7940 = ( GEOMETRIC_REPRESENTATION_CONTEXT(2) 
PARAMETRIC_REPRESENTATION_CONTEXT() REPRESENTATION_CONTEXT('2D SPACE',''
  ) );
#7941 = FACE_BOUND('',#7942,.T.);
#7942 = EDGE_LOOP('',(#7943));
#7943 = ORIENTED_EDGE('',*,*,#7944,.T.);
#7944 = EDGE_CURVE('',#7945,#7945,#7947,.T.);
#7945 = VERTEX_POINT('',#7946);
#7946 = CARTESIAN_POINT('',(38.,0.,21.));
#7947 = SURFACE_CURVE('',#7948,(#7953,#7964),.PCURVE_S1.);
#7948 = CIRCLE('',#7949,38.);
#7949 = AXIS2_PLACEMENT_3D('',#7950,#7951,#7952);
#7950 = CARTESIAN_POINT('',(0.,0.,21.));
#7951 = DIRECTION('',(0.,0.,-1.));
#7952 = DIRECTION('',(1.,0.,0.));
#7953 = PCURVE('',#7595,#7954);
#7954 = DEFINITIONAL_REPRESENTATION('',(#7955),#7963);
#7955 = ( BOUNDED_CURVE() B_SPLINE_CURVE(2,(#7956,#7957,#7958,#7959,
#7960,#7961,#7962),.UNSPECIFIED.,.T.,.F.) B_SPLINE_CURVE_WITH_KNOTS((1,2
    ,2,2,2,1),(-2.094395102393,0.,2.094395102393,4.188790204786,
6.28318530718,8.377580409573),.UNSPECIFIED.) CURVE() 
GEOMETRIC_REPRESENTATION_ITEM() RATIONAL_B_SPLINE_CURVE((1.,0.5,1.,0.5,
1.,0.5,1.)) REPRESENTATION_ITEM('') );
#7956 = CARTESIAN_POINT('',(227.,125.));
#7957 = CARTESIAN_POINT('',(227.,59.182069312383));
#7958 = CARTESIAN_POINT('',(170.,92.091034656191));
#7959 = CARTESIAN_POINT('',(113.,125.));
#7960 = CARTESIAN_POINT('',(170.,157.9089653438));
#7961 = CARTESIAN_POINT('',(227.,190.81793068761));
#7962 = CARTESIAN_POINT('',(227.,125.));
#7963 = ( GEOMETRIC_REPRESENTATION_CONTEXT(2) 
PARAMETRIC_REPRESENTATION_CONTEXT() REPRESENTATION_CONTEXT('2D SPACE',''
  ) );
#7964 = PCURVE('',#7965,#7970);
#7965 = CYLINDRICAL_SURFACE('',#7966,38.);
#7966 = AXIS2_PLACEMENT_3D('',#7967,#7968,#7969);
#7967 = CARTESIAN_POINT('',(0.,0.,-22.));
#7968 = DIRECTION('',(-0.,-0.,-1.));
#7969 = DIRECTION('',(1.,0.,0.));
#7970 = DEFINITIONAL_REPRESENTATION('',(#7971),#7975);
#7971 = LINE('',#7972,#7973);
#7972 = CARTESIAN_POINT('',(-4.138911435803E-13,-43.));
#7973 = VECTOR('',#7974,1.);
#7974 = DIRECTION('',(1.,-0.));
#7975 = ( GEOMETRIC_REPRESENTATION_CONTEXT(2) 
PARAMETRIC_REPRESENTATION_CONTEXT() REPRESENTATION_CONTEXT('2D SPACE',''
  ) );
#7976 = FACE_BOUND('',#7977,.T.);
#7977 = EDGE_LOOP('',(#7978));
#7978 = ORIENTED_EDGE('',*,*,#7979,.T.);
#7979 = EDGE_CURVE('',#7980,#7980,#7982,.T.);
#7980 = VERTEX_POINT('',#7981);
#7981 = CARTESIAN_POINT('',(158.5,55.,21.));
#7982 = SURFACE_CURVE('',#7983,(#7988,#7999),.PCURVE_S1.);
#7983 = CIRCLE('',#7984,4.5);
#7984 = AXIS2_PLACEMENT_3D('',#7985,#7986,#7987);
#7985 = CARTESIAN_POINT('',(154.,55.,21.));
#7986 = DIRECTION('',(0.,0.,-1.));
#7987 = DIRECTION('',(1.,0.,0.));
#7988 = PCURVE('',#7595,#7989);
#7989 = DEFINITIONAL_REPRESENTATION('',(#7990),#7998);
#7990 = ( BOUNDED_CURVE() B_SPLINE_CURVE(2,(#7991,#7992,#7993,#7994,
#7995,#7996,#7997),.UNSPECIFIED.,.T.,.F.) B_SPLINE_CURVE_WITH_KNOTS((1,2
    ,2,2,2,1),(-2.094395102393,0.,2.094395102393,4.188790204786,
6.28318530718,8.377580409573),.UNSPECIFIED.) CURVE() 
GEOMETRIC_REPRESENTATION_ITEM() RATIONAL_B_SPLINE_CURVE((1.,0.5,1.,0.5,
1.,0.5,1.)) REPRESENTATION_ITEM('') );
#7991 = CARTESIAN_POINT('',(347.5,180.));
#7992 = CARTESIAN_POINT('',(347.5,172.20577136594));
#7993 = CARTESIAN_POINT('',(340.75,176.10288568297));
#7994 = CARTESIAN_POINT('',(334.,180.));
#7995 = CARTESIAN_POINT('',(340.75,183.89711431703));
#7996 = CARTESIAN_POINT('',(347.5,187.79422863406));
#7997 = CARTESIAN_POINT('',(347.5,180.));
#7998 = ( GEOMETRIC_REPRESENTATION_CONTEXT(2) 
PARAMETRIC_REPRESENTATION_CONTEXT() REPRESENTATION_CONTEXT('2D SPACE',''
  ) );
#7999 = PCURVE('',#8000,#8005);
#8000 = CYLINDRICAL_SURFACE('',#8001,4.5);
#8001 = AXIS2_PLACEMENT_3D('',#8002,#8003,#8004);
#8002 = CARTESIAN_POINT('',(154.,55.,-22.));
#8003 = DIRECTION('',(-0.,-0.,-1.));
#8004 = DIRECTION('',(1.,0.,0.));
#8005 = DEFINITIONAL_REPRESENTATION('',(#8006),#8010);
#8006 = LINE('',#8007,#8008);
#8007 = CARTESIAN_POINT('',(-4.138911435803E-13,-43.));
#8008 = VECTOR('',#8009,1.);
#8009 = DIRECTION('',(1.,-0.));
#8010 = ( GEOMETRIC_REPRESENTATION_CONTEXT(2) 
PARAMETRIC_REPRESENTATION_CONTEXT() REPRESENTATION_CONTEXT('2D SPACE',''
  ) );
#8011 = FACE_BOUND('',#8012,.T.);
#8012 = EDGE_LOOP('',(#8013));
#8013 = ORIENTED_EDGE('',*,*,#8014,.T.);
#8014 = EDGE_CURVE('',#8015,#8015,#8017,.T.);
#8015 = VERTEX_POINT('',#8016);
#8016 = CARTESIAN_POINT('',(134.5,90.,21.));
#8017 = SURFACE_CURVE('',#8018,(#8023,#8034),.PCURVE_S1.);
#8018 = CIRCLE('',#8019,4.5);
#8019 = AXIS2_PLACEMENT_3D('',#8020,#8021,#8022);
#8020 = CARTESIAN_POINT('',(130.,90.,21.));
#8021 = DIRECTION('',(0.,0.,-1.));
#8022 = DIRECTION('',(1.,0.,0.));
#8023 = PCURVE('',#7595,#8024);
#8024 = DEFINITIONAL_REPRESENTATION('',(#8025),#8033);
#8025 = ( BOUNDED_CURVE() B_SPLINE_CURVE(2,(#8026,#8027,#8028,#8029,
#8030,#8031,#8032),.UNSPECIFIED.,.T.,.F.) B_SPLINE_CURVE_WITH_KNOTS((1,2
    ,2,2,2,1),(-2.094395102393,0.,2.094395102393,4.188790204786,
6.28318530718,8.377580409573),.UNSPECIFIED.) CURVE() 
GEOMETRIC_REPRESENTATION_ITEM() RATIONAL_B_SPLINE_CURVE((1.,0.5,1.,0.5,
1.,0.5,1.)) REPRESENTATION_ITEM('') );
#8026 = CARTESIAN_POINT('',(323.5,215.));
#8027 = CARTESIAN_POINT('',(323.5,207.20577136594));
#8028 = CARTESIAN_POINT('',(316.75,211.10288568297));
#8029 = CARTESIAN_POINT('',(310.,215.));
#8030 = CARTESIAN_POINT('',(316.75,218.89711431703));
#8031 = CARTESIAN_POINT('',(323.5,222.79422863406));
#8032 = CARTESIAN_POINT('',(323.5,215.));
#8033 = ( GEOMETRIC_REPRESENTATION_CONTEXT(2) 
PARAMETRIC_REPRESENTATION_CONTEXT() REPRESENTATION_CONTEXT('2D SPACE',''
  ) );
#8034 = PCURVE('',#8035,#8040);
#8035 = CYLINDRICAL_SURFACE('',#8036,4.5);
#8036 = AXIS2_PLACEMENT_3D('',#8037,#8038,#8039);
#8037 = CARTESIAN_POINT('',(130.,90.,-22.));
#8038 = DIRECTION('',(-0.,-0.,-1.));
#8039 = DIRECTION('',(1.,0.,0.));
#8040 = DEFINITIONAL_REPRESENTATION('',(#8041),#8045);
#8041 = LINE('',#8042,#8043);
#8042 = CARTESIAN_POINT('',(-4.138911435803E-13,-43.));
#8043 = VECTOR('',#8044,1.);
#8044 = DIRECTION('',(1.,-0.));
#8045 = ( GEOMETRIC_REPRESENTATION_CONTEXT(2) 
PARAMETRIC_REPRESENTATION_CONTEXT() REPRESENTATION_CONTEXT('2D SPACE',''
  ) );
#8046 = ADVANCED_FACE('',(#8047),#7569,.T.);
#8047 = FACE_BOUND('',#8048,.T.);
#8048 = EDGE_LOOP('',(#8049,#8072,#8073,#8074));
#8049 = ORIENTED_EDGE('',*,*,#8050,.F.);
#8050 = EDGE_CURVE('',#7526,#8051,#8053,.T.);
#8051 = VERTEX_POINT('',#8052);
#8052 = CARTESIAN_POINT('',(189.,125.,-21.));
#8053 = SURFACE_CURVE('',#8054,(#8058,#8065),.PCURVE_S1.);
#8054 = LINE('',#8055,#8056);
#8055 = CARTESIAN_POINT('',(-189.,125.,-21.));
#8056 = VECTOR('',#8057,1.);
#8057 = DIRECTION('',(1.,0.,0.));
#8058 = PCURVE('',#7569,#8059);
#8059 = DEFINITIONAL_REPRESENTATION('',(#8060),#8064);
#8060 = LINE('',#8061,#8062);
#8061 = CARTESIAN_POINT('',(0.,0.));
#8062 = VECTOR('',#8063,1.);
#8063 = DIRECTION('',(0.,1.));
#8064 = ( GEOMETRIC_REPRESENTATION_CONTEXT(2) 
PARAMETRIC_REPRESENTATION_CONTEXT() REPRESENTATION_CONTEXT('2D SPACE',''
  ) );
#8065 = PCURVE('',#7541,#8066);
#8066 = DEFINITIONAL_REPRESENTATION('',(#8067),#8071);
#8067 = LINE('',#8068,#8069);
#8068 = CARTESIAN_POINT('',(0.,250.));
#8069 = VECTOR('',#8070,1.);
#8070 = DIRECTION('',(1.,0.));
#8071 = ( GEOMETRIC_REPRESENTATION_CONTEXT(2) 
PARAMETRIC_REPRESENTATION_CONTEXT() REPRESENTATION_CONTEXT('2D SPACE',''
  ) );
#8072 = ORIENTED_EDGE('',*,*,#7553,.T.);
#8073 = ORIENTED_EDGE('',*,*,#7711,.T.);
#8074 = ORIENTED_EDGE('',*,*,#8075,.F.);
#8075 = EDGE_CURVE('',#8051,#7689,#8076,.T.);
#8076 = SURFACE_CURVE('',#8077,(#8081,#8088),.PCURVE_S1.);
#8077 = LINE('',#8078,#8079);
#8078 = CARTESIAN_POINT('',(189.,125.,-21.));
#8079 = VECTOR('',#8080,1.);
#8080 = DIRECTION('',(0.,0.,1.));
#8081 = PCURVE('',#7569,#8082);
#8082 = DEFINITIONAL_REPRESENTATION('',(#8083),#8087);
#8083 = LINE('',#8084,#8085);
#8084 = CARTESIAN_POINT('',(0.,378.));
#8085 = VECTOR('',#8086,1.);
#8086 = DIRECTION('',(1.,0.));
#8087 = ( GEOMETRIC_REPRESENTATION_CONTEXT(2) 
PARAMETRIC_REPRESENTATION_CONTEXT() REPRESENTATION_CONTEXT('2D SPACE',''
  ) );
#8088 = PCURVE('',#7671,#8089);
#8089 = DEFINITIONAL_REPRESENTATION('',(#8090),#8094);
#8090 = LINE('',#8091,#8092);
#8091 = CARTESIAN_POINT('',(0.,-250.));
#8092 = VECTOR('',#8093,1.);
#8093 = DIRECTION('',(1.,0.));
#8094 = ( GEOMETRIC_REPRESENTATION_CONTEXT(2) 
PARAMETRIC_REPRESENTATION_CONTEXT() REPRESENTATION_CONTEXT('2D SPACE',''
  ) );
#8095 = ADVANCED_FACE('',(#8096,#8122,#8152,#8182,#8212,#8242,#8272,
    #8302,#8332,#8362),#7541,.F.);
#8096 = FACE_BOUND('',#8097,.F.);
#8097 = EDGE_LOOP('',(#8098,#8099,#8100,#8121));
#8098 = ORIENTED_EDGE('',*,*,#7525,.F.);
#8099 = ORIENTED_EDGE('',*,*,#7610,.T.);
#8100 = ORIENTED_EDGE('',*,*,#8101,.T.);
#8101 = EDGE_CURVE('',#7611,#8051,#8102,.T.);
#8102 = SURFACE_CURVE('',#8103,(#8107,#8114),.PCURVE_S1.);
#8103 = LINE('',#8104,#8105);
#8104 = CARTESIAN_POINT('',(189.,-125.,-21.));
#8105 = VECTOR('',#8106,1.);
#8106 = DIRECTION('',(0.,1.,0.));
#8107 = PCURVE('',#7541,#8108);
#8108 = DEFINITIONAL_REPRESENTATION('',(#8109),#8113);
#8109 = LINE('',#8110,#8111);
#8110 = CARTESIAN_POINT('',(378.,0.));
#8111 = VECTOR('',#8112,1.);
#8112 = DIRECTION('',(0.,1.));
#8113 = ( GEOMETRIC_REPRESENTATION_CONTEXT(2) 
PARAMETRIC_REPRESENTATION_CONTEXT() REPRESENTATION_CONTEXT('2D SPACE',''
  ) );
#8114 = PCURVE('',#7671,#8115);
#8115 = DEFINITIONAL_REPRESENTATION('',(#8116),#8120);
#8116 = LINE('',#8117,#8118);
#8117 = CARTESIAN_POINT('',(0.,0.));
#8118 = VECTOR('',#8119,1.);
#8119 = DIRECTION('',(0.,-1.));
#8120 = ( GEOMETRIC_REPRESENTATION_CONTEXT(2) 
PARAMETRIC_REPRESENTATION_CONTEXT() REPRESENTATION_CONTEXT('2D SPACE',''
  ) );
#8121 = ORIENTED_EDGE('',*,*,#8050,.F.);
#8122 = FACE_BOUND('',#8123,.F.);
#8123 = EDGE_LOOP('',(#8124));
#8124 = ORIENTED_EDGE('',*,*,#8125,.T.);
#8125 = EDGE_CURVE('',#8126,#8126,#8128,.T.);
#8126 = VERTEX_POINT('',#8127);
#8127 = CARTESIAN_POINT('',(-125.5,-90.,-21.));
#8128 = SURFACE_CURVE('',#8129,(#8134,#8145),.PCURVE_S1.);
#8129 = CIRCLE('',#8130,4.5);
#8130 = AXIS2_PLACEMENT_3D('',#8131,#8132,#8133);
#8131 = CARTESIAN_POINT('',(-130.,-90.,-21.));
#8132 = DIRECTION('',(0.,0.,-1.));
#8133 = DIRECTION('',(1.,0.,0.));
#8134 = PCURVE('',#7541,#8135);
#8135 = DEFINITIONAL_REPRESENTATION('',(#8136),#8144);
#8136 = ( BOUNDED_CURVE() B_SPLINE_CURVE(2,(#8137,#8138,#8139,#8140,
#8141,#8142,#8143),.UNSPECIFIED.,.T.,.F.) B_SPLINE_CURVE_WITH_KNOTS((1,2
    ,2,2,2,1),(-2.094395102393,0.,2.094395102393,4.188790204786,
6.28318530718,8.377580409573),.UNSPECIFIED.) CURVE() 
GEOMETRIC_REPRESENTATION_ITEM() RATIONAL_B_SPLINE_CURVE((1.,0.5,1.,0.5,
1.,0.5,1.)) REPRESENTATION_ITEM('') );
#8137 = CARTESIAN_POINT('',(63.5,35.));
#8138 = CARTESIAN_POINT('',(63.5,27.20577136594));
#8139 = CARTESIAN_POINT('',(56.75,31.10288568297));
#8140 = CARTESIAN_POINT('',(50.,35.));
#8141 = CARTESIAN_POINT('',(56.75,38.89711431703));
#8142 = CARTESIAN_POINT('',(63.5,42.79422863406));
#8143 = CARTESIAN_POINT('',(63.5,35.));
#8144 = ( GEOMETRIC_REPRESENTATION_CONTEXT(2) 
PARAMETRIC_REPRESENTATION_CONTEXT() REPRESENTATION_CONTEXT('2D SPACE',''
  ) );
#8145 = PCURVE('',#7755,#8146);
#8146 = DEFINITIONAL_REPRESENTATION('',(#8147),#8151);
#8147 = LINE('',#8148,#8149);
#8148 = CARTESIAN_POINT('',(-4.138911435803E-13,-1.));
#8149 = VECTOR('',#8150,1.);
#8150 = DIRECTION('',(1.,-0.));
#8151 = ( GEOMETRIC_REPRESENTATION_CONTEXT(2) 
PARAMETRIC_REPRESENTATION_CONTEXT() REPRESENTATION_CONTEXT('2D SPACE',''
  ) );
#8152 = FACE_BOUND('',#8153,.F.);
#8153 = EDGE_LOOP('',(#8154));
#8154 = ORIENTED_EDGE('',*,*,#8155,.T.);
#8155 = EDGE_CURVE('',#8156,#8156,#8158,.T.);
#8156 = VERTEX_POINT('',#8157);
#8157 = CARTESIAN_POINT('',(-149.5,-55.,-21.));
#8158 = SURFACE_CURVE('',#8159,(#8164,#8175),.PCURVE_S1.);
#8159 = CIRCLE('',#8160,4.5);
#8160 = AXIS2_PLACEMENT_3D('',#8161,#8162,#8163);
#8161 = CARTESIAN_POINT('',(-154.,-55.,-21.));
#8162 = DIRECTION('',(0.,0.,-1.));
#8163 = DIRECTION('',(1.,0.,0.));
#8164 = PCURVE('',#7541,#8165);
#8165 = DEFINITIONAL_REPRESENTATION('',(#8166),#8174);
#8166 = ( BOUNDED_CURVE() B_SPLINE_CURVE(2,(#8167,#8168,#8169,#8170,
#8171,#8172,#8173),.UNSPECIFIED.,.T.,.F.) B_SPLINE_CURVE_WITH_KNOTS((1,2
    ,2,2,2,1),(-2.094395102393,0.,2.094395102393,4.188790204786,
6.28318530718,8.377580409573),.UNSPECIFIED.) CURVE() 
GEOMETRIC_REPRESENTATION_ITEM() RATIONAL_B_SPLINE_CURVE((1.,0.5,1.,0.5,
1.,0.5,1.)) REPRESENTATION_ITEM('') );
#8167 = CARTESIAN_POINT('',(39.5,70.));
#8168 = CARTESIAN_POINT('',(39.5,62.20577136594));
#8169 = CARTESIAN_POINT('',(32.75,66.10288568297));
#8170 = CARTESIAN_POINT('',(26.,70.));
#8171 = CARTESIAN_POINT('',(32.75,73.89711431703));
#8172 = CARTESIAN_POINT('',(39.5,77.79422863406));
#8173 = CARTESIAN_POINT('',(39.5,70.));
#8174 = ( GEOMETRIC_REPRESENTATION_CONTEXT(2) 
PARAMETRIC_REPRESENTATION_CONTEXT() REPRESENTATION_CONTEXT('2D SPACE',''
  ) );
#8175 = PCURVE('',#7790,#8176);
#8176 = DEFINITIONAL_REPRESENTATION('',(#8177),#8181);
#8177 = LINE('',#8178,#8179);
#8178 = CARTESIAN_POINT('',(-4.138911435803E-13,-1.));
#8179 = VECTOR('',#8180,1.);
#8180 = DIRECTION('',(1.,-0.));
#8181 = ( GEOMETRIC_REPRESENTATION_CONTEXT(2) 
PARAMETRIC_REPRESENTATION_CONTEXT() REPRESENTATION_CONTEXT('2D SPACE',''
  ) );
#8182 = FACE_BOUND('',#8183,.F.);
#8183 = EDGE_LOOP('',(#8184));
#8184 = ORIENTED_EDGE('',*,*,#8185,.T.);
#8185 = EDGE_CURVE('',#8186,#8186,#8188,.T.);
#8186 = VERTEX_POINT('',#8187);
#8187 = CARTESIAN_POINT('',(134.5,-90.,-21.));
#8188 = SURFACE_CURVE('',#8189,(#8194,#8205),.PCURVE_S1.);
#8189 = CIRCLE('',#8190,4.5);
#8190 = AXIS2_PLACEMENT_3D('',#8191,#8192,#8193);
#8191 = CARTESIAN_POINT('',(130.,-90.,-21.));
#8192 = DIRECTION('',(0.,0.,-1.));
#8193 = DIRECTION('',(1.,0.,0.));
#8194 = PCURVE('',#7541,#8195);
#8195 = DEFINITIONAL_REPRESENTATION('',(#8196),#8204);
#8196 = ( BOUNDED_CURVE() B_SPLINE_CURVE(2,(#8197,#8198,#8199,#8200,
#8201,#8202,#8203),.UNSPECIFIED.,.T.,.F.) B_SPLINE_CURVE_WITH_KNOTS((1,2
    ,2,2,2,1),(-2.094395102393,0.,2.094395102393,4.188790204786,
6.28318530718,8.377580409573),.UNSPECIFIED.) CURVE() 
GEOMETRIC_REPRESENTATION_ITEM() RATIONAL_B_SPLINE_CURVE((1.,0.5,1.,0.5,
1.,0.5,1.)) REPRESENTATION_ITEM('') );
#8197 = CARTESIAN_POINT('',(323.5,35.));
#8198 = CARTESIAN_POINT('',(323.5,27.20577136594));
#8199 = CARTESIAN_POINT('',(316.75,31.10288568297));
#8200 = CARTESIAN_POINT('',(310.,35.));
#8201 = CARTESIAN_POINT('',(316.75,38.89711431703));
#8202 = CARTESIAN_POINT('',(323.5,42.79422863406));
#8203 = CARTESIAN_POINT('',(323.5,35.));
#8204 = ( GEOMETRIC_REPRESENTATION_CONTEXT(2) 
PARAMETRIC_REPRESENTATION_CONTEXT() REPRESENTATION_CONTEXT('2D SPACE',''
  ) );
#8205 = PCURVE('',#7825,#8206);
#8206 = DEFINITIONAL_REPRESENTATION('',(#8207),#8211);
#8207 = LINE('',#8208,#8209);
#8208 = CARTESIAN_POINT('',(-4.138911435803E-13,-1.));
#8209 = VECTOR('',#8210,1.);
#8210 = DIRECTION('',(1.,-0.));
#8211 = ( GEOMETRIC_REPRESENTATION_CONTEXT(2) 
PARAMETRIC_REPRESENTATION_CONTEXT() REPRESENTATION_CONTEXT('2D SPACE',''
  ) );
#8212 = FACE_BOUND('',#8213,.F.);
#8213 = EDGE_LOOP('',(#8214));
#8214 = ORIENTED_EDGE('',*,*,#8215,.T.);
#8215 = EDGE_CURVE('',#8216,#8216,#8218,.T.);
#8216 = VERTEX_POINT('',#8217);
#8217 = CARTESIAN_POINT('',(158.5,-55.,-21.));
#8218 = SURFACE_CURVE('',#8219,(#8224,#8235),.PCURVE_S1.);
#8219 = CIRCLE('',#8220,4.5);
#8220 = AXIS2_PLACEMENT_3D('',#8221,#8222,#8223);
#8221 = CARTESIAN_POINT('',(154.,-55.,-21.));
#8222 = DIRECTION('',(0.,0.,-1.));
#8223 = DIRECTION('',(1.,0.,0.));
#8224 = PCURVE('',#7541,#8225);
#8225 = DEFINITIONAL_REPRESENTATION('',(#8226),#8234);
#8226 = ( BOUNDED_CURVE() B_SPLINE_CURVE(2,(#8227,#8228,#8229,#8230,
#8231,#8232,#8233),.UNSPECIFIED.,.T.,.F.) B_SPLINE_CURVE_WITH_KNOTS((1,2
    ,2,2,2,1),(-2.094395102393,0.,2.094395102393,4.188790204786,
6.28318530718,8.377580409573),.UNSPECIFIED.) CURVE() 
GEOMETRIC_REPRESENTATION_ITEM() RATIONAL_B_SPLINE_CURVE((1.,0.5,1.,0.5,
1.,0.5,1.)) REPRESENTATION_ITEM('') );
#8227 = CARTESIAN_POINT('',(347.5,70.));
#8228 = CARTESIAN_POINT('',(347.5,62.20577136594));
#8229 = CARTESIAN_POINT('',(340.75,66.10288568297));
#8230 = CARTESIAN_POINT('',(334.,70.));
#8231 = CARTESIAN_POINT('',(340.75,73.89711431703));
#8232 = CARTESIAN_POINT('',(347.5,77.79422863406));
#8233 = CARTESIAN_POINT('',(347.5,70.));
#8234 = ( GEOMETRIC_REPRESENTATION_CONTEXT(2) 
PARAMETRIC_REPRESENTATION_CONTEXT() REPRESENTATION_CONTEXT('2D SPACE',''
  ) );
#8235 = PCURVE('',#7860,#8236);
#8236 = DEFINITIONAL_REPRESENTATION('',(#8237),#8241);
#8237 = LINE('',#8238,#8239);
#8238 = CARTESIAN_POINT('',(-4.138911435803E-13,-1.));
#8239 = VECTOR('',#8240,1.);
#8240 = DIRECTION('',(1.,-0.));
#8241 = ( GEOMETRIC_REPRESENTATION_CONTEXT(2) 
PARAMETRIC_REPRESENTATION_CONTEXT() REPRESENTATION_CONTEXT('2D SPACE',''
  ) );
#8242 = FACE_BOUND('',#8243,.F.);
#8243 = EDGE_LOOP('',(#8244));
#8244 = ORIENTED_EDGE('',*,*,#8245,.T.);
#8245 = EDGE_CURVE('',#8246,#8246,#8248,.T.);
#8246 = VERTEX_POINT('',#8247);
#8247 = CARTESIAN_POINT('',(-149.5,55.,-21.));
#8248 = SURFACE_CURVE('',#8249,(#8254,#8265),.PCURVE_S1.);
#8249 = CIRCLE('',#8250,4.5);
#8250 = AXIS2_PLACEMENT_3D('',#8251,#8252,#8253);
#8251 = CARTESIAN_POINT('',(-154.,55.,-21.));
#8252 = DIRECTION('',(0.,0.,-1.));
#8253 = DIRECTION('',(1.,0.,0.));
#8254 = PCURVE('',#7541,#8255);
#8255 = DEFINITIONAL_REPRESENTATION('',(#8256),#8264);
#8256 = ( BOUNDED_CURVE() B_SPLINE_CURVE(2,(#8257,#8258,#8259,#8260,
#8261,#8262,#8263),.UNSPECIFIED.,.T.,.F.) B_SPLINE_CURVE_WITH_KNOTS((1,2
    ,2,2,2,1),(-2.094395102393,0.,2.094395102393,4.188790204786,
6.28318530718,8.377580409573),.UNSPECIFIED.) CURVE() 
GEOMETRIC_REPRESENTATION_ITEM() RATIONAL_B_SPLINE_CURVE((1.,0.5,1.,0.5,
1.,0.5,1.)) REPRESENTATION_ITEM('') );
#8257 = CARTESIAN_POINT('',(39.5,180.));
#8258 = CARTESIAN_POINT('',(39.5,172.20577136594));
#8259 = CARTESIAN_POINT('',(32.75,176.10288568297));
#8260 = CARTESIAN_POINT('',(26.,180.));
#8261 = CARTESIAN_POINT('',(32.75,183.89711431703));
#8262 = CARTESIAN_POINT('',(39.5,187.79422863406));
#8263 = CARTESIAN_POINT('',(39.5,180.));
#8264 = ( GEOMETRIC_REPRESENTATION_CONTEXT(2) 
PARAMETRIC_REPRESENTATION_CONTEXT() REPRESENTATION_CONTEXT('2D SPACE',''
  ) );
#8265 = PCURVE('',#7895,#8266);
#8266 = DEFINITIONAL_REPRESENTATION('',(#8267),#8271);
#8267 = LINE('',#8268,#8269);
#8268 = CARTESIAN_POINT('',(-4.138911435803E-13,-1.));
#8269 = VECTOR('',#8270,1.);
#8270 = DIRECTION('',(1.,-0.));
#8271 = ( GEOMETRIC_REPRESENTATION_CONTEXT(2) 
PARAMETRIC_REPRESENTATION_CONTEXT() REPRESENTATION_CONTEXT('2D SPACE',''
  ) );
#8272 = FACE_BOUND('',#8273,.F.);
#8273 = EDGE_LOOP('',(#8274));
#8274 = ORIENTED_EDGE('',*,*,#8275,.T.);
#8275 = EDGE_CURVE('',#8276,#8276,#8278,.T.);
#8276 = VERTEX_POINT('',#8277);
#8277 = CARTESIAN_POINT('',(-125.5,90.,-21.));
#8278 = SURFACE_CURVE('',#8279,(#8284,#8295),.PCURVE_S1.);
#8279 = CIRCLE('',#8280,4.5);
#8280 = AXIS2_PLACEMENT_3D('',#8281,#8282,#8283);
#8281 = CARTESIAN_POINT('',(-130.,90.,-21.));
#8282 = DIRECTION('',(0.,0.,-1.));
#8283 = DIRECTION('',(1.,0.,0.));
#8284 = PCURVE('',#7541,#8285);
#8285 = DEFINITIONAL_REPRESENTATION('',(#8286),#8294);
#8286 = ( BOUNDED_CURVE() B_SPLINE_CURVE(2,(#8287,#8288,#8289,#8290,
#8291,#8292,#8293),.UNSPECIFIED.,.T.,.F.) B_SPLINE_CURVE_WITH_KNOTS((1,2
    ,2,2,2,1),(-2.094395102393,0.,2.094395102393,4.188790204786,
6.28318530718,8.377580409573),.UNSPECIFIED.) CURVE() 
GEOMETRIC_REPRESENTATION_ITEM() RATIONAL_B_SPLINE_CURVE((1.,0.5,1.,0.5,
1.,0.5,1.)) REPRESENTATION_ITEM('') );
#8287 = CARTESIAN_POINT('',(63.5,215.));
#8288 = CARTESIAN_POINT('',(63.5,207.20577136594));
#8289 = CARTESIAN_POINT('',(56.75,211.10288568297));
#8290 = CARTESIAN_POINT('',(50.,215.));
#8291 = CARTESIAN_POINT('',(56.75,218.89711431703));
#8292 = CARTESIAN_POINT('',(63.5,222.79422863406));
#8293 = CARTESIAN_POINT('',(63.5,215.));
#8294 = ( GEOMETRIC_REPRESENTATION_CONTEXT(2) 
PARAMETRIC_REPRESENTATION_CONTEXT() REPRESENTATION_CONTEXT('2D SPACE',''
  ) );
#8295 = PCURVE('',#7930,#8296);
#8296 = DEFINITIONAL_REPRESENTATION('',(#8297),#8301);
#8297 = LINE('',#8298,#8299);
#8298 = CARTESIAN_POINT('',(-4.138911435803E-13,-1.));
#8299 = VECTOR('',#8300,1.);
#8300 = DIRECTION('',(1.,-0.));
#8301 = ( GEOMETRIC_REPRESENTATION_CONTEXT(2) 
PARAMETRIC_REPRESENTATION_CONTEXT() REPRESENTATION_CONTEXT('2D SPACE',''
  ) );
#8302 = FACE_BOUND('',#8303,.F.);
#8303 = EDGE_LOOP('',(#8304));
#8304 = ORIENTED_EDGE('',*,*,#8305,.T.);
#8305 = EDGE_CURVE('',#8306,#8306,#8308,.T.);
#8306 = VERTEX_POINT('',#8307);
#8307 = CARTESIAN_POINT('',(38.,0.,-21.));
#8308 = SURFACE_CURVE('',#8309,(#8314,#8325),.PCURVE_S1.);
#8309 = CIRCLE('',#8310,38.);
#8310 = AXIS2_PLACEMENT_3D('',#8311,#8312,#8313);
#8311 = CARTESIAN_POINT('',(0.,0.,-21.));
#8312 = DIRECTION('',(0.,0.,-1.));
#8313 = DIRECTION('',(1.,0.,0.));
#8314 = PCURVE('',#7541,#8315);
#8315 = DEFINITIONAL_REPRESENTATION('',(#8316),#8324);
#8316 = ( BOUNDED_CURVE() B_SPLINE_CURVE(2,(#8317,#8318,#8319,#8320,
#8321,#8322,#8323),.UNSPECIFIED.,.T.,.F.) B_SPLINE_CURVE_WITH_KNOTS((1,2
    ,2,2,2,1),(-2.094395102393,0.,2.094395102393,4.188790204786,
6.28318530718,8.377580409573),.UNSPECIFIED.) CURVE() 
GEOMETRIC_REPRESENTATION_ITEM() RATIONAL_B_SPLINE_CURVE((1.,0.5,1.,0.5,
1.,0.5,1.)) REPRESENTATION_ITEM('') );
#8317 = CARTESIAN_POINT('',(227.,125.));
#8318 = CARTESIAN_POINT('',(227.,59.182069312383));
#8319 = CARTESIAN_POINT('',(170.,92.091034656191));
#8320 = CARTESIAN_POINT('',(113.,125.));
#8321 = CARTESIAN_POINT('',(170.,157.9089653438));
#8322 = CARTESIAN_POINT('',(227.,190.81793068761));
#8323 = CARTESIAN_POINT('',(227.,125.));
#8324 = ( GEOMETRIC_REPRESENTATION_CONTEXT(2) 
PARAMETRIC_REPRESENTATION_CONTEXT() REPRESENTATION_CONTEXT('2D SPACE',''
  ) );
#8325 = PCURVE('',#7965,#8326);
#8326 = DEFINITIONAL_REPRESENTATION('',(#8327),#8331);
#8327 = LINE('',#8328,#8329);
#8328 = CARTESIAN_POINT('',(-4.138911435803E-13,-1.));
#8329 = VECTOR('',#8330,1.);
#8330 = DIRECTION('',(1.,-0.));
#8331 = ( GEOMETRIC_REPRESENTATION_CONTEXT(2) 
PARAMETRIC_REPRESENTATION_CONTEXT() REPRESENTATION_CONTEXT('2D SPACE',''
  ) );
#8332 = FACE_BOUND('',#8333,.F.);
#8333 = EDGE_LOOP('',(#8334));
#8334 = ORIENTED_EDGE('',*,*,#8335,.T.);
#8335 = EDGE_CURVE('',#8336,#8336,#8338,.T.);
#8336 = VERTEX_POINT('',#8337);
#8337 = CARTESIAN_POINT('',(158.5,55.,-21.));
#8338 = SURFACE_CURVE('',#8339,(#8344,#8355),.PCURVE_S1.);
#8339 = CIRCLE('',#8340,4.5);
#8340 = AXIS2_PLACEMENT_3D('',#8341,#8342,#8343);
#8341 = CARTESIAN_POINT('',(154.,55.,-21.));
#8342 = DIRECTION('',(0.,0.,-1.));
#8343 = DIRECTION('',(1.,0.,0.));
#8344 = PCURVE('',#7541,#8345);
#8345 = DEFINITIONAL_REPRESENTATION('',(#8346),#8354);
#8346 = ( BOUNDED_CURVE() B_SPLINE_CURVE(2,(#8347,#8348,#8349,#8350,
#8351,#8352,#8353),.UNSPECIFIED.,.T.,.F.) B_SPLINE_CURVE_WITH_KNOTS((1,2
    ,2,2,2,1),(-2.094395102393,0.,2.094395102393,4.188790204786,
6.28318530718,8.377580409573),.UNSPECIFIED.) CURVE() 
GEOMETRIC_REPRESENTATION_ITEM() RATIONAL_B_SPLINE_CURVE((1.,0.5,1.,0.5,
1.,0.5,1.)) REPRESENTATION_ITEM('') );
#8347 = CARTESIAN_POINT('',(347.5,180.));
#8348 = CARTESIAN_POINT('',(347.5,172.20577136594));
#8349 = CARTESIAN_POINT('',(340.75,176.10288568297));
#8350 = CARTESIAN_POINT('',(334.,180.));
#8351 = CARTESIAN_POINT('',(340.75,183.89711431703));
#8352 = CARTESIAN_POINT('',(347.5,187.79422863406));
#8353 = CARTESIAN_POINT('',(347.5,180.));
#8354 = ( GEOMETRIC_REPRESENTATION_CONTEXT(2) 
PARAMETRIC_REPRESENTATION_CONTEXT() REPRESENTATION_CONTEXT('2D SPACE',''
  ) );
#8355 = PCURVE('',#8000,#8356);
#8356 = DEFINITIONAL_REPRESENTATION('',(#8357),#8361);
#8357 = LINE('',#8358,#8359);
#8358 = CARTESIAN_POINT('',(-4.138911435803E-13,-1.));
#8359 = VECTOR('',#8360,1.);
#8360 = DIRECTION('',(1.,-0.));
#8361 = ( GEOMETRIC_REPRESENTATION_CONTEXT(2) 
PARAMETRIC_REPRESENTATION_CONTEXT() REPRESENTATION_CONTEXT('2D SPACE',''
  ) );
#8362 = FACE_BOUND('',#8363,.F.);
#8363 = EDGE_LOOP('',(#8364));
#8364 = ORIENTED_EDGE('',*,*,#8365,.T.);
#8365 = EDGE_CURVE('',#8366,#8366,#8368,.T.);
#8366 = VERTEX_POINT('',#8367);
#8367 = CARTESIAN_POINT('',(134.5,90.,-21.));
#8368 = SURFACE_CURVE('',#8369,(#8374,#8385),.PCURVE_S1.);
#8369 = CIRCLE('',#8370,4.5);
#8370 = AXIS2_PLACEMENT_3D('',#8371,#8372,#8373);
#8371 = CARTESIAN_POINT('',(130.,90.,-21.));
#8372 = DIRECTION('',(0.,0.,-1.));
#8373 = DIRECTION('',(1.,0.,0.));
#8374 = PCURVE('',#7541,#8375);
#8375 = DEFINITIONAL_REPRESENTATION('',(#8376),#8384);
#8376 = ( BOUNDED_CURVE() B_SPLINE_CURVE(2,(#8377,#8378,#8379,#8380,
#8381,#8382,#8383),.UNSPECIFIED.,.T.,.F.) B_SPLINE_CURVE_WITH_KNOTS((1,2
    ,2,2,2,1),(-2.094395102393,0.,2.094395102393,4.188790204786,
6.28318530718,8.377580409573),.UNSPECIFIED.) CURVE() 
GEOMETRIC_REPRESENTATION_ITEM() RATIONAL_B_SPLINE_CURVE((1.,0.5,1.,0.5,
1.,0.5,1.)) REPRESENTATION_ITEM('') );
#8377 = CARTESIAN_POINT('',(323.5,215.));
#8378 = CARTESIAN_POINT('',(323.5,207.20577136594));
#8379 = CARTESIAN_POINT('',(316.75,211.10288568297));
#8380 = CARTESIAN_POINT('',(310.,215.));
#8381 = CARTESIAN_POINT('',(316.75,218.89711431703));
#8382 = CARTESIAN_POINT('',(323.5,222.79422863406));
#8383 = CARTESIAN_POINT('',(323.5,215.));
#8384 = ( GEOMETRIC_REPRESENTATION_CONTEXT(2) 
PARAMETRIC_REPRESENTATION_CONTEXT() REPRESENTATION_CONTEXT('2D SPACE',''
  ) );
#8385 = PCURVE('',#8035,#8386);
#8386 = DEFINITIONAL_REPRESENTATION('',(#8387),#8391);
#8387 = LINE('',#8388,#8389);
#8388 = CARTESIAN_POINT('',(-4.138911435803E-13,-1.));
#8389 = VECTOR('',#8390,1.);
#8390 = DIRECTION('',(1.,-0.));
#8391 = ( GEOMETRIC_REPRESENTATION_CONTEXT(2) 
PARAMETRIC_REPRESENTATION_CONTEXT() REPRESENTATION_CONTEXT('2D SPACE',''
  ) );
#8392 = ADVANCED_FACE('',(#8393),#7671,.T.);
#8393 = FACE_BOUND('',#8394,.T.);
#8394 = EDGE_LOOP('',(#8395,#8396,#8397,#8398));
#8395 = ORIENTED_EDGE('',*,*,#7657,.F.);
#8396 = ORIENTED_EDGE('',*,*,#8101,.T.);
#8397 = ORIENTED_EDGE('',*,*,#8075,.T.);
#8398 = ORIENTED_EDGE('',*,*,#7688,.F.);
#8399 = ADVANCED_FACE('',(#8400),#7755,.F.);
#8400 = FACE_BOUND('',#8401,.F.);
#8401 = EDGE_LOOP('',(#8402,#8423,#8424,#8425));
#8402 = ORIENTED_EDGE('',*,*,#8403,.T.);
#8403 = EDGE_CURVE('',#8126,#7735,#8404,.T.);
#8404 = SEAM_CURVE('',#8405,(#8409,#8416),.PCURVE_S1.);
#8405 = LINE('',#8406,#8407);
#8406 = CARTESIAN_POINT('',(-125.5,-90.,-22.));
#8407 = VECTOR('',#8408,1.);
#8408 = DIRECTION('',(0.,0.,1.));
#8409 = PCURVE('',#7755,#8410);
#8410 = DEFINITIONAL_REPRESENTATION('',(#8411),#8415);
#8411 = LINE('',#8412,#8413);
#8412 = CARTESIAN_POINT('',(-4.138911435803E-13,0.));
#8413 = VECTOR('',#8414,1.);
#8414 = DIRECTION('',(-0.,-1.));
#8415 = ( GEOMETRIC_REPRESENTATION_CONTEXT(2) 
PARAMETRIC_REPRESENTATION_CONTEXT() REPRESENTATION_CONTEXT('2D SPACE',''
  ) );
#8416 = PCURVE('',#7755,#8417);
#8417 = DEFINITIONAL_REPRESENTATION('',(#8418),#8422);
#8418 = LINE('',#8419,#8420);
#8419 = CARTESIAN_POINT('',(6.28318530718,0.));
#8420 = VECTOR('',#8421,1.);
#8421 = DIRECTION('',(-0.,-1.));
#8422 = ( GEOMETRIC_REPRESENTATION_CONTEXT(2) 
PARAMETRIC_REPRESENTATION_CONTEXT() REPRESENTATION_CONTEXT('2D SPACE',''
  ) );
#8423 = ORIENTED_EDGE('',*,*,#7734,.T.);
#8424 = ORIENTED_EDGE('',*,*,#8403,.F.);
#8425 = ORIENTED_EDGE('',*,*,#8125,.F.);
#8426 = ADVANCED_FACE('',(#8427),#7790,.F.);
#8427 = FACE_BOUND('',#8428,.F.);
#8428 = EDGE_LOOP('',(#8429,#8450,#8451,#8452));
#8429 = ORIENTED_EDGE('',*,*,#8430,.T.);
#8430 = EDGE_CURVE('',#8156,#7770,#8431,.T.);
#8431 = SEAM_CURVE('',#8432,(#8436,#8443),.PCURVE_S1.);
#8432 = LINE('',#8433,#8434);
#8433 = CARTESIAN_POINT('',(-149.5,-55.,-22.));
#8434 = VECTOR('',#8435,1.);
#8435 = DIRECTION('',(0.,0.,1.));
#8436 = PCURVE('',#7790,#8437);
#8437 = DEFINITIONAL_REPRESENTATION('',(#8438),#8442);
#8438 = LINE('',#8439,#8440);
#8439 = CARTESIAN_POINT('',(-4.138911435803E-13,0.));
#8440 = VECTOR('',#8441,1.);
#8441 = DIRECTION('',(-0.,-1.));
#8442 = ( GEOMETRIC_REPRESENTATION_CONTEXT(2) 
PARAMETRIC_REPRESENTATION_CONTEXT() REPRESENTATION_CONTEXT('2D SPACE',''
  ) );
#8443 = PCURVE('',#7790,#8444);
#8444 = DEFINITIONAL_REPRESENTATION('',(#8445),#8449);
#8445 = LINE('',#8446,#8447);
#8446 = CARTESIAN_POINT('',(6.28318530718,0.));
#8447 = VECTOR('',#8448,1.);
#8448 = DIRECTION('',(-0.,-1.));
#8449 = ( GEOMETRIC_REPRESENTATION_CONTEXT(2) 
PARAMETRIC_REPRESENTATION_CONTEXT() REPRESENTATION_CONTEXT('2D SPACE',''
  ) );
#8450 = ORIENTED_EDGE('',*,*,#7769,.T.);
#8451 = ORIENTED_EDGE('',*,*,#8430,.F.);
#8452 = ORIENTED_EDGE('',*,*,#8155,.F.);
#8453 = ADVANCED_FACE('',(#8454),#7825,.F.);
#8454 = FACE_BOUND('',#8455,.F.);
#8455 = EDGE_LOOP('',(#8456,#8477,#8478,#8479));
#8456 = ORIENTED_EDGE('',*,*,#8457,.T.);
#8457 = EDGE_CURVE('',#8186,#7805,#8458,.T.);
#8458 = SEAM_CURVE('',#8459,(#8463,#8470),.PCURVE_S1.);
#8459 = LINE('',#8460,#8461);
#8460 = CARTESIAN_POINT('',(134.5,-90.,-22.));
#8461 = VECTOR('',#8462,1.);
#8462 = DIRECTION('',(0.,0.,1.));
#8463 = PCURVE('',#7825,#8464);
#8464 = DEFINITIONAL_REPRESENTATION('',(#8465),#8469);
#8465 = LINE('',#8466,#8467);
#8466 = CARTESIAN_POINT('',(-4.138911435803E-13,0.));
#8467 = VECTOR('',#8468,1.);
#8468 = DIRECTION('',(-0.,-1.));
#8469 = ( GEOMETRIC_REPRESENTATION_CONTEXT(2) 
PARAMETRIC_REPRESENTATION_CONTEXT() REPRESENTATION_CONTEXT('2D SPACE',''
  ) );
#8470 = PCURVE('',#7825,#8471);
#8471 = DEFINITIONAL_REPRESENTATION('',(#8472),#8476);
#8472 = LINE('',#8473,#8474);
#8473 = CARTESIAN_POINT('',(6.28318530718,0.));
#8474 = VECTOR('',#8475,1.);
#8475 = DIRECTION('',(-0.,-1.));
#8476 = ( GEOMETRIC_REPRESENTATION_CONTEXT(2) 
PARAMETRIC_REPRESENTATION_CONTEXT() REPRESENTATION_CONTEXT('2D SPACE',''
  ) );
#8477 = ORIENTED_EDGE('',*,*,#7804,.T.);
#8478 = ORIENTED_EDGE('',*,*,#8457,.F.);
#8479 = ORIENTED_EDGE('',*,*,#8185,.F.);
#8480 = ADVANCED_FACE('',(#8481),#7860,.F.);
#8481 = FACE_BOUND('',#8482,.F.);
#8482 = EDGE_LOOP('',(#8483,#8504,#8505,#8506));
#8483 = ORIENTED_EDGE('',*,*,#8484,.T.);
#8484 = EDGE_CURVE('',#8216,#7840,#8485,.T.);
#8485 = SEAM_CURVE('',#8486,(#8490,#8497),.PCURVE_S1.);
#8486 = LINE('',#8487,#8488);
#8487 = CARTESIAN_POINT('',(158.5,-55.,-22.));
#8488 = VECTOR('',#8489,1.);
#8489 = DIRECTION('',(0.,0.,1.));
#8490 = PCURVE('',#7860,#8491);
#8491 = DEFINITIONAL_REPRESENTATION('',(#8492),#8496);
#8492 = LINE('',#8493,#8494);
#8493 = CARTESIAN_POINT('',(-4.138911435803E-13,0.));
#8494 = VECTOR('',#8495,1.);
#8495 = DIRECTION('',(-0.,-1.));
#8496 = ( GEOMETRIC_REPRESENTATION_CONTEXT(2) 
PARAMETRIC_REPRESENTATION_CONTEXT() REPRESENTATION_CONTEXT('2D SPACE',''
  ) );
#8497 = PCURVE('',#7860,#8498);
#8498 = DEFINITIONAL_REPRESENTATION('',(#8499),#8503);
#8499 = LINE('',#8500,#8501);
#8500 = CARTESIAN_POINT('',(6.28318530718,0.));
#8501 = VECTOR('',#8502,1.);
#8502 = DIRECTION('',(-0.,-1.));
#8503 = ( GEOMETRIC_REPRESENTATION_CONTEXT(2) 
PARAMETRIC_REPRESENTATION_CONTEXT() REPRESENTATION_CONTEXT('2D SPACE',''
  ) );
#8504 = ORIENTED_EDGE('',*,*,#7839,.T.);
#8505 = ORIENTED_EDGE('',*,*,#8484,.F.);
#8506 = ORIENTED_EDGE('',*,*,#8215,.F.);
#8507 = ADVANCED_FACE('',(#8508),#7895,.F.);
#8508 = FACE_BOUND('',#8509,.F.);
#8509 = EDGE_LOOP('',(#8510,#8531,#8532,#8533));
#8510 = ORIENTED_EDGE('',*,*,#8511,.T.);
#8511 = EDGE_CURVE('',#8246,#7875,#8512,.T.);
#8512 = SEAM_CURVE('',#8513,(#8517,#8524),.PCURVE_S1.);
#8513 = LINE('',#8514,#8515);
#8514 = CARTESIAN_POINT('',(-149.5,55.,-22.));
#8515 = VECTOR('',#8516,1.);
#8516 = DIRECTION('',(0.,0.,1.));
#8517 = PCURVE('',#7895,#8518);
#8518 = DEFINITIONAL_REPRESENTATION('',(#8519),#8523);
#8519 = LINE('',#8520,#8521);
#8520 = CARTESIAN_POINT('',(-4.138911435803E-13,0.));
#8521 = VECTOR('',#8522,1.);
#8522 = DIRECTION('',(-0.,-1.));
#8523 = ( GEOMETRIC_REPRESENTATION_CONTEXT(2) 
PARAMETRIC_REPRESENTATION_CONTEXT() REPRESENTATION_CONTEXT('2D SPACE',''
  ) );
#8524 = PCURVE('',#7895,#8525);
#8525 = DEFINITIONAL_REPRESENTATION('',(#8526),#8530);
#8526 = LINE('',#8527,#8528);
#8527 = CARTESIAN_POINT('',(6.28318530718,0.));
#8528 = VECTOR('',#8529,1.);
#8529 = DIRECTION('',(-0.,-1.));
#8530 = ( GEOMETRIC_REPRESENTATION_CONTEXT(2) 
PARAMETRIC_REPRESENTATION_CONTEXT() REPRESENTATION_CONTEXT('2D SPACE',''
  ) );
#8531 = ORIENTED_EDGE('',*,*,#7874,.T.);
#8532 = ORIENTED_EDGE('',*,*,#8511,.F.);
#8533 = ORIENTED_EDGE('',*,*,#8245,.F.);
#8534 = ADVANCED_FACE('',(#8535),#7930,.F.);
#8535 = FACE_BOUND('',#8536,.F.);
#8536 = EDGE_LOOP('',(#8537,#8558,#8559,#8560));
#8537 = ORIENTED_EDGE('',*,*,#8538,.T.);
#8538 = EDGE_CURVE('',#8276,#7910,#8539,.T.);
#8539 = SEAM_CURVE('',#8540,(#8544,#8551),.PCURVE_S1.);
#8540 = LINE('',#8541,#8542);
#8541 = CARTESIAN_POINT('',(-125.5,90.,-22.));
#8542 = VECTOR('',#8543,1.);
#8543 = DIRECTION('',(0.,0.,1.));
#8544 = PCURVE('',#7930,#8545);
#8545 = DEFINITIONAL_REPRESENTATION('',(#8546),#8550);
#8546 = LINE('',#8547,#8548);
#8547 = CARTESIAN_POINT('',(-4.138911435803E-13,0.));
#8548 = VECTOR('',#8549,1.);
#8549 = DIRECTION('',(-0.,-1.));
#8550 = ( GEOMETRIC_REPRESENTATION_CONTEXT(2) 
PARAMETRIC_REPRESENTATION_CONTEXT() REPRESENTATION_CONTEXT('2D SPACE',''
  ) );
#8551 = PCURVE('',#7930,#8552);
#8552 = DEFINITIONAL_REPRESENTATION('',(#8553),#8557);
#8553 = LINE('',#8554,#8555);
#8554 = CARTESIAN_POINT('',(6.28318530718,0.));
#8555 = VECTOR('',#8556,1.);
#8556 = DIRECTION('',(-0.,-1.));
#8557 = ( GEOMETRIC_REPRESENTATION_CONTEXT(2) 
PARAMETRIC_REPRESENTATION_CONTEXT() REPRESENTATION_CONTEXT('2D SPACE',''
  ) );
#8558 = ORIENTED_EDGE('',*,*,#7909,.T.);
#8559 = ORIENTED_EDGE('',*,*,#8538,.F.);
#8560 = ORIENTED_EDGE('',*,*,#8275,.F.);
#8561 = ADVANCED_FACE('',(#8562),#7965,.F.);
#8562 = FACE_BOUND('',#8563,.F.);
#8563 = EDGE_LOOP('',(#8564,#8585,#8586,#8587));
#8564 = ORIENTED_EDGE('',*,*,#8565,.T.);
#8565 = EDGE_CURVE('',#8306,#7945,#8566,.T.);
#8566 = SEAM_CURVE('',#8567,(#8571,#8578),.PCURVE_S1.);
#8567 = LINE('',#8568,#8569);
#8568 = CARTESIAN_POINT('',(38.,0.,-22.));
#8569 = VECTOR('',#8570,1.);
#8570 = DIRECTION('',(0.,0.,1.));
#8571 = PCURVE('',#7965,#8572);
#8572 = DEFINITIONAL_REPRESENTATION('',(#8573),#8577);
#8573 = LINE('',#8574,#8575);
#8574 = CARTESIAN_POINT('',(-4.138911435803E-13,0.));
#8575 = VECTOR('',#8576,1.);
#8576 = DIRECTION('',(-0.,-1.));
#8577 = ( GEOMETRIC_REPRESENTATION_CONTEXT(2) 
PARAMETRIC_REPRESENTATION_CONTEXT() REPRESENTATION_CONTEXT('2D SPACE',''
  ) );
#8578 = PCURVE('',#7965,#8579);
#8579 = DEFINITIONAL_REPRESENTATION('',(#8580),#8584);
#8580 = LINE('',#8581,#8582);
#8581 = CARTESIAN_POINT('',(6.28318530718,0.));
#8582 = VECTOR('',#8583,1.);
#8583 = DIRECTION('',(-0.,-1.));
#8584 = ( GEOMETRIC_REPRESENTATION_CONTEXT(2) 
PARAMETRIC_REPRESENTATION_CONTEXT() REPRESENTATION_CONTEXT('2D SPACE',''
  ) );
#8585 = ORIENTED_EDGE('',*,*,#7944,.T.);
#8586 = ORIENTED_EDGE('',*,*,#8565,.F.);
#8587 = ORIENTED_EDGE('',*,*,#8305,.F.);
#8588 = ADVANCED_FACE('',(#8589),#8000,.F.);
#8589 = FACE_BOUND('',#8590,.F.);
#8590 = EDGE_LOOP('',(#8591,#8612,#8613,#8614));
#8591 = ORIENTED_EDGE('',*,*,#8592,.T.);
#8592 = EDGE_CURVE('',#8336,#7980,#8593,.T.);
#8593 = SEAM_CURVE('',#8594,(#8598,#8605),.PCURVE_S1.);
#8594 = LINE('',#8595,#8596);
#8595 = CARTESIAN_POINT('',(158.5,55.,-22.));
#8596 = VECTOR('',#8597,1.);
#8597 = DIRECTION('',(0.,0.,1.));
#8598 = PCURVE('',#8000,#8599);
#8599 = DEFINITIONAL_REPRESENTATION('',(#8600),#8604);
#8600 = LINE('',#8601,#8602);
#8601 = CARTESIAN_POINT('',(-4.138911435803E-13,0.));
#8602 = VECTOR('',#8603,1.);
#8603 = DIRECTION('',(-0.,-1.));
#8604 = ( GEOMETRIC_REPRESENTATION_CONTEXT(2) 
PARAMETRIC_REPRESENTATION_CONTEXT() REPRESENTATION_CONTEXT('2D SPACE',''
  ) );
#8605 = PCURVE('',#8000,#8606);
#8606 = DEFINITIONAL_REPRESENTATION('',(#8607),#8611);
#8607 = LINE('',#8608,#8609);
#8608 = CARTESIAN_POINT('',(6.28318530718,0.));
#8609 = VECTOR('',#8610,1.);
#8610 = DIRECTION('',(-0.,-1.));
#8611 = ( GEOMETRIC_REPRESENTATION_CONTEXT(2) 
PARAMETRIC_REPRESENTATION_CONTEXT() REPRESENTATION_CONTEXT('2D SPACE',''
  ) );
#8612 = ORIENTED_EDGE('',*,*,#7979,.T.);
#8613 = ORIENTED_EDGE('',*,*,#8592,.F.);
#8614 = ORIENTED_EDGE('',*,*,#8335,.F.);
#8615 = ADVANCED_FACE('',(#8616),#8035,.F.);
#8616 = FACE_BOUND('',#8617,.F.);
#8617 = EDGE_LOOP('',(#8618,#8639,#8640,#8641));
#8618 = ORIENTED_EDGE('',*,*,#8619,.T.);
#8619 = EDGE_CURVE('',#8366,#8015,#8620,.T.);
#8620 = SEAM_CURVE('',#8621,(#8625,#8632),.PCURVE_S1.);
#8621 = LINE('',#8622,#8623);
#8622 = CARTESIAN_POINT('',(134.5,90.,-22.));
#8623 = VECTOR('',#8624,1.);
#8624 = DIRECTION('',(0.,0.,1.));
#8625 = PCURVE('',#8035,#8626);
#8626 = DEFINITIONAL_REPRESENTATION('',(#8627),#8631);
#8627 = LINE('',#8628,#8629);
#8628 = CARTESIAN_POINT('',(-4.138911435803E-13,0.));
#8629 = VECTOR('',#8630,1.);
#8630 = DIRECTION('',(-0.,-1.));
#8631 = ( GEOMETRIC_REPRESENTATION_CONTEXT(2) 
PARAMETRIC_REPRESENTATION_CONTEXT() REPRESENTATION_CONTEXT('2D SPACE',''
  ) );
#8632 = PCURVE('',#8035,#8633);
#8633 = DEFINITIONAL_REPRESENTATION('',(#8634),#8638);
#8634 = LINE('',#8635,#8636);
#8635 = CARTESIAN_POINT('',(6.28318530718,0.));
#8636 = VECTOR('',#8637,1.);
#8637 = DIRECTION('',(-0.,-1.));
#8638 = ( GEOMETRIC_REPRESENTATION_CONTEXT(2) 
PARAMETRIC_REPRESENTATION_CONTEXT() REPRESENTATION_CONTEXT('2D SPACE',''
  ) );
#8639 = ORIENTED_EDGE('',*,*,#8014,.T.);
#8640 = ORIENTED_EDGE('',*,*,#8619,.F.);
#8641 = ORIENTED_EDGE('',*,*,#8365,.F.);
#8642 = ( GEOMETRIC_REPRESENTATION_CONTEXT(3) 
GLOBAL_UNCERTAINTY_ASSIGNED_CONTEXT((#8646)) 
GLOBAL_UNIT_ASSIGNED_CONTEXT((#8643,#8644,#8645)) REPRESENTATION_CONTEXT
('Context #1','3D Context with UNIT and UNCERTAINTY') );
#8643 = ( LENGTH_UNIT() NAMED_UNIT(*) SI_UNIT(.MILLI.,.METRE.) );
#8644 = ( NAMED_UNIT(*) PLANE_ANGLE_UNIT() SI_UNIT($,.RADIAN.) );
#8645 = ( NAMED_UNIT(*) SI_UNIT($,.STERADIAN.) SOLID_ANGLE_UNIT() );
#8646 = UNCERTAINTY_MEASURE_WITH_UNIT(LENGTH_MEASURE(1.E-07),#8643,
  'distance_accuracy_value','confusion accuracy');
#8647 = CONTEXT_DEPENDENT_SHAPE_REPRESENTATION(#8648,#8650);
#8648 = ( REPRESENTATION_RELATIONSHIP('','',#7483,#10) 
REPRESENTATION_RELATIONSHIP_WITH_TRANSFORMATION(#8649) 
SHAPE_REPRESENTATION_RELATIONSHIP() );
#8649 = ITEM_DEFINED_TRANSFORMATION('','',#11,#43);
#8650 = PRODUCT_DEFINITION_SHAPE('Placement','Placement of an item',
  #8651);
#8651 = NEXT_ASSEMBLY_USAGE_OCCURRENCE('8','07_rotating_base_deck','',#5
  ,#7478,$);
#8652 = PRODUCT_RELATED_PRODUCT_CATEGORY('part',$,(#7480));
#8653 = SHAPE_DEFINITION_REPRESENTATION(#8654,#8660);
#8654 = PRODUCT_DEFINITION_SHAPE('','',#8655);
#8655 = PRODUCT_DEFINITION('design','',#8656,#8659);
#8656 = PRODUCT_DEFINITION_FORMATION('','',#8657);
#8657 = PRODUCT('26_az_motor_mount','26_az_motor_mount','',(#8658));
#8658 = PRODUCT_CONTEXT('',#2,'mechanical');
#8659 = PRODUCT_DEFINITION_CONTEXT('part definition',#2,'design');
#8660 = ADVANCED_BREP_SHAPE_REPRESENTATION('',(#11,#8661),#9451);
#8661 = MANIFOLD_SOLID_BREP('',#8662);
#8662 = CLOSED_SHELL('',(#8663,#8783,#8859,#9083,#9132,#9309,#9316,#9343
    ,#9370,#9397,#9424));
#8663 = ADVANCED_FACE('',(#8664),#8678,.F.);
#8664 = FACE_BOUND('',#8665,.F.);
#8665 = EDGE_LOOP('',(#8666,#8701,#8729,#8757));
#8666 = ORIENTED_EDGE('',*,*,#8667,.F.);
#8667 = EDGE_CURVE('',#8668,#8670,#8672,.T.);
#8668 = VERTEX_POINT('',#8669);
#8669 = CARTESIAN_POINT('',(-51.,-45.,-6.5));
#8670 = VERTEX_POINT('',#8671);
#8671 = CARTESIAN_POINT('',(-51.,-45.,6.5));
#8672 = SURFACE_CURVE('',#8673,(#8677,#8689),.PCURVE_S1.);
#8673 = LINE('',#8674,#8675);
#8674 = CARTESIAN_POINT('',(-51.,-45.,-6.5));
#8675 = VECTOR('',#8676,1.);
#8676 = DIRECTION('',(0.,0.,1.));
#8677 = PCURVE('',#8678,#8683);
#8678 = PLANE('',#8679);
#8679 = AXIS2_PLACEMENT_3D('',#8680,#8681,#8682);
#8680 = CARTESIAN_POINT('',(-51.,-45.,-6.5));
#8681 = DIRECTION('',(1.,0.,0.));
#8682 = DIRECTION('',(0.,0.,1.));
#8683 = DEFINITIONAL_REPRESENTATION('',(#8684),#8688);
#8684 = LINE('',#8685,#8686);
#8685 = CARTESIAN_POINT('',(0.,0.));
#8686 = VECTOR('',#8687,1.);
#8687 = DIRECTION('',(1.,0.));
#8688 = ( GEOMETRIC_REPRESENTATION_CONTEXT(2) 
PARAMETRIC_REPRESENTATION_CONTEXT() REPRESENTATION_CONTEXT('2D SPACE',''
  ) );
#8689 = PCURVE('',#8690,#8695);
#8690 = PLANE('',#8691);
#8691 = AXIS2_PLACEMENT_3D('',#8692,#8693,#8694);
#8692 = CARTESIAN_POINT('',(-51.,-45.,-6.5));
#8693 = DIRECTION('',(0.,1.,0.));
#8694 = DIRECTION('',(0.,-0.,1.));
#8695 = DEFINITIONAL_REPRESENTATION('',(#8696),#8700);
#8696 = LINE('',#8697,#8698);
#8697 = CARTESIAN_POINT('',(0.,0.));
#8698 = VECTOR('',#8699,1.);
#8699 = DIRECTION('',(1.,0.));
#8700 = ( GEOMETRIC_REPRESENTATION_CONTEXT(2) 
PARAMETRIC_REPRESENTATION_CONTEXT() REPRESENTATION_CONTEXT('2D SPACE',''
  ) );
#8701 = ORIENTED_EDGE('',*,*,#8702,.T.);
#8702 = EDGE_CURVE('',#8668,#8703,#8705,.T.);
#8703 = VERTEX_POINT('',#8704);
#8704 = CARTESIAN_POINT('',(-51.,45.,-6.5));
#8705 = SURFACE_CURVE('',#8706,(#8710,#8717),.PCURVE_S1.);
#8706 = LINE('',#8707,#8708);
#8707 = CARTESIAN_POINT('',(-51.,-45.,-6.5));
#8708 = VECTOR('',#8709,1.);
#8709 = DIRECTION('',(0.,1.,0.));
#8710 = PCURVE('',#8678,#8711);
#8711 = DEFINITIONAL_REPRESENTATION('',(#8712),#8716);
#8712 = LINE('',#8713,#8714);
#8713 = CARTESIAN_POINT('',(0.,0.));
#8714 = VECTOR('',#8715,1.);
#8715 = DIRECTION('',(0.,-1.));
#8716 = ( GEOMETRIC_REPRESENTATION_CONTEXT(2) 
PARAMETRIC_REPRESENTATION_CONTEXT() REPRESENTATION_CONTEXT('2D SPACE',''
  ) );
#8717 = PCURVE('',#8718,#8723);
#8718 = PLANE('',#8719);
#8719 = AXIS2_PLACEMENT_3D('',#8720,#8721,#8722);
#8720 = CARTESIAN_POINT('',(-51.,-45.,-6.5));
#8721 = DIRECTION('',(0.,0.,1.));
#8722 = DIRECTION('',(1.,0.,-0.));
#8723 = DEFINITIONAL_REPRESENTATION('',(#8724),#8728);
#8724 = LINE('',#8725,#8726);
#8725 = CARTESIAN_POINT('',(0.,0.));
#8726 = VECTOR('',#8727,1.);
#8727 = DIRECTION('',(0.,1.));
#8728 = ( GEOMETRIC_REPRESENTATION_CONTEXT(2) 
PARAMETRIC_REPRESENTATION_CONTEXT() REPRESENTATION_CONTEXT('2D SPACE',''
  ) );
#8729 = ORIENTED_EDGE('',*,*,#8730,.T.);
#8730 = EDGE_CURVE('',#8703,#8731,#8733,.T.);
#8731 = VERTEX_POINT('',#8732);
#8732 = CARTESIAN_POINT('',(-51.,45.,6.5));
#8733 = SURFACE_CURVE('',#8734,(#8738,#8745),.PCURVE_S1.);
#8734 = LINE('',#8735,#8736);
#8735 = CARTESIAN_POINT('',(-51.,45.,-6.5));
#8736 = VECTOR('',#8737,1.);
#8737 = DIRECTION('',(0.,0.,1.));
#8738 = PCURVE('',#8678,#8739);
#8739 = DEFINITIONAL_REPRESENTATION('',(#8740),#8744);
#8740 = LINE('',#8741,#8742);
#8741 = CARTESIAN_POINT('',(0.,-90.));
#8742 = VECTOR('',#8743,1.);
#8743 = DIRECTION('',(1.,0.));
#8744 = ( GEOMETRIC_REPRESENTATION_CONTEXT(2) 
PARAMETRIC_REPRESENTATION_CONTEXT() REPRESENTATION_CONTEXT('2D SPACE',''
  ) );
#8745 = PCURVE('',#8746,#8751);
#8746 = PLANE('',#8747);
#8747 = AXIS2_PLACEMENT_3D('',#8748,#8749,#8750);
#8748 = CARTESIAN_POINT('',(-51.,45.,-6.5));
#8749 = DIRECTION('',(0.,1.,0.));
#8750 = DIRECTION('',(0.,-0.,1.));
#8751 = DEFINITIONAL_REPRESENTATION('',(#8752),#8756);
#8752 = LINE('',#8753,#8754);
#8753 = CARTESIAN_POINT('',(0.,0.));
#8754 = VECTOR('',#8755,1.);
#8755 = DIRECTION('',(1.,0.));
#8756 = ( GEOMETRIC_REPRESENTATION_CONTEXT(2) 
PARAMETRIC_REPRESENTATION_CONTEXT() REPRESENTATION_CONTEXT('2D SPACE',''
  ) );
#8757 = ORIENTED_EDGE('',*,*,#8758,.F.);
#8758 = EDGE_CURVE('',#8670,#8731,#8759,.T.);
#8759 = SURFACE_CURVE('',#8760,(#8764,#8771),.PCURVE_S1.);
#8760 = LINE('',#8761,#8762);
#8761 = CARTESIAN_POINT('',(-51.,-45.,6.5));
#8762 = VECTOR('',#8763,1.);
#8763 = DIRECTION('',(0.,1.,0.));
#8764 = PCURVE('',#8678,#8765);
#8765 = DEFINITIONAL_REPRESENTATION('',(#8766),#8770);
#8766 = LINE('',#8767,#8768);
#8767 = CARTESIAN_POINT('',(13.,0.));
#8768 = VECTOR('',#8769,1.);
#8769 = DIRECTION('',(0.,-1.));
#8770 = ( GEOMETRIC_REPRESENTATION_CONTEXT(2) 
PARAMETRIC_REPRESENTATION_CONTEXT() REPRESENTATION_CONTEXT('2D SPACE',''
  ) );
#8771 = PCURVE('',#8772,#8777);
#8772 = PLANE('',#8773);
#8773 = AXIS2_PLACEMENT_3D('',#8774,#8775,#8776);
#8774 = CARTESIAN_POINT('',(-51.,-45.,6.5));
#8775 = DIRECTION('',(0.,0.,1.));
#8776 = DIRECTION('',(1.,0.,-0.));
#8777 = DEFINITIONAL_REPRESENTATION('',(#8778),#8782);
#8778 = LINE('',#8779,#8780);
#8779 = CARTESIAN_POINT('',(0.,0.));
#8780 = VECTOR('',#8781,1.);
#8781 = DIRECTION('',(0.,1.));
#8782 = ( GEOMETRIC_REPRESENTATION_CONTEXT(2) 
PARAMETRIC_REPRESENTATION_CONTEXT() REPRESENTATION_CONTEXT('2D SPACE',''
  ) );
#8783 = ADVANCED_FACE('',(#8784),#8690,.F.);
#8784 = FACE_BOUND('',#8785,.F.);
#8785 = EDGE_LOOP('',(#8786,#8809,#8810,#8833));
#8786 = ORIENTED_EDGE('',*,*,#8787,.F.);
#8787 = EDGE_CURVE('',#8668,#8788,#8790,.T.);
#8788 = VERTEX_POINT('',#8789);
#8789 = CARTESIAN_POINT('',(51.,-45.,-6.5));
#8790 = SURFACE_CURVE('',#8791,(#8795,#8802),.PCURVE_S1.);
#8791 = LINE('',#8792,#8793);
#8792 = CARTESIAN_POINT('',(-51.,-45.,-6.5));
#8793 = VECTOR('',#8794,1.);
#8794 = DIRECTION('',(1.,0.,0.));
#8795 = PCURVE('',#8690,#8796);
#8796 = DEFINITIONAL_REPRESENTATION('',(#8797),#8801);
#8797 = LINE('',#8798,#8799);
#8798 = CARTESIAN_POINT('',(0.,0.));
#8799 = VECTOR('',#8800,1.);
#8800 = DIRECTION('',(0.,1.));
#8801 = ( GEOMETRIC_REPRESENTATION_CONTEXT(2) 
PARAMETRIC_REPRESENTATION_CONTEXT() REPRESENTATION_CONTEXT('2D SPACE',''
  ) );
#8802 = PCURVE('',#8718,#8803);
#8803 = DEFINITIONAL_REPRESENTATION('',(#8804),#8808);
#8804 = LINE('',#8805,#8806);
#8805 = CARTESIAN_POINT('',(0.,0.));
#8806 = VECTOR('',#8807,1.);
#8807 = DIRECTION('',(1.,0.));
#8808 = ( GEOMETRIC_REPRESENTATION_CONTEXT(2) 
PARAMETRIC_REPRESENTATION_CONTEXT() REPRESENTATION_CONTEXT('2D SPACE',''
  ) );
#8809 = ORIENTED_EDGE('',*,*,#8667,.T.);
#8810 = ORIENTED_EDGE('',*,*,#8811,.T.);
#8811 = EDGE_CURVE('',#8670,#8812,#8814,.T.);
#8812 = VERTEX_POINT('',#8813);
#8813 = CARTESIAN_POINT('',(51.,-45.,6.5));
#8814 = SURFACE_CURVE('',#8815,(#8819,#8826),.PCURVE_S1.);
#8815 = LINE('',#8816,#8817);
#8816 = CARTESIAN_POINT('',(-51.,-45.,6.5));
#8817 = VECTOR('',#8818,1.);
#8818 = DIRECTION('',(1.,0.,0.));
#8819 = PCURVE('',#8690,#8820);
#8820 = DEFINITIONAL_REPRESENTATION('',(#8821),#8825);
#8821 = LINE('',#8822,#8823);
#8822 = CARTESIAN_POINT('',(13.,0.));
#8823 = VECTOR('',#8824,1.);
#8824 = DIRECTION('',(0.,1.));
#8825 = ( GEOMETRIC_REPRESENTATION_CONTEXT(2) 
PARAMETRIC_REPRESENTATION_CONTEXT() REPRESENTATION_CONTEXT('2D SPACE',''
  ) );
#8826 = PCURVE('',#8772,#8827);
#8827 = DEFINITIONAL_REPRESENTATION('',(#8828),#8832);
#8828 = LINE('',#8829,#8830);
#8829 = CARTESIAN_POINT('',(0.,0.));
#8830 = VECTOR('',#8831,1.);
#8831 = DIRECTION('',(1.,0.));
#8832 = ( GEOMETRIC_REPRESENTATION_CONTEXT(2) 
PARAMETRIC_REPRESENTATION_CONTEXT() REPRESENTATION_CONTEXT('2D SPACE',''
  ) );
#8833 = ORIENTED_EDGE('',*,*,#8834,.F.);
#8834 = EDGE_CURVE('',#8788,#8812,#8835,.T.);
#8835 = SURFACE_CURVE('',#8836,(#8840,#8847),.PCURVE_S1.);
#8836 = LINE('',#8837,#8838);
#8837 = CARTESIAN_POINT('',(51.,-45.,-6.5));
#8838 = VECTOR('',#8839,1.);
#8839 = DIRECTION('',(0.,0.,1.));
#8840 = PCURVE('',#8690,#8841);
#8841 = DEFINITIONAL_REPRESENTATION('',(#8842),#8846);
#8842 = LINE('',#8843,#8844);
#8843 = CARTESIAN_POINT('',(0.,102.));
#8844 = VECTOR('',#8845,1.);
#8845 = DIRECTION('',(1.,0.));
#8846 = ( GEOMETRIC_REPRESENTATION_CONTEXT(2) 
PARAMETRIC_REPRESENTATION_CONTEXT() REPRESENTATION_CONTEXT('2D SPACE',''
  ) );
#8847 = PCURVE('',#8848,#8853);
#8848 = PLANE('',#8849);
#8849 = AXIS2_PLACEMENT_3D('',#8850,#8851,#8852);
#8850 = CARTESIAN_POINT('',(51.,-45.,-6.5));
#8851 = DIRECTION('',(1.,0.,0.));
#8852 = DIRECTION('',(0.,0.,1.));
#8853 = DEFINITIONAL_REPRESENTATION('',(#8854),#8858);
#8854 = LINE('',#8855,#8856);
#8855 = CARTESIAN_POINT('',(0.,0.));
#8856 = VECTOR('',#8857,1.);
#8857 = DIRECTION('',(1.,0.));
#8858 = ( GEOMETRIC_REPRESENTATION_CONTEXT(2) 
PARAMETRIC_REPRESENTATION_CONTEXT() REPRESENTATION_CONTEXT('2D SPACE',''
  ) );
#8859 = ADVANCED_FACE('',(#8860,#8908,#8943,#8978,#9013,#9048),#8772,.T.
  );
#8860 = FACE_BOUND('',#8861,.T.);
#8861 = EDGE_LOOP('',(#8862,#8863,#8864,#8887));
#8862 = ORIENTED_EDGE('',*,*,#8758,.F.);
#8863 = ORIENTED_EDGE('',*,*,#8811,.T.);
#8864 = ORIENTED_EDGE('',*,*,#8865,.T.);
#8865 = EDGE_CURVE('',#8812,#8866,#8868,.T.);
#8866 = VERTEX_POINT('',#8867);
#8867 = CARTESIAN_POINT('',(51.,45.,6.5));
#8868 = SURFACE_CURVE('',#8869,(#8873,#8880),.PCURVE_S1.);
#8869 = LINE('',#8870,#8871);
#8870 = CARTESIAN_POINT('',(51.,-45.,6.5));
#8871 = VECTOR('',#8872,1.);
#8872 = DIRECTION('',(0.,1.,0.));
#8873 = PCURVE('',#8772,#8874);
#8874 = DEFINITIONAL_REPRESENTATION('',(#8875),#8879);
#8875 = LINE('',#8876,#8877);
#8876 = CARTESIAN_POINT('',(102.,0.));
#8877 = VECTOR('',#8878,1.);
#8878 = DIRECTION('',(0.,1.));
#8879 = ( GEOMETRIC_REPRESENTATION_CONTEXT(2) 
PARAMETRIC_REPRESENTATION_CONTEXT() REPRESENTATION_CONTEXT('2D SPACE',''
  ) );
#8880 = PCURVE('',#8848,#8881);
#8881 = DEFINITIONAL_REPRESENTATION('',(#8882),#8886);
#8882 = LINE('',#8883,#8884);
#8883 = CARTESIAN_POINT('',(13.,0.));
#8884 = VECTOR('',#8885,1.);
#8885 = DIRECTION('',(0.,-1.));
#8886 = ( GEOMETRIC_REPRESENTATION_CONTEXT(2) 
PARAMETRIC_REPRESENTATION_CONTEXT() REPRESENTATION_CONTEXT('2D SPACE',''
  ) );
#8887 = ORIENTED_EDGE('',*,*,#8888,.F.);
#8888 = EDGE_CURVE('',#8731,#8866,#8889,.T.);
#8889 = SURFACE_CURVE('',#8890,(#8894,#8901),.PCURVE_S1.);
#8890 = LINE('',#8891,#8892);
#8891 = CARTESIAN_POINT('',(-51.,45.,6.5));
#8892 = VECTOR('',#8893,1.);
#8893 = DIRECTION('',(1.,0.,0.));
#8894 = PCURVE('',#8772,#8895);
#8895 = DEFINITIONAL_REPRESENTATION('',(#8896),#8900);
#8896 = LINE('',#8897,#8898);
#8897 = CARTESIAN_POINT('',(0.,90.));
#8898 = VECTOR('',#8899,1.);
#8899 = DIRECTION('',(1.,0.));
#8900 = ( GEOMETRIC_REPRESENTATION_CONTEXT(2) 
PARAMETRIC_REPRESENTATION_CONTEXT() REPRESENTATION_CONTEXT('2D SPACE',''
  ) );
#8901 = PCURVE('',#8746,#8902);
#8902 = DEFINITIONAL_REPRESENTATION('',(#8903),#8907);
#8903 = LINE('',#8904,#8905);
#8904 = CARTESIAN_POINT('',(13.,0.));
#8905 = VECTOR('',#8906,1.);
#8906 = DIRECTION('',(0.,1.));
#8907 = ( GEOMETRIC_REPRESENTATION_CONTEXT(2) 
PARAMETRIC_REPRESENTATION_CONTEXT() REPRESENTATION_CONTEXT('2D SPACE',''
  ) );
#8908 = FACE_BOUND('',#8909,.T.);
#8909 = EDGE_LOOP('',(#8910));
#8910 = ORIENTED_EDGE('',*,*,#8911,.T.);
#8911 = EDGE_CURVE('',#8912,#8912,#8914,.T.);
#8912 = VERTEX_POINT('',#8913);
#8913 = CARTESIAN_POINT('',(-25.5,-25.,6.5));
#8914 = SURFACE_CURVE('',#8915,(#8920,#8931),.PCURVE_S1.);
#8915 = CIRCLE('',#8916,4.5);
#8916 = AXIS2_PLACEMENT_3D('',#8917,#8918,#8919);
#8917 = CARTESIAN_POINT('',(-30.,-25.,6.5));
#8918 = DIRECTION('',(0.,0.,-1.));
#8919 = DIRECTION('',(1.,0.,0.));
#8920 = PCURVE('',#8772,#8921);
#8921 = DEFINITIONAL_REPRESENTATION('',(#8922),#8930);
#8922 = ( BOUNDED_CURVE() B_SPLINE_CURVE(2,(#8923,#8924,#8925,#8926,
#8927,#8928,#8929),.UNSPECIFIED.,.T.,.F.) B_SPLINE_CURVE_WITH_KNOTS((1,2
    ,2,2,2,1),(-2.094395102393,0.,2.094395102393,4.188790204786,
6.28318530718,8.377580409573),.UNSPECIFIED.) CURVE() 
GEOMETRIC_REPRESENTATION_ITEM() RATIONAL_B_SPLINE_CURVE((1.,0.5,1.,0.5,
1.,0.5,1.)) REPRESENTATION_ITEM('') );
#8923 = CARTESIAN_POINT('',(25.5,20.));
#8924 = CARTESIAN_POINT('',(25.5,12.20577136594));
#8925 = CARTESIAN_POINT('',(18.75,16.10288568297));
#8926 = CARTESIAN_POINT('',(12.,20.));
#8927 = CARTESIAN_POINT('',(18.75,23.89711431703));
#8928 = CARTESIAN_POINT('',(25.5,27.79422863406));
#8929 = CARTESIAN_POINT('',(25.5,20.));
#8930 = ( GEOMETRIC_REPRESENTATION_CONTEXT(2) 
PARAMETRIC_REPRESENTATION_CONTEXT() REPRESENTATION_CONTEXT('2D SPACE',''
  ) );
#8931 = PCURVE('',#8932,#8937);
#8932 = CYLINDRICAL_SURFACE('',#8933,4.5);
#8933 = AXIS2_PLACEMENT_3D('',#8934,#8935,#8936);
#8934 = CARTESIAN_POINT('',(-30.,-25.,-7.5));
#8935 = DIRECTION('',(-0.,-0.,-1.));
#8936 = DIRECTION('',(1.,0.,0.));
#8937 = DEFINITIONAL_REPRESENTATION('',(#8938),#8942);
#8938 = LINE('',#8939,#8940);
#8939 = CARTESIAN_POINT('',(-4.138911435803E-13,-14.));
#8940 = VECTOR('',#8941,1.);
#8941 = DIRECTION('',(1.,-0.));
#8942 = ( GEOMETRIC_REPRESENTATION_CONTEXT(2) 
PARAMETRIC_REPRESENTATION_CONTEXT() REPRESENTATION_CONTEXT('2D SPACE',''
  ) );
#8943 = FACE_BOUND('',#8944,.T.);
#8944 = EDGE_LOOP('',(#8945));
#8945 = ORIENTED_EDGE('',*,*,#8946,.T.);
#8946 = EDGE_CURVE('',#8947,#8947,#8949,.T.);
#8947 = VERTEX_POINT('',#8948);
#8948 = CARTESIAN_POINT('',(34.5,-25.,6.5));
#8949 = SURFACE_CURVE('',#8950,(#8955,#8966),.PCURVE_S1.);
#8950 = CIRCLE('',#8951,4.5);
#8951 = AXIS2_PLACEMENT_3D('',#8952,#8953,#8954);
#8952 = CARTESIAN_POINT('',(30.,-25.,6.5));
#8953 = DIRECTION('',(0.,0.,-1.));
#8954 = DIRECTION('',(1.,0.,0.));
#8955 = PCURVE('',#8772,#8956);
#8956 = DEFINITIONAL_REPRESENTATION('',(#8957),#8965);
#8957 = ( BOUNDED_CURVE() B_SPLINE_CURVE(2,(#8958,#8959,#8960,#8961,
#8962,#8963,#8964),.UNSPECIFIED.,.T.,.F.) B_SPLINE_CURVE_WITH_KNOTS((1,2
    ,2,2,2,1),(-2.094395102393,0.,2.094395102393,4.188790204786,
6.28318530718,8.377580409573),.UNSPECIFIED.) CURVE() 
GEOMETRIC_REPRESENTATION_ITEM() RATIONAL_B_SPLINE_CURVE((1.,0.5,1.,0.5,
1.,0.5,1.)) REPRESENTATION_ITEM('') );
#8958 = CARTESIAN_POINT('',(85.5,20.));
#8959 = CARTESIAN_POINT('',(85.5,12.20577136594));
#8960 = CARTESIAN_POINT('',(78.75,16.10288568297));
#8961 = CARTESIAN_POINT('',(72.,20.));
#8962 = CARTESIAN_POINT('',(78.75,23.89711431703));
#8963 = CARTESIAN_POINT('',(85.5,27.79422863406));
#8964 = CARTESIAN_POINT('',(85.5,20.));
#8965 = ( GEOMETRIC_REPRESENTATION_CONTEXT(2) 
PARAMETRIC_REPRESENTATION_CONTEXT() REPRESENTATION_CONTEXT('2D SPACE',''
  ) );
#8966 = PCURVE('',#8967,#8972);
#8967 = CYLINDRICAL_SURFACE('',#8968,4.5);
#8968 = AXIS2_PLACEMENT_3D('',#8969,#8970,#8971);
#8969 = CARTESIAN_POINT('',(30.,-25.,-7.5));
#8970 = DIRECTION('',(-0.,-0.,-1.));
#8971 = DIRECTION('',(1.,0.,0.));
#8972 = DEFINITIONAL_REPRESENTATION('',(#8973),#8977);
#8973 = LINE('',#8974,#8975);
#8974 = CARTESIAN_POINT('',(-4.138911435803E-13,-14.));
#8975 = VECTOR('',#8976,1.);
#8976 = DIRECTION('',(1.,-0.));
#8977 = ( GEOMETRIC_REPRESENTATION_CONTEXT(2) 
PARAMETRIC_REPRESENTATION_CONTEXT() REPRESENTATION_CONTEXT('2D SPACE',''
  ) );
#8978 = FACE_BOUND('',#8979,.T.);
#8979 = EDGE_LOOP('',(#8980));
#8980 = ORIENTED_EDGE('',*,*,#8981,.T.);
#8981 = EDGE_CURVE('',#8982,#8982,#8984,.T.);
#8982 = VERTEX_POINT('',#8983);
#8983 = CARTESIAN_POINT('',(-25.5,25.,6.5));
#8984 = SURFACE_CURVE('',#8985,(#8990,#9001),.PCURVE_S1.);
#8985 = CIRCLE('',#8986,4.5);
#8986 = AXIS2_PLACEMENT_3D('',#8987,#8988,#8989);
#8987 = CARTESIAN_POINT('',(-30.,25.,6.5));
#8988 = DIRECTION('',(0.,0.,-1.));
#8989 = DIRECTION('',(1.,0.,0.));
#8990 = PCURVE('',#8772,#8991);
#8991 = DEFINITIONAL_REPRESENTATION('',(#8992),#9000);
#8992 = ( BOUNDED_CURVE() B_SPLINE_CURVE(2,(#8993,#8994,#8995,#8996,
#8997,#8998,#8999),.UNSPECIFIED.,.T.,.F.) B_SPLINE_CURVE_WITH_KNOTS((1,2
    ,2,2,2,1),(-2.094395102393,0.,2.094395102393,4.188790204786,
6.28318530718,8.377580409573),.UNSPECIFIED.) CURVE() 
GEOMETRIC_REPRESENTATION_ITEM() RATIONAL_B_SPLINE_CURVE((1.,0.5,1.,0.5,
1.,0.5,1.)) REPRESENTATION_ITEM('') );
#8993 = CARTESIAN_POINT('',(25.5,70.));
#8994 = CARTESIAN_POINT('',(25.5,62.20577136594));
#8995 = CARTESIAN_POINT('',(18.75,66.10288568297));
#8996 = CARTESIAN_POINT('',(12.,70.));
#8997 = CARTESIAN_POINT('',(18.75,73.89711431703));
#8998 = CARTESIAN_POINT('',(25.5,77.79422863406));
#8999 = CARTESIAN_POINT('',(25.5,70.));
#9000 = ( GEOMETRIC_REPRESENTATION_CONTEXT(2) 
PARAMETRIC_REPRESENTATION_CONTEXT() REPRESENTATION_CONTEXT('2D SPACE',''
  ) );
#9001 = PCURVE('',#9002,#9007);
#9002 = CYLINDRICAL_SURFACE('',#9003,4.5);
#9003 = AXIS2_PLACEMENT_3D('',#9004,#9005,#9006);
#9004 = CARTESIAN_POINT('',(-30.,25.,-7.5));
#9005 = DIRECTION('',(-0.,-0.,-1.));
#9006 = DIRECTION('',(1.,0.,0.));
#9007 = DEFINITIONAL_REPRESENTATION('',(#9008),#9012);
#9008 = LINE('',#9009,#9010);
#9009 = CARTESIAN_POINT('',(-4.138911435803E-13,-14.));
#9010 = VECTOR('',#9011,1.);
#9011 = DIRECTION('',(1.,-0.));
#9012 = ( GEOMETRIC_REPRESENTATION_CONTEXT(2) 
PARAMETRIC_REPRESENTATION_CONTEXT() REPRESENTATION_CONTEXT('2D SPACE',''
  ) );
#9013 = FACE_BOUND('',#9014,.T.);
#9014 = EDGE_LOOP('',(#9015));
#9015 = ORIENTED_EDGE('',*,*,#9016,.T.);
#9016 = EDGE_CURVE('',#9017,#9017,#9019,.T.);
#9017 = VERTEX_POINT('',#9018);
#9018 = CARTESIAN_POINT('',(19.,0.,6.5));
#9019 = SURFACE_CURVE('',#9020,(#9025,#9036),.PCURVE_S1.);
#9020 = CIRCLE('',#9021,19.);
#9021 = AXIS2_PLACEMENT_3D('',#9022,#9023,#9024);
#9022 = CARTESIAN_POINT('',(0.,0.,6.5));
#9023 = DIRECTION('',(0.,0.,-1.));
#9024 = DIRECTION('',(1.,0.,0.));
#9025 = PCURVE('',#8772,#9026);
#9026 = DEFINITIONAL_REPRESENTATION('',(#9027),#9035);
#9027 = ( BOUNDED_CURVE() B_SPLINE_CURVE(2,(#9028,#9029,#9030,#9031,
#9032,#9033,#9034),.UNSPECIFIED.,.T.,.F.) B_SPLINE_CURVE_WITH_KNOTS((1,2
    ,2,2,2,1),(-2.094395102393,0.,2.094395102393,4.188790204786,
6.28318530718,8.377580409573),.UNSPECIFIED.) CURVE() 
GEOMETRIC_REPRESENTATION_ITEM() RATIONAL_B_SPLINE_CURVE((1.,0.5,1.,0.5,
1.,0.5,1.)) REPRESENTATION_ITEM('') );
#9028 = CARTESIAN_POINT('',(70.,45.));
#9029 = CARTESIAN_POINT('',(70.,12.091034656191));
#9030 = CARTESIAN_POINT('',(41.5,28.545517328096));
#9031 = CARTESIAN_POINT('',(13.,45.));
#9032 = CARTESIAN_POINT('',(41.5,61.454482671904));
#9033 = CARTESIAN_POINT('',(70.,77.908965343809));
#9034 = CARTESIAN_POINT('',(70.,45.));
#9035 = ( GEOMETRIC_REPRESENTATION_CONTEXT(2) 
PARAMETRIC_REPRESENTATION_CONTEXT() REPRESENTATION_CONTEXT('2D SPACE',''
  ) );
#9036 = PCURVE('',#9037,#9042);
#9037 = CYLINDRICAL_SURFACE('',#9038,19.);
#9038 = AXIS2_PLACEMENT_3D('',#9039,#9040,#9041);
#9039 = CARTESIAN_POINT('',(0.,0.,-7.5));
#9040 = DIRECTION('',(-0.,-0.,-1.));
#9041 = DIRECTION('',(1.,0.,0.));
#9042 = DEFINITIONAL_REPRESENTATION('',(#9043),#9047);
#9043 = LINE('',#9044,#9045);
#9044 = CARTESIAN_POINT('',(-4.138911435803E-13,-14.));
#9045 = VECTOR('',#9046,1.);
#9046 = DIRECTION('',(1.,-0.));
#9047 = ( GEOMETRIC_REPRESENTATION_CONTEXT(2) 
PARAMETRIC_REPRESENTATION_CONTEXT() REPRESENTATION_CONTEXT('2D SPACE',''
  ) );
#9048 = FACE_BOUND('',#9049,.T.);
#9049 = EDGE_LOOP('',(#9050));
#9050 = ORIENTED_EDGE('',*,*,#9051,.T.);
#9051 = EDGE_CURVE('',#9052,#9052,#9054,.T.);
#9052 = VERTEX_POINT('',#9053);
#9053 = CARTESIAN_POINT('',(34.5,25.,6.5));
#9054 = SURFACE_CURVE('',#9055,(#9060,#9071),.PCURVE_S1.);
#9055 = CIRCLE('',#9056,4.5);
#9056 = AXIS2_PLACEMENT_3D('',#9057,#9058,#9059);
#9057 = CARTESIAN_POINT('',(30.,25.,6.5));
#9058 = DIRECTION('',(0.,0.,-1.));
#9059 = DIRECTION('',(1.,0.,0.));
#9060 = PCURVE('',#8772,#9061);
#9061 = DEFINITIONAL_REPRESENTATION('',(#9062),#9070);
#9062 = ( BOUNDED_CURVE() B_SPLINE_CURVE(2,(#9063,#9064,#9065,#9066,
#9067,#9068,#9069),.UNSPECIFIED.,.T.,.F.) B_SPLINE_CURVE_WITH_KNOTS((1,2
    ,2,2,2,1),(-2.094395102393,0.,2.094395102393,4.188790204786,
6.28318530718,8.377580409573),.UNSPECIFIED.) CURVE() 
GEOMETRIC_REPRESENTATION_ITEM() RATIONAL_B_SPLINE_CURVE((1.,0.5,1.,0.5,
1.,0.5,1.)) REPRESENTATION_ITEM('') );
#9063 = CARTESIAN_POINT('',(85.5,70.));
#9064 = CARTESIAN_POINT('',(85.5,62.20577136594));
#9065 = CARTESIAN_POINT('',(78.75,66.10288568297));
#9066 = CARTESIAN_POINT('',(72.,70.));
#9067 = CARTESIAN_POINT('',(78.75,73.89711431703));
#9068 = CARTESIAN_POINT('',(85.5,77.79422863406));
#9069 = CARTESIAN_POINT('',(85.5,70.));
#9070 = ( GEOMETRIC_REPRESENTATION_CONTEXT(2) 
PARAMETRIC_REPRESENTATION_CONTEXT() REPRESENTATION_CONTEXT('2D SPACE',''
  ) );
#9071 = PCURVE('',#9072,#9077);
#9072 = CYLINDRICAL_SURFACE('',#9073,4.5);
#9073 = AXIS2_PLACEMENT_3D('',#9074,#9075,#9076);
#9074 = CARTESIAN_POINT('',(30.,25.,-7.5));
#9075 = DIRECTION('',(-0.,-0.,-1.));
#9076 = DIRECTION('',(1.,0.,0.));
#9077 = DEFINITIONAL_REPRESENTATION('',(#9078),#9082);
#9078 = LINE('',#9079,#9080);
#9079 = CARTESIAN_POINT('',(-4.138911435803E-13,-14.));
#9080 = VECTOR('',#9081,1.);
#9081 = DIRECTION('',(1.,-0.));
#9082 = ( GEOMETRIC_REPRESENTATION_CONTEXT(2) 
PARAMETRIC_REPRESENTATION_CONTEXT() REPRESENTATION_CONTEXT('2D SPACE',''
  ) );
#9083 = ADVANCED_FACE('',(#9084),#8746,.T.);
#9084 = FACE_BOUND('',#9085,.T.);
#9085 = EDGE_LOOP('',(#9086,#9109,#9110,#9111));
#9086 = ORIENTED_EDGE('',*,*,#9087,.F.);
#9087 = EDGE_CURVE('',#8703,#9088,#9090,.T.);
#9088 = VERTEX_POINT('',#9089);
#9089 = CARTESIAN_POINT('',(51.,45.,-6.5));
#9090 = SURFACE_CURVE('',#9091,(#9095,#9102),.PCURVE_S1.);
#9091 = LINE('',#9092,#9093);
#9092 = CARTESIAN_POINT('',(-51.,45.,-6.5));
#9093 = VECTOR('',#9094,1.);
#9094 = DIRECTION('',(1.,0.,0.));
#9095 = PCURVE('',#8746,#9096);
#9096 = DEFINITIONAL_REPRESENTATION('',(#9097),#9101);
#9097 = LINE('',#9098,#9099);
#9098 = CARTESIAN_POINT('',(0.,0.));
#9099 = VECTOR('',#9100,1.);
#9100 = DIRECTION('',(0.,1.));
#9101 = ( GEOMETRIC_REPRESENTATION_CONTEXT(2) 
PARAMETRIC_REPRESENTATION_CONTEXT() REPRESENTATION_CONTEXT('2D SPACE',''
  ) );
#9102 = PCURVE('',#8718,#9103);
#9103 = DEFINITIONAL_REPRESENTATION('',(#9104),#9108);
#9104 = LINE('',#9105,#9106);
#9105 = CARTESIAN_POINT('',(0.,90.));
#9106 = VECTOR('',#9107,1.);
#9107 = DIRECTION('',(1.,0.));
#9108 = ( GEOMETRIC_REPRESENTATION_CONTEXT(2) 
PARAMETRIC_REPRESENTATION_CONTEXT() REPRESENTATION_CONTEXT('2D SPACE',''
  ) );
#9109 = ORIENTED_EDGE('',*,*,#8730,.T.);
#9110 = ORIENTED_EDGE('',*,*,#8888,.T.);
#9111 = ORIENTED_EDGE('',*,*,#9112,.F.);
#9112 = EDGE_CURVE('',#9088,#8866,#9113,.T.);
#9113 = SURFACE_CURVE('',#9114,(#9118,#9125),.PCURVE_S1.);
#9114 = LINE('',#9115,#9116);
#9115 = CARTESIAN_POINT('',(51.,45.,-6.5));
#9116 = VECTOR('',#9117,1.);
#9117 = DIRECTION('',(0.,0.,1.));
#9118 = PCURVE('',#8746,#9119);
#9119 = DEFINITIONAL_REPRESENTATION('',(#9120),#9124);
#9120 = LINE('',#9121,#9122);
#9121 = CARTESIAN_POINT('',(0.,102.));
#9122 = VECTOR('',#9123,1.);
#9123 = DIRECTION('',(1.,0.));
#9124 = ( GEOMETRIC_REPRESENTATION_CONTEXT(2) 
PARAMETRIC_REPRESENTATION_CONTEXT() REPRESENTATION_CONTEXT('2D SPACE',''
  ) );
#9125 = PCURVE('',#8848,#9126);
#9126 = DEFINITIONAL_REPRESENTATION('',(#9127),#9131);
#9127 = LINE('',#9128,#9129);
#9128 = CARTESIAN_POINT('',(0.,-90.));
#9129 = VECTOR('',#9130,1.);
#9130 = DIRECTION('',(1.,0.));
#9131 = ( GEOMETRIC_REPRESENTATION_CONTEXT(2) 
PARAMETRIC_REPRESENTATION_CONTEXT() REPRESENTATION_CONTEXT('2D SPACE',''
  ) );
#9132 = ADVANCED_FACE('',(#9133,#9159,#9189,#9219,#9249,#9279),#8718,.F.
  );
#9133 = FACE_BOUND('',#9134,.F.);
#9134 = EDGE_LOOP('',(#9135,#9136,#9137,#9158));
#9135 = ORIENTED_EDGE('',*,*,#8702,.F.);
#9136 = ORIENTED_EDGE('',*,*,#8787,.T.);
#9137 = ORIENTED_EDGE('',*,*,#9138,.T.);
#9138 = EDGE_CURVE('',#8788,#9088,#9139,.T.);
#9139 = SURFACE_CURVE('',#9140,(#9144,#9151),.PCURVE_S1.);
#9140 = LINE('',#9141,#9142);
#9141 = CARTESIAN_POINT('',(51.,-45.,-6.5));
#9142 = VECTOR('',#9143,1.);
#9143 = DIRECTION('',(0.,1.,0.));
#9144 = PCURVE('',#8718,#9145);
#9145 = DEFINITIONAL_REPRESENTATION('',(#9146),#9150);
#9146 = LINE('',#9147,#9148);
#9147 = CARTESIAN_POINT('',(102.,0.));
#9148 = VECTOR('',#9149,1.);
#9149 = DIRECTION('',(0.,1.));
#9150 = ( GEOMETRIC_REPRESENTATION_CONTEXT(2) 
PARAMETRIC_REPRESENTATION_CONTEXT() REPRESENTATION_CONTEXT('2D SPACE',''
  ) );
#9151 = PCURVE('',#8848,#9152);
#9152 = DEFINITIONAL_REPRESENTATION('',(#9153),#9157);
#9153 = LINE('',#9154,#9155);
#9154 = CARTESIAN_POINT('',(0.,0.));
#9155 = VECTOR('',#9156,1.);
#9156 = DIRECTION('',(0.,-1.));
#9157 = ( GEOMETRIC_REPRESENTATION_CONTEXT(2) 
PARAMETRIC_REPRESENTATION_CONTEXT() REPRESENTATION_CONTEXT('2D SPACE',''
  ) );
#9158 = ORIENTED_EDGE('',*,*,#9087,.F.);
#9159 = FACE_BOUND('',#9160,.F.);
#9160 = EDGE_LOOP('',(#9161));
#9161 = ORIENTED_EDGE('',*,*,#9162,.T.);
#9162 = EDGE_CURVE('',#9163,#9163,#9165,.T.);
#9163 = VERTEX_POINT('',#9164);
#9164 = CARTESIAN_POINT('',(-25.5,-25.,-6.5));
#9165 = SURFACE_CURVE('',#9166,(#9171,#9182),.PCURVE_S1.);
#9166 = CIRCLE('',#9167,4.5);
#9167 = AXIS2_PLACEMENT_3D('',#9168,#9169,#9170);
#9168 = CARTESIAN_POINT('',(-30.,-25.,-6.5));
#9169 = DIRECTION('',(0.,0.,-1.));
#9170 = DIRECTION('',(1.,0.,0.));
#9171 = PCURVE('',#8718,#9172);
#9172 = DEFINITIONAL_REPRESENTATION('',(#9173),#9181);
#9173 = ( BOUNDED_CURVE() B_SPLINE_CURVE(2,(#9174,#9175,#9176,#9177,
#9178,#9179,#9180),.UNSPECIFIED.,.T.,.F.) B_SPLINE_CURVE_WITH_KNOTS((1,2
    ,2,2,2,1),(-2.094395102393,0.,2.094395102393,4.188790204786,
6.28318530718,8.377580409573),.UNSPECIFIED.) CURVE() 
GEOMETRIC_REPRESENTATION_ITEM() RATIONAL_B_SPLINE_CURVE((1.,0.5,1.,0.5,
1.,0.5,1.)) REPRESENTATION_ITEM('') );
#9174 = CARTESIAN_POINT('',(25.5,20.));
#9175 = CARTESIAN_POINT('',(25.5,12.20577136594));
#9176 = CARTESIAN_POINT('',(18.75,16.10288568297));
#9177 = CARTESIAN_POINT('',(12.,20.));
#9178 = CARTESIAN_POINT('',(18.75,23.89711431703));
#9179 = CARTESIAN_POINT('',(25.5,27.79422863406));
#9180 = CARTESIAN_POINT('',(25.5,20.));
#9181 = ( GEOMETRIC_REPRESENTATION_CONTEXT(2) 
PARAMETRIC_REPRESENTATION_CONTEXT() REPRESENTATION_CONTEXT('2D SPACE',''
  ) );
#9182 = PCURVE('',#8932,#9183);
#9183 = DEFINITIONAL_REPRESENTATION('',(#9184),#9188);
#9184 = LINE('',#9185,#9186);
#9185 = CARTESIAN_POINT('',(-4.138911435803E-13,-1.));
#9186 = VECTOR('',#9187,1.);
#9187 = DIRECTION('',(1.,-0.));
#9188 = ( GEOMETRIC_REPRESENTATION_CONTEXT(2) 
PARAMETRIC_REPRESENTATION_CONTEXT() REPRESENTATION_CONTEXT('2D SPACE',''
  ) );
#9189 = FACE_BOUND('',#9190,.F.);
#9190 = EDGE_LOOP('',(#9191));
#9191 = ORIENTED_EDGE('',*,*,#9192,.T.);
#9192 = EDGE_CURVE('',#9193,#9193,#9195,.T.);
#9193 = VERTEX_POINT('',#9194);
#9194 = CARTESIAN_POINT('',(34.5,-25.,-6.5));
#9195 = SURFACE_CURVE('',#9196,(#9201,#9212),.PCURVE_S1.);
#9196 = CIRCLE('',#9197,4.5);
#9197 = AXIS2_PLACEMENT_3D('',#9198,#9199,#9200);
#9198 = CARTESIAN_POINT('',(30.,-25.,-6.5));
#9199 = DIRECTION('',(0.,0.,-1.));
#9200 = DIRECTION('',(1.,0.,0.));
#9201 = PCURVE('',#8718,#9202);
#9202 = DEFINITIONAL_REPRESENTATION('',(#9203),#9211);
#9203 = ( BOUNDED_CURVE() B_SPLINE_CURVE(2,(#9204,#9205,#9206,#9207,
#9208,#9209,#9210),.UNSPECIFIED.,.T.,.F.) B_SPLINE_CURVE_WITH_KNOTS((1,2
    ,2,2,2,1),(-2.094395102393,0.,2.094395102393,4.188790204786,
6.28318530718,8.377580409573),.UNSPECIFIED.) CURVE() 
GEOMETRIC_REPRESENTATION_ITEM() RATIONAL_B_SPLINE_CURVE((1.,0.5,1.,0.5,
1.,0.5,1.)) REPRESENTATION_ITEM('') );
#9204 = CARTESIAN_POINT('',(85.5,20.));
#9205 = CARTESIAN_POINT('',(85.5,12.20577136594));
#9206 = CARTESIAN_POINT('',(78.75,16.10288568297));
#9207 = CARTESIAN_POINT('',(72.,20.));
#9208 = CARTESIAN_POINT('',(78.75,23.89711431703));
#9209 = CARTESIAN_POINT('',(85.5,27.79422863406));
#9210 = CARTESIAN_POINT('',(85.5,20.));
#9211 = ( GEOMETRIC_REPRESENTATION_CONTEXT(2) 
PARAMETRIC_REPRESENTATION_CONTEXT() REPRESENTATION_CONTEXT('2D SPACE',''
  ) );
#9212 = PCURVE('',#8967,#9213);
#9213 = DEFINITIONAL_REPRESENTATION('',(#9214),#9218);
#9214 = LINE('',#9215,#9216);
#9215 = CARTESIAN_POINT('',(-4.138911435803E-13,-1.));
#9216 = VECTOR('',#9217,1.);
#9217 = DIRECTION('',(1.,-0.));
#9218 = ( GEOMETRIC_REPRESENTATION_CONTEXT(2) 
PARAMETRIC_REPRESENTATION_CONTEXT() REPRESENTATION_CONTEXT('2D SPACE',''
  ) );
#9219 = FACE_BOUND('',#9220,.F.);
#9220 = EDGE_LOOP('',(#9221));
#9221 = ORIENTED_EDGE('',*,*,#9222,.T.);
#9222 = EDGE_CURVE('',#9223,#9223,#9225,.T.);
#9223 = VERTEX_POINT('',#9224);
#9224 = CARTESIAN_POINT('',(-25.5,25.,-6.5));
#9225 = SURFACE_CURVE('',#9226,(#9231,#9242),.PCURVE_S1.);
#9226 = CIRCLE('',#9227,4.5);
#9227 = AXIS2_PLACEMENT_3D('',#9228,#9229,#9230);
#9228 = CARTESIAN_POINT('',(-30.,25.,-6.5));
#9229 = DIRECTION('',(0.,0.,-1.));
#9230 = DIRECTION('',(1.,0.,0.));
#9231 = PCURVE('',#8718,#9232);
#9232 = DEFINITIONAL_REPRESENTATION('',(#9233),#9241);
#9233 = ( BOUNDED_CURVE() B_SPLINE_CURVE(2,(#9234,#9235,#9236,#9237,
#9238,#9239,#9240),.UNSPECIFIED.,.T.,.F.) B_SPLINE_CURVE_WITH_KNOTS((1,2
    ,2,2,2,1),(-2.094395102393,0.,2.094395102393,4.188790204786,
6.28318530718,8.377580409573),.UNSPECIFIED.) CURVE() 
GEOMETRIC_REPRESENTATION_ITEM() RATIONAL_B_SPLINE_CURVE((1.,0.5,1.,0.5,
1.,0.5,1.)) REPRESENTATION_ITEM('') );
#9234 = CARTESIAN_POINT('',(25.5,70.));
#9235 = CARTESIAN_POINT('',(25.5,62.20577136594));
#9236 = CARTESIAN_POINT('',(18.75,66.10288568297));
#9237 = CARTESIAN_POINT('',(12.,70.));
#9238 = CARTESIAN_POINT('',(18.75,73.89711431703));
#9239 = CARTESIAN_POINT('',(25.5,77.79422863406));
#9240 = CARTESIAN_POINT('',(25.5,70.));
#9241 = ( GEOMETRIC_REPRESENTATION_CONTEXT(2) 
PARAMETRIC_REPRESENTATION_CONTEXT() REPRESENTATION_CONTEXT('2D SPACE',''
  ) );
#9242 = PCURVE('',#9002,#9243);
#9243 = DEFINITIONAL_REPRESENTATION('',(#9244),#9248);
#9244 = LINE('',#9245,#9246);
#9245 = CARTESIAN_POINT('',(-4.138911435803E-13,-1.));
#9246 = VECTOR('',#9247,1.);
#9247 = DIRECTION('',(1.,-0.));
#9248 = ( GEOMETRIC_REPRESENTATION_CONTEXT(2) 
PARAMETRIC_REPRESENTATION_CONTEXT() REPRESENTATION_CONTEXT('2D SPACE',''
  ) );
#9249 = FACE_BOUND('',#9250,.F.);
#9250 = EDGE_LOOP('',(#9251));
#9251 = ORIENTED_EDGE('',*,*,#9252,.T.);
#9252 = EDGE_CURVE('',#9253,#9253,#9255,.T.);
#9253 = VERTEX_POINT('',#9254);
#9254 = CARTESIAN_POINT('',(19.,0.,-6.5));
#9255 = SURFACE_CURVE('',#9256,(#9261,#9272),.PCURVE_S1.);
#9256 = CIRCLE('',#9257,19.);
#9257 = AXIS2_PLACEMENT_3D('',#9258,#9259,#9260);
#9258 = CARTESIAN_POINT('',(0.,0.,-6.5));
#9259 = DIRECTION('',(0.,0.,-1.));
#9260 = DIRECTION('',(1.,0.,0.));
#9261 = PCURVE('',#8718,#9262);
#9262 = DEFINITIONAL_REPRESENTATION('',(#9263),#9271);
#9263 = ( BOUNDED_CURVE() B_SPLINE_CURVE(2,(#9264,#9265,#9266,#9267,
#9268,#9269,#9270),.UNSPECIFIED.,.T.,.F.) B_SPLINE_CURVE_WITH_KNOTS((1,2
    ,2,2,2,1),(-2.094395102393,0.,2.094395102393,4.188790204786,
6.28318530718,8.377580409573),.UNSPECIFIED.) CURVE() 
GEOMETRIC_REPRESENTATION_ITEM() RATIONAL_B_SPLINE_CURVE((1.,0.5,1.,0.5,
1.,0.5,1.)) REPRESENTATION_ITEM('') );
#9264 = CARTESIAN_POINT('',(70.,45.));
#9265 = CARTESIAN_POINT('',(70.,12.091034656191));
#9266 = CARTESIAN_POINT('',(41.5,28.545517328096));
#9267 = CARTESIAN_POINT('',(13.,45.));
#9268 = CARTESIAN_POINT('',(41.5,61.454482671904));
#9269 = CARTESIAN_POINT('',(70.,77.908965343809));
#9270 = CARTESIAN_POINT('',(70.,45.));
#9271 = ( GEOMETRIC_REPRESENTATION_CONTEXT(2) 
PARAMETRIC_REPRESENTATION_CONTEXT() REPRESENTATION_CONTEXT('2D SPACE',''
  ) );
#9272 = PCURVE('',#9037,#9273);
#9273 = DEFINITIONAL_REPRESENTATION('',(#9274),#9278);
#9274 = LINE('',#9275,#9276);
#9275 = CARTESIAN_POINT('',(-4.138911435803E-13,-1.));
#9276 = VECTOR('',#9277,1.);
#9277 = DIRECTION('',(1.,-0.));
#9278 = ( GEOMETRIC_REPRESENTATION_CONTEXT(2) 
PARAMETRIC_REPRESENTATION_CONTEXT() REPRESENTATION_CONTEXT('2D SPACE',''
  ) );
#9279 = FACE_BOUND('',#9280,.F.);
#9280 = EDGE_LOOP('',(#9281));
#9281 = ORIENTED_EDGE('',*,*,#9282,.T.);
#9282 = EDGE_CURVE('',#9283,#9283,#9285,.T.);
#9283 = VERTEX_POINT('',#9284);
#9284 = CARTESIAN_POINT('',(34.5,25.,-6.5));
#9285 = SURFACE_CURVE('',#9286,(#9291,#9302),.PCURVE_S1.);
#9286 = CIRCLE('',#9287,4.5);
#9287 = AXIS2_PLACEMENT_3D('',#9288,#9289,#9290);
#9288 = CARTESIAN_POINT('',(30.,25.,-6.5));
#9289 = DIRECTION('',(0.,0.,-1.));
#9290 = DIRECTION('',(1.,0.,0.));
#9291 = PCURVE('',#8718,#9292);
#9292 = DEFINITIONAL_REPRESENTATION('',(#9293),#9301);
#9293 = ( BOUNDED_CURVE() B_SPLINE_CURVE(2,(#9294,#9295,#9296,#9297,
#9298,#9299,#9300),.UNSPECIFIED.,.T.,.F.) B_SPLINE_CURVE_WITH_KNOTS((1,2
    ,2,2,2,1),(-2.094395102393,0.,2.094395102393,4.188790204786,
6.28318530718,8.377580409573),.UNSPECIFIED.) CURVE() 
GEOMETRIC_REPRESENTATION_ITEM() RATIONAL_B_SPLINE_CURVE((1.,0.5,1.,0.5,
1.,0.5,1.)) REPRESENTATION_ITEM('') );
#9294 = CARTESIAN_POINT('',(85.5,70.));
#9295 = CARTESIAN_POINT('',(85.5,62.20577136594));
#9296 = CARTESIAN_POINT('',(78.75,66.10288568297));
#9297 = CARTESIAN_POINT('',(72.,70.));
#9298 = CARTESIAN_POINT('',(78.75,73.89711431703));
#9299 = CARTESIAN_POINT('',(85.5,77.79422863406));
#9300 = CARTESIAN_POINT('',(85.5,70.));
#9301 = ( GEOMETRIC_REPRESENTATION_CONTEXT(2) 
PARAMETRIC_REPRESENTATION_CONTEXT() REPRESENTATION_CONTEXT('2D SPACE',''
  ) );
#9302 = PCURVE('',#9072,#9303);
#9303 = DEFINITIONAL_REPRESENTATION('',(#9304),#9308);
#9304 = LINE('',#9305,#9306);
#9305 = CARTESIAN_POINT('',(-4.138911435803E-13,-1.));
#9306 = VECTOR('',#9307,1.);
#9307 = DIRECTION('',(1.,-0.));
#9308 = ( GEOMETRIC_REPRESENTATION_CONTEXT(2) 
PARAMETRIC_REPRESENTATION_CONTEXT() REPRESENTATION_CONTEXT('2D SPACE',''
  ) );
#9309 = ADVANCED_FACE('',(#9310),#8848,.T.);
#9310 = FACE_BOUND('',#9311,.T.);
#9311 = EDGE_LOOP('',(#9312,#9313,#9314,#9315));
#9312 = ORIENTED_EDGE('',*,*,#8834,.F.);
#9313 = ORIENTED_EDGE('',*,*,#9138,.T.);
#9314 = ORIENTED_EDGE('',*,*,#9112,.T.);
#9315 = ORIENTED_EDGE('',*,*,#8865,.F.);
#9316 = ADVANCED_FACE('',(#9317),#8932,.F.);
#9317 = FACE_BOUND('',#9318,.F.);
#9318 = EDGE_LOOP('',(#9319,#9340,#9341,#9342));
#9319 = ORIENTED_EDGE('',*,*,#9320,.T.);
#9320 = EDGE_CURVE('',#9163,#8912,#9321,.T.);
#9321 = SEAM_CURVE('',#9322,(#9326,#9333),.PCURVE_S1.);
#9322 = LINE('',#9323,#9324);
#9323 = CARTESIAN_POINT('',(-25.5,-25.,-7.5));
#9324 = VECTOR('',#9325,1.);
#9325 = DIRECTION('',(0.,0.,1.));
#9326 = PCURVE('',#8932,#9327);
#9327 = DEFINITIONAL_REPRESENTATION('',(#9328),#9332);
#9328 = LINE('',#9329,#9330);
#9329 = CARTESIAN_POINT('',(-4.138911435803E-13,0.));
#9330 = VECTOR('',#9331,1.);
#9331 = DIRECTION('',(-0.,-1.));
#9332 = ( GEOMETRIC_REPRESENTATION_CONTEXT(2) 
PARAMETRIC_REPRESENTATION_CONTEXT() REPRESENTATION_CONTEXT('2D SPACE',''
  ) );
#9333 = PCURVE('',#8932,#9334);
#9334 = DEFINITIONAL_REPRESENTATION('',(#9335),#9339);
#9335 = LINE('',#9336,#9337);
#9336 = CARTESIAN_POINT('',(6.28318530718,0.));
#9337 = VECTOR('',#9338,1.);
#9338 = DIRECTION('',(-0.,-1.));
#9339 = ( GEOMETRIC_REPRESENTATION_CONTEXT(2) 
PARAMETRIC_REPRESENTATION_CONTEXT() REPRESENTATION_CONTEXT('2D SPACE',''
  ) );
#9340 = ORIENTED_EDGE('',*,*,#8911,.T.);
#9341 = ORIENTED_EDGE('',*,*,#9320,.F.);
#9342 = ORIENTED_EDGE('',*,*,#9162,.F.);
#9343 = ADVANCED_FACE('',(#9344),#8967,.F.);
#9344 = FACE_BOUND('',#9345,.F.);
#9345 = EDGE_LOOP('',(#9346,#9367,#9368,#9369));
#9346 = ORIENTED_EDGE('',*,*,#9347,.T.);
#9347 = EDGE_CURVE('',#9193,#8947,#9348,.T.);
#9348 = SEAM_CURVE('',#9349,(#9353,#9360),.PCURVE_S1.);
#9349 = LINE('',#9350,#9351);
#9350 = CARTESIAN_POINT('',(34.5,-25.,-7.5));
#9351 = VECTOR('',#9352,1.);
#9352 = DIRECTION('',(0.,0.,1.));
#9353 = PCURVE('',#8967,#9354);
#9354 = DEFINITIONAL_REPRESENTATION('',(#9355),#9359);
#9355 = LINE('',#9356,#9357);
#9356 = CARTESIAN_POINT('',(-4.138911435803E-13,0.));
#9357 = VECTOR('',#9358,1.);
#9358 = DIRECTION('',(-0.,-1.));
#9359 = ( GEOMETRIC_REPRESENTATION_CONTEXT(2) 
PARAMETRIC_REPRESENTATION_CONTEXT() REPRESENTATION_CONTEXT('2D SPACE',''
  ) );
#9360 = PCURVE('',#8967,#9361);
#9361 = DEFINITIONAL_REPRESENTATION('',(#9362),#9366);
#9362 = LINE('',#9363,#9364);
#9363 = CARTESIAN_POINT('',(6.28318530718,0.));
#9364 = VECTOR('',#9365,1.);
#9365 = DIRECTION('',(-0.,-1.));
#9366 = ( GEOMETRIC_REPRESENTATION_CONTEXT(2) 
PARAMETRIC_REPRESENTATION_CONTEXT() REPRESENTATION_CONTEXT('2D SPACE',''
  ) );
#9367 = ORIENTED_EDGE('',*,*,#8946,.T.);
#9368 = ORIENTED_EDGE('',*,*,#9347,.F.);
#9369 = ORIENTED_EDGE('',*,*,#9192,.F.);
#9370 = ADVANCED_FACE('',(#9371),#9002,.F.);
#9371 = FACE_BOUND('',#9372,.F.);
#9372 = EDGE_LOOP('',(#9373,#9394,#9395,#9396));
#9373 = ORIENTED_EDGE('',*,*,#9374,.T.);
#9374 = EDGE_CURVE('',#9223,#8982,#9375,.T.);
#9375 = SEAM_CURVE('',#9376,(#9380,#9387),.PCURVE_S1.);
#9376 = LINE('',#9377,#9378);
#9377 = CARTESIAN_POINT('',(-25.5,25.,-7.5));
#9378 = VECTOR('',#9379,1.);
#9379 = DIRECTION('',(0.,0.,1.));
#9380 = PCURVE('',#9002,#9381);
#9381 = DEFINITIONAL_REPRESENTATION('',(#9382),#9386);
#9382 = LINE('',#9383,#9384);
#9383 = CARTESIAN_POINT('',(-4.138911435803E-13,0.));
#9384 = VECTOR('',#9385,1.);
#9385 = DIRECTION('',(-0.,-1.));
#9386 = ( GEOMETRIC_REPRESENTATION_CONTEXT(2) 
PARAMETRIC_REPRESENTATION_CONTEXT() REPRESENTATION_CONTEXT('2D SPACE',''
  ) );
#9387 = PCURVE('',#9002,#9388);
#9388 = DEFINITIONAL_REPRESENTATION('',(#9389),#9393);
#9389 = LINE('',#9390,#9391);
#9390 = CARTESIAN_POINT('',(6.28318530718,0.));
#9391 = VECTOR('',#9392,1.);
#9392 = DIRECTION('',(-0.,-1.));
#9393 = ( GEOMETRIC_REPRESENTATION_CONTEXT(2) 
PARAMETRIC_REPRESENTATION_CONTEXT() REPRESENTATION_CONTEXT('2D SPACE',''
  ) );
#9394 = ORIENTED_EDGE('',*,*,#8981,.T.);
#9395 = ORIENTED_EDGE('',*,*,#9374,.F.);
#9396 = ORIENTED_EDGE('',*,*,#9222,.F.);
#9397 = ADVANCED_FACE('',(#9398),#9037,.F.);
#9398 = FACE_BOUND('',#9399,.F.);
#9399 = EDGE_LOOP('',(#9400,#9421,#9422,#9423));
#9400 = ORIENTED_EDGE('',*,*,#9401,.T.);
#9401 = EDGE_CURVE('',#9253,#9017,#9402,.T.);
#9402 = SEAM_CURVE('',#9403,(#9407,#9414),.PCURVE_S1.);
#9403 = LINE('',#9404,#9405);
#9404 = CARTESIAN_POINT('',(19.,0.,-7.5));
#9405 = VECTOR('',#9406,1.);
#9406 = DIRECTION('',(0.,0.,1.));
#9407 = PCURVE('',#9037,#9408);
#9408 = DEFINITIONAL_REPRESENTATION('',(#9409),#9413);
#9409 = LINE('',#9410,#9411);
#9410 = CARTESIAN_POINT('',(-4.138911435803E-13,0.));
#9411 = VECTOR('',#9412,1.);
#9412 = DIRECTION('',(-0.,-1.));
#9413 = ( GEOMETRIC_REPRESENTATION_CONTEXT(2) 
PARAMETRIC_REPRESENTATION_CONTEXT() REPRESENTATION_CONTEXT('2D SPACE',''
  ) );
#9414 = PCURVE('',#9037,#9415);
#9415 = DEFINITIONAL_REPRESENTATION('',(#9416),#9420);
#9416 = LINE('',#9417,#9418);
#9417 = CARTESIAN_POINT('',(6.28318530718,0.));
#9418 = VECTOR('',#9419,1.);
#9419 = DIRECTION('',(-0.,-1.));
#9420 = ( GEOMETRIC_REPRESENTATION_CONTEXT(2) 
PARAMETRIC_REPRESENTATION_CONTEXT() REPRESENTATION_CONTEXT('2D SPACE',''
  ) );
#9421 = ORIENTED_EDGE('',*,*,#9016,.T.);
#9422 = ORIENTED_EDGE('',*,*,#9401,.F.);
#9423 = ORIENTED_EDGE('',*,*,#9252,.F.);
#9424 = ADVANCED_FACE('',(#9425),#9072,.F.);
#9425 = FACE_BOUND('',#9426,.F.);
#9426 = EDGE_LOOP('',(#9427,#9448,#9449,#9450));
#9427 = ORIENTED_EDGE('',*,*,#9428,.T.);
#9428 = EDGE_CURVE('',#9283,#9052,#9429,.T.);
#9429 = SEAM_CURVE('',#9430,(#9434,#9441),.PCURVE_S1.);
#9430 = LINE('',#9431,#9432);
#9431 = CARTESIAN_POINT('',(34.5,25.,-7.5));
#9432 = VECTOR('',#9433,1.);
#9433 = DIRECTION('',(0.,0.,1.));
#9434 = PCURVE('',#9072,#9435);
#9435 = DEFINITIONAL_REPRESENTATION('',(#9436),#9440);
#9436 = LINE('',#9437,#9438);
#9437 = CARTESIAN_POINT('',(-4.138911435803E-13,0.));
#9438 = VECTOR('',#9439,1.);
#9439 = DIRECTION('',(-0.,-1.));
#9440 = ( GEOMETRIC_REPRESENTATION_CONTEXT(2) 
PARAMETRIC_REPRESENTATION_CONTEXT() REPRESENTATION_CONTEXT('2D SPACE',''
  ) );
#9441 = PCURVE('',#9072,#9442);
#9442 = DEFINITIONAL_REPRESENTATION('',(#9443),#9447);
#9443 = LINE('',#9444,#9445);
#9444 = CARTESIAN_POINT('',(6.28318530718,0.));
#9445 = VECTOR('',#9446,1.);
#9446 = DIRECTION('',(-0.,-1.));
#9447 = ( GEOMETRIC_REPRESENTATION_CONTEXT(2) 
PARAMETRIC_REPRESENTATION_CONTEXT() REPRESENTATION_CONTEXT('2D SPACE',''
  ) );
#9448 = ORIENTED_EDGE('',*,*,#9051,.T.);
#9449 = ORIENTED_EDGE('',*,*,#9428,.F.);
#9450 = ORIENTED_EDGE('',*,*,#9282,.F.);
#9451 = ( GEOMETRIC_REPRESENTATION_CONTEXT(3) 
GLOBAL_UNCERTAINTY_ASSIGNED_CONTEXT((#9455)) 
GLOBAL_UNIT_ASSIGNED_CONTEXT((#9452,#9453,#9454)) REPRESENTATION_CONTEXT
('Context #1','3D Context with UNIT and UNCERTAINTY') );
#9452 = ( LENGTH_UNIT() NAMED_UNIT(*) SI_UNIT(.MILLI.,.METRE.) );
#9453 = ( NAMED_UNIT(*) PLANE_ANGLE_UNIT() SI_UNIT($,.RADIAN.) );
#9454 = ( NAMED_UNIT(*) SI_UNIT($,.STERADIAN.) SOLID_ANGLE_UNIT() );
#9455 = UNCERTAINTY_MEASURE_WITH_UNIT(LENGTH_MEASURE(1.E-07),#9452,
  'distance_accuracy_value','confusion accuracy');
#9456 = CONTEXT_DEPENDENT_SHAPE_REPRESENTATION(#9457,#9459);
#9457 = ( REPRESENTATION_RELATIONSHIP('','',#8660,#10) 
REPRESENTATION_RELATIONSHIP_WITH_TRANSFORMATION(#9458) 
SHAPE_REPRESENTATION_RELATIONSHIP() );
#9458 = ITEM_DEFINED_TRANSFORMATION('','',#11,#47);
#9459 = PRODUCT_DEFINITION_SHAPE('Placement','Placement of an item',
  #9460);
#9460 = NEXT_ASSEMBLY_USAGE_OCCURRENCE('9','26_az_motor_mount','',#5,
  #8655,$);
#9461 = PRODUCT_RELATED_PRODUCT_CATEGORY('part',$,(#8657));
#9462 = SHAPE_DEFINITION_REPRESENTATION(#9463,#9469);
#9463 = PRODUCT_DEFINITION_SHAPE('','',#9464);
#9464 = PRODUCT_DEFINITION('design','',#9465,#9468);
#9465 = PRODUCT_DEFINITION_FORMATION('','',#9466);
#9466 = PRODUCT('27_az_motor_envelope','27_az_motor_envelope','',(#9467)
  );
#9467 = PRODUCT_CONTEXT('',#2,'mechanical');
#9468 = PRODUCT_DEFINITION_CONTEXT('part definition',#2,'design');
#9469 = ADVANCED_BREP_SHAPE_REPRESENTATION('',(#11,#9470),#9568);
#9470 = MANIFOLD_SOLID_BREP('',#9471);
#9471 = CLOSED_SHELL('',(#9472,#9560,#9564));
#9472 = ADVANCED_FACE('',(#9473),#9486,.T.);
#9473 = FACE_BOUND('',#9474,.T.);
#9474 = EDGE_LOOP('',(#9475,#9509,#9532,#9559));
#9475 = ORIENTED_EDGE('',*,*,#9476,.T.);
#9476 = EDGE_CURVE('',#9477,#9477,#9479,.T.);
#9477 = VERTEX_POINT('',#9478);
#9478 = CARTESIAN_POINT('',(35.,0.,-31.));
#9479 = SURFACE_CURVE('',#9480,(#9485,#9497),.PCURVE_S1.);
#9480 = CIRCLE('',#9481,35.);
#9481 = AXIS2_PLACEMENT_3D('',#9482,#9483,#9484);
#9482 = CARTESIAN_POINT('',(0.,0.,-31.));
#9483 = DIRECTION('',(0.,0.,1.));
#9484 = DIRECTION('',(1.,0.,-0.));
#9485 = PCURVE('',#9486,#9491);
#9486 = CYLINDRICAL_SURFACE('',#9487,35.);
#9487 = AXIS2_PLACEMENT_3D('',#9488,#9489,#9490);
#9488 = CARTESIAN_POINT('',(0.,0.,-31.));
#9489 = DIRECTION('',(-0.,-0.,-1.));
#9490 = DIRECTION('',(1.,0.,0.));
#9491 = DEFINITIONAL_REPRESENTATION('',(#9492),#9496);
#9492 = LINE('',#9493,#9494);
#9493 = CARTESIAN_POINT('',(6.28318530718,0.));
#9494 = VECTOR('',#9495,1.);
#9495 = DIRECTION('',(-1.,0.));
#9496 = ( GEOMETRIC_REPRESENTATION_CONTEXT(2) 
PARAMETRIC_REPRESENTATION_CONTEXT() REPRESENTATION_CONTEXT('2D SPACE',''
  ) );
#9497 = PCURVE('',#9498,#9503);
#9498 = PLANE('',#9499);
#9499 = AXIS2_PLACEMENT_3D('',#9500,#9501,#9502);
#9500 = CARTESIAN_POINT('',(2.84217094304E-14,0.,-31.));
#9501 = DIRECTION('',(0.,0.,1.));
#9502 = DIRECTION('',(1.,0.,-0.));
#9503 = DEFINITIONAL_REPRESENTATION('',(#9504),#9508);
#9504 = CIRCLE('',#9505,35.);
#9505 = AXIS2_PLACEMENT_2D('',#9506,#9507);
#9506 = CARTESIAN_POINT('',(-2.84217094304E-14,0.));
#9507 = DIRECTION('',(1.,0.));
#9508 = ( GEOMETRIC_REPRESENTATION_CONTEXT(2) 
PARAMETRIC_REPRESENTATION_CONTEXT() REPRESENTATION_CONTEXT('2D SPACE',''
  ) );
#9509 = ORIENTED_EDGE('',*,*,#9510,.T.);
#9510 = EDGE_CURVE('',#9477,#9511,#9513,.T.);
#9511 = VERTEX_POINT('',#9512);
#9512 = CARTESIAN_POINT('',(35.,0.,31.));
#9513 = SEAM_CURVE('',#9514,(#9518,#9525),.PCURVE_S1.);
#9514 = LINE('',#9515,#9516);
#9515 = CARTESIAN_POINT('',(35.,0.,-31.));
#9516 = VECTOR('',#9517,1.);
#9517 = DIRECTION('',(0.,0.,1.));
#9518 = PCURVE('',#9486,#9519);
#9519 = DEFINITIONAL_REPRESENTATION('',(#9520),#9524);
#9520 = LINE('',#9521,#9522);
#9521 = CARTESIAN_POINT('',(-4.138911435803E-13,0.));
#9522 = VECTOR('',#9523,1.);
#9523 = DIRECTION('',(-0.,-1.));
#9524 = ( GEOMETRIC_REPRESENTATION_CONTEXT(2) 
PARAMETRIC_REPRESENTATION_CONTEXT() REPRESENTATION_CONTEXT('2D SPACE',''
  ) );
#9525 = PCURVE('',#9486,#9526);
#9526 = DEFINITIONAL_REPRESENTATION('',(#9527),#9531);
#9527 = LINE('',#9528,#9529);
#9528 = CARTESIAN_POINT('',(6.28318530718,0.));
#9529 = VECTOR('',#9530,1.);
#9530 = DIRECTION('',(-0.,-1.));
#9531 = ( GEOMETRIC_REPRESENTATION_CONTEXT(2) 
PARAMETRIC_REPRESENTATION_CONTEXT() REPRESENTATION_CONTEXT('2D SPACE',''
  ) );
#9532 = ORIENTED_EDGE('',*,*,#9533,.F.);
#9533 = EDGE_CURVE('',#9511,#9511,#9534,.T.);
#9534 = SURFACE_CURVE('',#9535,(#9540,#9547),.PCURVE_S1.);
#9535 = CIRCLE('',#9536,35.);
#9536 = AXIS2_PLACEMENT_3D('',#9537,#9538,#9539);
#9537 = CARTESIAN_POINT('',(0.,0.,31.));
#9538 = DIRECTION('',(0.,0.,1.));
#9539 = DIRECTION('',(1.,0.,-0.));
#9540 = PCURVE('',#9486,#9541);
#9541 = DEFINITIONAL_REPRESENTATION('',(#9542),#9546);
#9542 = LINE('',#9543,#9544);
#9543 = CARTESIAN_POINT('',(6.28318530718,-62.));
#9544 = VECTOR('',#9545,1.);
#9545 = DIRECTION('',(-1.,0.));
#9546 = ( GEOMETRIC_REPRESENTATION_CONTEXT(2) 
PARAMETRIC_REPRESENTATION_CONTEXT() REPRESENTATION_CONTEXT('2D SPACE',''
  ) );
#9547 = PCURVE('',#9548,#9553);
#9548 = PLANE('',#9549);
#9549 = AXIS2_PLACEMENT_3D('',#9550,#9551,#9552);
#9550 = CARTESIAN_POINT('',(2.84217094304E-14,0.,31.));
#9551 = DIRECTION('',(0.,0.,1.));
#9552 = DIRECTION('',(1.,0.,-0.));
#9553 = DEFINITIONAL_REPRESENTATION('',(#9554),#9558);
#9554 = CIRCLE('',#9555,35.);
#9555 = AXIS2_PLACEMENT_2D('',#9556,#9557);
#9556 = CARTESIAN_POINT('',(-2.84217094304E-14,0.));
#9557 = DIRECTION('',(1.,0.));
#9558 = ( GEOMETRIC_REPRESENTATION_CONTEXT(2) 
PARAMETRIC_REPRESENTATION_CONTEXT() REPRESENTATION_CONTEXT('2D SPACE',''
  ) );
#9559 = ORIENTED_EDGE('',*,*,#9510,.F.);
#9560 = ADVANCED_FACE('',(#9561),#9498,.F.);
#9561 = FACE_BOUND('',#9562,.F.);
#9562 = EDGE_LOOP('',(#9563));
#9563 = ORIENTED_EDGE('',*,*,#9476,.T.);
#9564 = ADVANCED_FACE('',(#9565),#9548,.T.);
#9565 = FACE_BOUND('',#9566,.T.);
#9566 = EDGE_LOOP('',(#9567));
#9567 = ORIENTED_EDGE('',*,*,#9533,.T.);
#9568 = ( GEOMETRIC_REPRESENTATION_CONTEXT(3) 
GLOBAL_UNCERTAINTY_ASSIGNED_CONTEXT((#9572)) 
GLOBAL_UNIT_ASSIGNED_CONTEXT((#9569,#9570,#9571)) REPRESENTATION_CONTEXT
('Context #1','3D Context with UNIT and UNCERTAINTY') );
#9569 = ( LENGTH_UNIT() NAMED_UNIT(*) SI_UNIT(.MILLI.,.METRE.) );
#9570 = ( NAMED_UNIT(*) PLANE_ANGLE_UNIT() SI_UNIT($,.RADIAN.) );
#9571 = ( NAMED_UNIT(*) SI_UNIT($,.STERADIAN.) SOLID_ANGLE_UNIT() );
#9572 = UNCERTAINTY_MEASURE_WITH_UNIT(LENGTH_MEASURE(1.E-07),#9569,
  'distance_accuracy_value','confusion accuracy');
#9573 = CONTEXT_DEPENDENT_SHAPE_REPRESENTATION(#9574,#9576);
#9574 = ( REPRESENTATION_RELATIONSHIP('','',#9469,#10) 
REPRESENTATION_RELATIONSHIP_WITH_TRANSFORMATION(#9575) 
SHAPE_REPRESENTATION_RELATIONSHIP() );
#9575 = ITEM_DEFINED_TRANSFORMATION('','',#11,#51);
#9576 = PRODUCT_DEFINITION_SHAPE('Placement','Placement of an item',
  #9577);
#9577 = NEXT_ASSEMBLY_USAGE_OCCURRENCE('10','27_az_motor_envelope','',#5
  ,#9464,$);
#9578 = PRODUCT_RELATED_PRODUCT_CATEGORY('part',$,(#9466));
#9579 = SHAPE_DEFINITION_REPRESENTATION(#9580,#9586);
#9580 = PRODUCT_DEFINITION_SHAPE('','',#9581);
#9581 = PRODUCT_DEFINITION('design','',#9582,#9585);
#9582 = PRODUCT_DEFINITION_FORMATION('','',#9583);
#9583 = PRODUCT('28_az_pinion_blank','28_az_pinion_blank','',(#9584));
#9584 = PRODUCT_CONTEXT('',#2,'mechanical');
#9585 = PRODUCT_DEFINITION_CONTEXT('part definition',#2,'design');
#9586 = ADVANCED_BREP_SHAPE_REPRESENTATION('',(#11,#9587),#9775);
#9587 = MANIFOLD_SOLID_BREP('',#9588);
#9588 = CLOSED_SHELL('',(#9589,#9677,#9712,#9716,#9771));
#9589 = ADVANCED_FACE('',(#9590),#9603,.T.);
#9590 = FACE_BOUND('',#9591,.T.);
#9591 = EDGE_LOOP('',(#9592,#9626,#9649,#9676));
#9592 = ORIENTED_EDGE('',*,*,#9593,.T.);
#9593 = EDGE_CURVE('',#9594,#9594,#9596,.T.);
#9594 = VERTEX_POINT('',#9595);
#9595 = CARTESIAN_POINT('',(16.,0.,24.));
#9596 = SURFACE_CURVE('',#9597,(#9602,#9614),.PCURVE_S1.);
#9597 = CIRCLE('',#9598,16.);
#9598 = AXIS2_PLACEMENT_3D('',#9599,#9600,#9601);
#9599 = CARTESIAN_POINT('',(0.,0.,24.));
#9600 = DIRECTION('',(0.,0.,1.));
#9601 = DIRECTION('',(1.,0.,-0.));
#9602 = PCURVE('',#9603,#9608);
#9603 = CYLINDRICAL_SURFACE('',#9604,16.);
#9604 = AXIS2_PLACEMENT_3D('',#9605,#9606,#9607);
#9605 = CARTESIAN_POINT('',(0.,0.,24.));
#9606 = DIRECTION('',(-0.,-0.,-1.));
#9607 = DIRECTION('',(1.,0.,0.));
#9608 = DEFINITIONAL_REPRESENTATION('',(#9609),#9613);
#9609 = LINE('',#9610,#9611);
#9610 = CARTESIAN_POINT('',(6.28318530718,0.));
#9611 = VECTOR('',#9612,1.);
#9612 = DIRECTION('',(-1.,0.));
#9613 = ( GEOMETRIC_REPRESENTATION_CONTEXT(2) 
PARAMETRIC_REPRESENTATION_CONTEXT() REPRESENTATION_CONTEXT('2D SPACE',''
  ) );
#9614 = PCURVE('',#9615,#9620);
#9615 = PLANE('',#9616);
#9616 = AXIS2_PLACEMENT_3D('',#9617,#9618,#9619);
#9617 = CARTESIAN_POINT('',(0.,2.84217094304E-14,24.));
#9618 = DIRECTION('',(0.,0.,1.));
#9619 = DIRECTION('',(1.,0.,-0.));
#9620 = DEFINITIONAL_REPRESENTATION('',(#9621),#9625);
#9621 = CIRCLE('',#9622,16.);
#9622 = AXIS2_PLACEMENT_2D('',#9623,#9624);
#9623 = CARTESIAN_POINT('',(0.,-2.84217094304E-14));
#9624 = DIRECTION('',(1.,0.));
#9625 = ( GEOMETRIC_REPRESENTATION_CONTEXT(2) 
PARAMETRIC_REPRESENTATION_CONTEXT() REPRESENTATION_CONTEXT('2D SPACE',''
  ) );
#9626 = ORIENTED_EDGE('',*,*,#9627,.T.);
#9627 = EDGE_CURVE('',#9594,#9628,#9630,.T.);
#9628 = VERTEX_POINT('',#9629);
#9629 = CARTESIAN_POINT('',(16.,0.,34.));
#9630 = SEAM_CURVE('',#9631,(#9635,#9642),.PCURVE_S1.);
#9631 = LINE('',#9632,#9633);
#9632 = CARTESIAN_POINT('',(16.,0.,24.));
#9633 = VECTOR('',#9634,1.);
#9634 = DIRECTION('',(0.,0.,1.));
#9635 = PCURVE('',#9603,#9636);
#9636 = DEFINITIONAL_REPRESENTATION('',(#9637),#9641);
#9637 = LINE('',#9638,#9639);
#9638 = CARTESIAN_POINT('',(-4.138911435803E-13,0.));
#9639 = VECTOR('',#9640,1.);
#9640 = DIRECTION('',(-0.,-1.));
#9641 = ( GEOMETRIC_REPRESENTATION_CONTEXT(2) 
PARAMETRIC_REPRESENTATION_CONTEXT() REPRESENTATION_CONTEXT('2D SPACE',''
  ) );
#9642 = PCURVE('',#9603,#9643);
#9643 = DEFINITIONAL_REPRESENTATION('',(#9644),#9648);
#9644 = LINE('',#9645,#9646);
#9645 = CARTESIAN_POINT('',(6.28318530718,0.));
#9646 = VECTOR('',#9647,1.);
#9647 = DIRECTION('',(-0.,-1.));
#9648 = ( GEOMETRIC_REPRESENTATION_CONTEXT(2) 
PARAMETRIC_REPRESENTATION_CONTEXT() REPRESENTATION_CONTEXT('2D SPACE',''
  ) );
#9649 = ORIENTED_EDGE('',*,*,#9650,.F.);
#9650 = EDGE_CURVE('',#9628,#9628,#9651,.T.);
#9651 = SURFACE_CURVE('',#9652,(#9657,#9664),.PCURVE_S1.);
#9652 = CIRCLE('',#9653,16.);
#9653 = AXIS2_PLACEMENT_3D('',#9654,#9655,#9656);
#9654 = CARTESIAN_POINT('',(0.,0.,34.));
#9655 = DIRECTION('',(0.,0.,1.));
#9656 = DIRECTION('',(1.,0.,-0.));
#9657 = PCURVE('',#9603,#9658);
#9658 = DEFINITIONAL_REPRESENTATION('',(#9659),#9663);
#9659 = LINE('',#9660,#9661);
#9660 = CARTESIAN_POINT('',(6.28318530718,-10.));
#9661 = VECTOR('',#9662,1.);
#9662 = DIRECTION('',(-1.,0.));
#9663 = ( GEOMETRIC_REPRESENTATION_CONTEXT(2) 
PARAMETRIC_REPRESENTATION_CONTEXT() REPRESENTATION_CONTEXT('2D SPACE',''
  ) );
#9664 = PCURVE('',#9665,#9670);
#9665 = PLANE('',#9666);
#9666 = AXIS2_PLACEMENT_3D('',#9667,#9668,#9669);
#9667 = CARTESIAN_POINT('',(0.,2.84217094304E-14,34.));
#9668 = DIRECTION('',(0.,0.,1.));
#9669 = DIRECTION('',(1.,0.,-0.));
#9670 = DEFINITIONAL_REPRESENTATION('',(#9671),#9675);
#9671 = CIRCLE('',#9672,16.);
#9672 = AXIS2_PLACEMENT_2D('',#9673,#9674);
#9673 = CARTESIAN_POINT('',(0.,-2.84217094304E-14));
#9674 = DIRECTION('',(1.,0.));
#9675 = ( GEOMETRIC_REPRESENTATION_CONTEXT(2) 
PARAMETRIC_REPRESENTATION_CONTEXT() REPRESENTATION_CONTEXT('2D SPACE',''
  ) );
#9676 = ORIENTED_EDGE('',*,*,#9627,.F.);
#9677 = ADVANCED_FACE('',(#9678,#9681),#9615,.F.);
#9678 = FACE_BOUND('',#9679,.F.);
#9679 = EDGE_LOOP('',(#9680));
#9680 = ORIENTED_EDGE('',*,*,#9593,.T.);
#9681 = FACE_BOUND('',#9682,.F.);
#9682 = EDGE_LOOP('',(#9683));
#9683 = ORIENTED_EDGE('',*,*,#9684,.F.);
#9684 = EDGE_CURVE('',#9685,#9685,#9687,.T.);
#9685 = VERTEX_POINT('',#9686);
#9686 = CARTESIAN_POINT('',(10.,0.,24.));
#9687 = SURFACE_CURVE('',#9688,(#9693,#9700),.PCURVE_S1.);
#9688 = CIRCLE('',#9689,10.);
#9689 = AXIS2_PLACEMENT_3D('',#9690,#9691,#9692);
#9690 = CARTESIAN_POINT('',(0.,0.,24.));
#9691 = DIRECTION('',(0.,0.,1.));
#9692 = DIRECTION('',(1.,0.,-0.));
#9693 = PCURVE('',#9615,#9694);
#9694 = DEFINITIONAL_REPRESENTATION('',(#9695),#9699);
#9695 = CIRCLE('',#9696,10.);
#9696 = AXIS2_PLACEMENT_2D('',#9697,#9698);
#9697 = CARTESIAN_POINT('',(0.,-2.84217094304E-14));
#9698 = DIRECTION('',(1.,0.));
#9699 = ( GEOMETRIC_REPRESENTATION_CONTEXT(2) 
PARAMETRIC_REPRESENTATION_CONTEXT() REPRESENTATION_CONTEXT('2D SPACE',''
  ) );
#9700 = PCURVE('',#9701,#9706);
#9701 = CYLINDRICAL_SURFACE('',#9702,10.);
#9702 = AXIS2_PLACEMENT_3D('',#9703,#9704,#9705);
#9703 = CARTESIAN_POINT('',(0.,0.,-34.));
#9704 = DIRECTION('',(-0.,-0.,-1.));
#9705 = DIRECTION('',(1.,0.,0.));
#9706 = DEFINITIONAL_REPRESENTATION('',(#9707),#9711);
#9707 = LINE('',#9708,#9709);
#9708 = CARTESIAN_POINT('',(6.28318530718,-58.));
#9709 = VECTOR('',#9710,1.);
#9710 = DIRECTION('',(-1.,0.));
#9711 = ( GEOMETRIC_REPRESENTATION_CONTEXT(2) 
PARAMETRIC_REPRESENTATION_CONTEXT() REPRESENTATION_CONTEXT('2D SPACE',''
  ) );
#9712 = ADVANCED_FACE('',(#9713),#9665,.T.);
#9713 = FACE_BOUND('',#9714,.T.);
#9714 = EDGE_LOOP('',(#9715));
#9715 = ORIENTED_EDGE('',*,*,#9650,.T.);
#9716 = ADVANCED_FACE('',(#9717),#9701,.T.);
#9717 = FACE_BOUND('',#9718,.T.);
#9718 = EDGE_LOOP('',(#9719,#9748,#9769,#9770));
#9719 = ORIENTED_EDGE('',*,*,#9720,.T.);
#9720 = EDGE_CURVE('',#9721,#9721,#9723,.T.);
#9721 = VERTEX_POINT('',#9722);
#9722 = CARTESIAN_POINT('',(10.,0.,-34.));
#9723 = SURFACE_CURVE('',#9724,(#9729,#9736),.PCURVE_S1.);
#9724 = CIRCLE('',#9725,10.);
#9725 = AXIS2_PLACEMENT_3D('',#9726,#9727,#9728);
#9726 = CARTESIAN_POINT('',(0.,0.,-34.));
#9727 = DIRECTION('',(0.,0.,1.));
#9728 = DIRECTION('',(1.,0.,-0.));
#9729 = PCURVE('',#9701,#9730);
#9730 = DEFINITIONAL_REPRESENTATION('',(#9731),#9735);
#9731 = LINE('',#9732,#9733);
#9732 = CARTESIAN_POINT('',(6.28318530718,0.));
#9733 = VECTOR('',#9734,1.);
#9734 = DIRECTION('',(-1.,0.));
#9735 = ( GEOMETRIC_REPRESENTATION_CONTEXT(2) 
PARAMETRIC_REPRESENTATION_CONTEXT() REPRESENTATION_CONTEXT('2D SPACE',''
  ) );
#9736 = PCURVE('',#9737,#9742);
#9737 = PLANE('',#9738);
#9738 = AXIS2_PLACEMENT_3D('',#9739,#9740,#9741);
#9739 = CARTESIAN_POINT('',(0.,0.,-34.));
#9740 = DIRECTION('',(0.,0.,1.));
#9741 = DIRECTION('',(1.,0.,-0.));
#9742 = DEFINITIONAL_REPRESENTATION('',(#9743),#9747);
#9743 = CIRCLE('',#9744,10.);
#9744 = AXIS2_PLACEMENT_2D('',#9745,#9746);
#9745 = CARTESIAN_POINT('',(0.,0.));
#9746 = DIRECTION('',(1.,0.));
#9747 = ( GEOMETRIC_REPRESENTATION_CONTEXT(2) 
PARAMETRIC_REPRESENTATION_CONTEXT() REPRESENTATION_CONTEXT('2D SPACE',''
  ) );
#9748 = ORIENTED_EDGE('',*,*,#9749,.T.);
#9749 = EDGE_CURVE('',#9721,#9685,#9750,.T.);
#9750 = SEAM_CURVE('',#9751,(#9755,#9762),.PCURVE_S1.);
#9751 = LINE('',#9752,#9753);
#9752 = CARTESIAN_POINT('',(10.,0.,-34.));
#9753 = VECTOR('',#9754,1.);
#9754 = DIRECTION('',(0.,0.,1.));
#9755 = PCURVE('',#9701,#9756);
#9756 = DEFINITIONAL_REPRESENTATION('',(#9757),#9761);
#9757 = LINE('',#9758,#9759);
#9758 = CARTESIAN_POINT('',(-4.138911435803E-13,0.));
#9759 = VECTOR('',#9760,1.);
#9760 = DIRECTION('',(-0.,-1.));
#9761 = ( GEOMETRIC_REPRESENTATION_CONTEXT(2) 
PARAMETRIC_REPRESENTATION_CONTEXT() REPRESENTATION_CONTEXT('2D SPACE',''
  ) );
#9762 = PCURVE('',#9701,#9763);
#9763 = DEFINITIONAL_REPRESENTATION('',(#9764),#9768);
#9764 = LINE('',#9765,#9766);
#9765 = CARTESIAN_POINT('',(6.28318530718,0.));
#9766 = VECTOR('',#9767,1.);
#9767 = DIRECTION('',(-0.,-1.));
#9768 = ( GEOMETRIC_REPRESENTATION_CONTEXT(2) 
PARAMETRIC_REPRESENTATION_CONTEXT() REPRESENTATION_CONTEXT('2D SPACE',''
  ) );
#9769 = ORIENTED_EDGE('',*,*,#9684,.F.);
#9770 = ORIENTED_EDGE('',*,*,#9749,.F.);
#9771 = ADVANCED_FACE('',(#9772),#9737,.F.);
#9772 = FACE_BOUND('',#9773,.F.);
#9773 = EDGE_LOOP('',(#9774));
#9774 = ORIENTED_EDGE('',*,*,#9720,.T.);
#9775 = ( GEOMETRIC_REPRESENTATION_CONTEXT(3) 
GLOBAL_UNCERTAINTY_ASSIGNED_CONTEXT((#9779)) 
GLOBAL_UNIT_ASSIGNED_CONTEXT((#9776,#9777,#9778)) REPRESENTATION_CONTEXT
('Context #1','3D Context with UNIT and UNCERTAINTY') );
#9776 = ( LENGTH_UNIT() NAMED_UNIT(*) SI_UNIT(.MILLI.,.METRE.) );
#9777 = ( NAMED_UNIT(*) PLANE_ANGLE_UNIT() SI_UNIT($,.RADIAN.) );
#9778 = ( NAMED_UNIT(*) SI_UNIT($,.STERADIAN.) SOLID_ANGLE_UNIT() );
#9779 = UNCERTAINTY_MEASURE_WITH_UNIT(LENGTH_MEASURE(1.E-07),#9776,
  'distance_accuracy_value','confusion accuracy');
#9780 = CONTEXT_DEPENDENT_SHAPE_REPRESENTATION(#9781,#9783);
#9781 = ( REPRESENTATION_RELATIONSHIP('','',#9586,#10) 
REPRESENTATION_RELATIONSHIP_WITH_TRANSFORMATION(#9782) 
SHAPE_REPRESENTATION_RELATIONSHIP() );
#9782 = ITEM_DEFINED_TRANSFORMATION('','',#11,#55);
#9783 = PRODUCT_DEFINITION_SHAPE('Placement','Placement of an item',
  #9784);
#9784 = NEXT_ASSEMBLY_USAGE_OCCURRENCE('11','28_az_pinion_blank','',#5,
  #9581,$);
#9785 = PRODUCT_RELATED_PRODUCT_CATEGORY('part',$,(#9583));
#9786 = MECHANICAL_DESIGN_GEOMETRIC_PRESENTATION_REPRESENTATION('',(
    #9787),#3701);
#9787 = STYLED_ITEM('color',(#9788),#3519);
#9788 = PRESENTATION_STYLE_ASSIGNMENT((#9789));
#9789 = SURFACE_STYLE_USAGE(.BOTH.,#9790);
#9790 = SURFACE_SIDE_STYLE('',(#9791));
#9791 = SURFACE_STYLE_FILL_AREA(#9792);
#9792 = FILL_AREA_STYLE('',(#9793));
#9793 = FILL_AREA_STYLE_COLOUR('',#9794);
#9794 = COLOUR_RGB('',0.270000000334,0.380000002513,0.460000000054);
#9795 = MECHANICAL_DESIGN_GEOMETRIC_PRESENTATION_REPRESENTATION('',(
    #9796),#9775);
#9796 = STYLED_ITEM('color',(#9797),#9587);
#9797 = PRESENTATION_STYLE_ASSIGNMENT((#9798));
#9798 = SURFACE_STYLE_USAGE(.BOTH.,#9799);
#9799 = SURFACE_SIDE_STYLE('',(#9800));
#9800 = SURFACE_STYLE_FILL_AREA(#9801);
#9801 = FILL_AREA_STYLE('',(#9802));
#9802 = FILL_AREA_STYLE_COLOUR('',#9803);
#9803 = COLOUR_RGB('',0.199999998682,0.259999998834,0.319999999843);
#9804 = MECHANICAL_DESIGN_GEOMETRIC_PRESENTATION_REPRESENTATION('',(
    #9805),#9568);
#9805 = STYLED_ITEM('color',(#9806),#9470);
#9806 = PRESENTATION_STYLE_ASSIGNMENT((#9807));
#9807 = SURFACE_STYLE_USAGE(.BOTH.,#9808);
#9808 = SURFACE_SIDE_STYLE('',(#9809));
#9809 = SURFACE_STYLE_FILL_AREA(#9810);
#9810 = FILL_AREA_STYLE('',(#9811));
#9811 = FILL_AREA_STYLE_COLOUR('',#9803);
#9812 = MECHANICAL_DESIGN_GEOMETRIC_PRESENTATION_REPRESENTATION('',(
    #9813),#9451);
#9813 = STYLED_ITEM('color',(#9814),#8661);
#9814 = PRESENTATION_STYLE_ASSIGNMENT((#9815));
#9815 = SURFACE_STYLE_USAGE(.BOTH.,#9816);
#9816 = SURFACE_SIDE_STYLE('',(#9817));
#9817 = SURFACE_STYLE_FILL_AREA(#9818);
#9818 = FILL_AREA_STYLE('',(#9819));
#9819 = FILL_AREA_STYLE_COLOUR('',#9820);
#9820 = COLOUR_RGB('',0.800000010877,0.649999988539,0.369999997777);
#9821 = MECHANICAL_DESIGN_GEOMETRIC_PRESENTATION_REPRESENTATION('',(
    #9822),#8642);
#9822 = STYLED_ITEM('color',(#9823),#7484);
#9823 = PRESENTATION_STYLE_ASSIGNMENT((#9824));
#9824 = SURFACE_STYLE_USAGE(.BOTH.,#9825);
#9825 = SURFACE_SIDE_STYLE('',(#9826));
#9826 = SURFACE_STYLE_FILL_AREA(#9827);
#9827 = FILL_AREA_STYLE('',(#9828));
#9828 = FILL_AREA_STYLE_COLOUR('',#9829);
#9829 = COLOUR_RGB('',0.610000008801,0.670000002606,0.729999995167);
#9830 = MECHANICAL_DESIGN_GEOMETRIC_PRESENTATION_REPRESENTATION('',(
    #9831),#5600);
#9831 = STYLED_ITEM('color',(#9832),#4682);
#9832 = PRESENTATION_STYLE_ASSIGNMENT((#9833));
#9833 = SURFACE_STYLE_USAGE(.BOTH.,#9834);
#9834 = SURFACE_SIDE_STYLE('',(#9835));
#9835 = SURFACE_STYLE_FILL_AREA(#9836);
#9836 = FILL_AREA_STYLE('',(#9837));
#9837 = FILL_AREA_STYLE_COLOUR('',#9829);
#9838 = MECHANICAL_DESIGN_GEOMETRIC_PRESENTATION_REPRESENTATION('',(
    #9839),#4663);
#9839 = STYLED_ITEM('color',(#9840),#3929);
#9840 = PRESENTATION_STYLE_ASSIGNMENT((#9841));
#9841 = SURFACE_STYLE_USAGE(.BOTH.,#9842);
#9842 = SURFACE_SIDE_STYLE('',(#9843));
#9843 = SURFACE_STYLE_FILL_AREA(#9844);
#9844 = FILL_AREA_STYLE('',(#9845));
#9845 = FILL_AREA_STYLE_COLOUR('',#9846);
#9846 = COLOUR_RGB('',0.369999997777,0.509999995177,0.590000005974);
#9847 = MECHANICAL_DESIGN_GEOMETRIC_PRESENTATION_REPRESENTATION('',(
    #9848),#2563);
#9848 = STYLED_ITEM('color',(#9849),#73);
#9849 = PRESENTATION_STYLE_ASSIGNMENT((#9850));
#9850 = SURFACE_STYLE_USAGE(.BOTH.,#9851);
#9851 = SURFACE_SIDE_STYLE('',(#9852));
#9852 = SURFACE_STYLE_FILL_AREA(#9853);
#9853 = FILL_AREA_STYLE('',(#9854));
#9854 = FILL_AREA_STYLE_COLOUR('',#9855);
#9855 = COLOUR_RGB('',0.709999997415,0.750000000934,0.789999995908);
#9856 = MECHANICAL_DESIGN_GEOMETRIC_PRESENTATION_REPRESENTATION('',(
    #9857),#3500);
#9857 = STYLED_ITEM('color',(#9858),#2582);
#9858 = PRESENTATION_STYLE_ASSIGNMENT((#9859));
#9859 = SURFACE_STYLE_USAGE(.BOTH.,#9860);
#9860 = SURFACE_SIDE_STYLE('',(#9861));
#9861 = SURFACE_STYLE_FILL_AREA(#9862);
#9862 = FILL_AREA_STYLE('',(#9863));
#9863 = FILL_AREA_STYLE_COLOUR('',#9794);
#9864 = MECHANICAL_DESIGN_GEOMETRIC_PRESENTATION_REPRESENTATION('',(
    #9865),#7465);
#9865 = STYLED_ITEM('color',(#9866),#5619);
#9866 = PRESENTATION_STYLE_ASSIGNMENT((#9867));
#9867 = SURFACE_STYLE_USAGE(.BOTH.,#9868);
#9868 = SURFACE_SIDE_STYLE('',(#9869));
#9869 = SURFACE_STYLE_FILL_AREA(#9870);
#9870 = FILL_AREA_STYLE('',(#9871));
#9871 = FILL_AREA_STYLE_COLOUR('',#9829);
#9872 = MECHANICAL_DESIGN_GEOMETRIC_PRESENTATION_REPRESENTATION('',(
    #9873),#3910);
#9873 = STYLED_ITEM('color',(#9874),#3720);
#9874 = PRESENTATION_STYLE_ASSIGNMENT((#9875));
#9875 = SURFACE_STYLE_USAGE(.BOTH.,#9876);
#9876 = SURFACE_SIDE_STYLE('',(#9877));
#9877 = SURFACE_STYLE_FILL_AREA(#9878);
#9878 = FILL_AREA_STYLE('',(#9879));
#9879 = FILL_AREA_STYLE_COLOUR('',#9846);
ENDSEC;
END-ISO-10303-21;
